hist_oof,mlp_oof
86.90593816121361,78.35240939641639
57.19201879853221,62.44645832382709
86.99386440668839,82.628703448801
73.56329442341129,74.55477813912009
89.14154486911549,90.93372188313836
68.64535085889564,69.75220631345029
75.55800422939106,72.5049394126462
82.22655424503353,82.39082826111631
74.3114167598916,71.69672331410031
73.54187352094968,78.96645023950218
52.43958292048238,63.24578713801788
61.05584505045423,67.21078760225578
69.59371890075177,65.57999141573683
64.9528752828964,64.76592685463221
69.39433969290056,77.31764059031447
86.89264283467298,91.446388481006
82.23008560803362,88.98681765215753
86.36631433378132,86.10441932167339
62.08320850866117,60.50822185215355
84.94383303795058,82.59737491221061
88.22188496788239,82.31910030340174
58.59108435580068,58.88181403800456
73.01270878558498,70.40506939175697
90.19094761284494,87.14913365718664
65.605057123305,64.74225507782839
82.28889203306842,91.18238937010136
93.26308047802173,91.31090132973141
74.50989028796184,75.15276433253476
66.54922122237492,66.61699760961342
90.77432395393485,85.54354358740713
78.43477611139396,73.04026090644466
49.574725404169065,46.38581295123777
90.75287856875134,87.77890677850294
66.70793006486745,63.3452352530953
86.4026673107199,87.01149428284265
57.702945425481154,64.11305960807339
80.70039889799641,88.8534988028566
86.82646681101707,92.71589411060882
72.91974156513842,70.13779405410837
69.95233528163769,69.07086357981143
72.75464991275173,71.58987743700821
96.11932346384704,93.17537985801765
88.58583346487758,81.82403731196699
102.21376166368302,106.85118443412227
98.33184888537946,114.30504517595607
75.4731424775223,70.22776550366757
90.05939526852393,86.24758869599468
75.5709919315611,75.0948969125384
78.35655408054049,73.42758040982386
86.15951164424251,87.32175733325163
89.08366627085039,90.6653602839114
79.78136254670352,70.37111481923557
81.4183232599888,73.20435878125005
91.75691568058974,86.51496224052349
99.41286612182857,95.2866968923274
79.5626434616686,81.9420246145811
68.99319315763327,63.99645393714995
69.93354784835965,77.07786145612076
74.05920612149502,72.97024164204512
67.43968817457026,62.639631304773474
72.36412700910725,73.30366849217378
99.66876741451807,107.28521021030878
56.371717441195344,55.173551931218434
83.09096608619224,97.99088311322883
89.55763138034733,82.84151736901659
73.80576719752035,77.44597121507599
50.63014038792441,53.54444023045384
77.87685107698884,80.62038389754544
63.42863724715498,72.23268145579615
59.74964561089424,59.88240533087379
72.7985491382147,78.67963891456974
91.81014135399384,93.899872351028
60.01749533141815,61.963459746764045
69.9439111863591,70.39971258428052
73.05015928136774,66.59260280768217
75.90656580634636,71.02604118957112
74.8961951661121,78.0480552978774
85.35557626200695,78.41160395665847
80.52192337020256,78.3482343715031
84.80547771387612,88.3866740826354
69.27396921743673,74.39474868069598
86.99313712152816,89.09552092793444
83.64005233083167,91.4952943481109
77.04990937609732,81.67085083126608
55.51021201109096,60.98465634977045
56.55450556652401,57.29365038374857
70.24891110604815,78.13773419544566
85.89554005621305,80.29934091114934
93.37844938500008,88.45434702470742
69.47609669695426,74.07526688045876
71.86290137674251,83.83149784392752
71.70278764915783,72.56678450703751
87.07808526174671,80.99772995030273
72.07617098081191,82.85787621528479
58.136869264477056,61.15682294748683
74.54654054874449,77.00076750686038
50.57942815078674,51.71764228885391
88.21940377881812,96.19565684785836
77.28364151507068,79.52267576259568
84.98218988240498,89.50161757335736
73.7004502352114,69.90170464260889
93.630923788628,91.66970742190531
80.08983088588519,81.95559511786377
77.12358005982216,73.7603655032357
88.17905157832602,85.30225944602567
62.479696940294644,59.77816337495067
93.19597920724401,101.12129978927788
74.90176175340822,75.59447517612276
70.73389849255554,76.491144623726
66.23180047644024,71.79058184881117
79.08656691465137,80.37935367150075
86.85920059673522,87.17506768060451
96.0988379927815,109.60190068105886
85.14219937385863,89.44205948173041
77.22253752743826,84.2651876627913
75.30441016950452,71.09019791193991
80.18838513633294,87.66936007193402
89.82119323075175,78.74655332867307
63.59322922506774,56.50761218014376
89.83780392995328,82.73090527958108
77.81046174094101,76.89379673597003
74.495912283014,72.34826019256104
50.79899991785995,54.95120775565737
55.847005039354244,67.6031967788572
87.20992332189671,84.55633474155823
49.65350493047567,57.94279875143948
81.41623594404346,89.5274462236373
91.53690953308987,85.85079498630559
91.72487303960354,87.76292036954501
76.91388253647776,84.46774138887054
93.66987822390011,89.96809969773508
82.21121841467829,82.71487711803675
77.39339337761034,89.90924065190336
86.22242107283677,87.44183609579531
64.58502631408881,60.97107272384659
90.54780433348228,90.2065921044155
71.43909694593306,75.51518483539675
76.34049988637811,75.6445564389418
93.23096424617934,90.37962438025806
76.89453013749338,78.43640079521445
64.90691903721799,84.22704879761905
95.90211224940559,103.77612481603671
78.9203865709282,79.13792082076175
49.3824586360801,54.3068154227889
82.89414935082834,81.52975804862447
77.63484144805837,71.79321047948302
88.88220777422961,88.64292529512896
72.71758623403822,61.92539024555111
88.86750579618307,84.16055731046741
84.84660986875215,89.06557267921072
60.48535860112979,59.329698268391994
80.73938263441602,80.84592599561178
65.09479174303934,74.5436850890206
79.0991435188039,81.99696348499641
90.60759139350944,87.98705014578688
90.91936734902805,87.08934399717161
74.74768354914163,66.03923266470996
74.4281518888718,76.09278340735435
67.87747956241041,75.3247280929375
89.2278972821442,96.18655815776151
73.76752875510843,85.14135739526402
81.90865020467349,74.44955472544606
73.59833908671202,80.22738945598172
53.86350904832051,49.54533036634964
78.83243578314871,73.45115353998892
68.95654631025714,63.74136269021547
72.00403991998951,75.23123974467958
88.91493179582086,93.89179506360094
76.82142265374402,77.79713557050667
96.67207917230787,99.06221727391087
83.930493436923,82.69305549400725
88.6330582023035,96.11822446214592
69.66467536338507,69.91706431863231
95.04116008069917,96.53036357531495
78.232815300819,80.50409079819829
76.04912613996602,81.66457955431258
82.80720107933496,75.82660399389954
84.408618285988,91.49662371182336
93.91406688663179,86.85965587633537
71.55495329075899,82.4209949493648
58.573867384122416,68.62520338266407
76.23606395698552,66.2214881106766
79.09777713642492,71.20076278750291
67.69721648079653,74.82522963856846
85.09336145557727,83.83223348488737
82.17532018803479,78.92141756467299
77.05265856747708,77.1671311352884
93.82263271293928,96.39402755255031
63.68039571595306,72.97248464480636
71.65106933411397,73.3074914587166
81.91222647878985,77.97482700169581
74.3970086054189,76.19185431221688
52.78255402456095,53.59775312914171
65.54181526958897,65.01388989247053
84.73902175653804,76.75935703284648
64.56645961500101,65.68830652257789
90.93198780210265,93.6940675074014
84.56940556295375,90.94325037192677
92.88213654561551,99.23215611507344
67.97528355664724,66.04840065538065
70.24517075941989,70.05417410699029
79.48593812985416,77.50741847262114
72.54667090146097,68.4331653982811
50.19446533021238,53.92601264655992
65.62077571135275,72.0063078273859
78.45900017066576,81.64000222559964
79.70488174304778,87.9013461116688
95.96610423555366,108.53871994333825
58.8124111754456,63.3437539727674
80.97219853251447,79.3912952588157
69.3435926424353,72.84248786535466
73.05627646603246,69.3539614622458
74.79559315507713,84.30029189326294
81.50551425289927,81.75174356534787
69.52167644434654,71.29800702543137
85.32867107720831,73.66992295729533
69.80325447313292,80.80674962896745
88.95239151956221,97.64403020685634
50.4910785742285,61.75664841603725
75.33960030813735,71.71879210450304
76.9961171635398,76.21571301358252
74.67022781719841,64.68015210043363
67.22282910462002,68.01878144967557
80.2519985374981,75.31219723129789
94.67801689816399,90.38790561729364
55.265123153664504,61.1036056867513
92.12005840667574,86.34030217376116
76.5707505391719,75.45234678927608
87.5130010330362,95.3345708305585
87.57137033581019,90.31570793909889
55.014309598274195,61.323037205088426
87.34291798464739,83.72989927757025
83.81193186322734,81.54328625735101
68.35654675956714,63.18659775410937
67.34712596314235,72.5612415832138
80.24625335091666,74.46182095021864
63.40312839579547,59.2693662348509
80.05853538982439,77.67425117934276
92.846477520576,79.7900279764805
89.51239591003942,95.21190555011592
69.11058264683044,59.31180692501517
87.68902190645966,87.90363003636269
101.05690523157999,105.85379630355145
94.86042280378004,87.04985052076304
79.60816623692597,80.02274939520619
70.85642438400265,80.03890053537988
79.36647407987847,81.08160906143968
69.7295837909769,62.00912262720965
83.68608561736042,77.42742812914334
53.65704099750892,52.390157160138784
73.55218942130432,71.74495717525782
77.68072805051061,66.4373945486668
70.75572458184641,67.0249554420484
64.4626945680405,70.13276853794234
47.889796663208124,48.653685115966105
66.10266428588413,66.47489733554055
81.78358238452249,87.61261959216336
71.6790285497451,70.5643102714993
69.62038789862684,74.90097729542317
56.23161899467188,47.59148967755245
81.96198274705206,81.62627616600524
57.026636880184725,62.26586514152405
69.26130444094163,61.177748697657826
56.674772151051,60.81439889967666
76.53066491948516,80.43847841660524
82.91759104994274,89.98397533510486
77.80132629608339,76.87660600269993
66.293299588477,61.49843636834025
93.26129164259302,87.41690715426263
60.60811726286268,60.24146472052381
86.88910352719009,80.93827784735265
92.60122106460979,90.47519950829655
68.28667932854196,67.41750949431139
89.29339948722881,90.15794812382362
47.2540455083135,37.4744143765508
83.8261970069478,90.77994005774048
86.54884294438332,84.0921895894358
72.60565081379818,75.76943822182261
66.11691611786918,68.28715867460666
85.12377883787273,95.78702316977441
73.06986486121166,65.2976692521804
97.10432998629385,97.20030874770963
82.38266687297204,84.76360789273095
69.5300714706056,76.48800219487354
89.85047889154399,90.12562578721143
96.51577560525665,91.52340184143264
74.05734074693572,77.55054711404566
78.91107938160582,65.618163632929
66.02286009168984,72.09595779663222
76.1913898820347,81.48703807522188
59.67226036877025,61.222407142048255
88.36026021394527,90.24291117790314
60.17444503518479,67.28374159955982
86.63332576014776,86.89868559255584
64.88564703530557,56.56749842913257
56.76332653995338,50.007562865339224
59.273733575367785,59.31512603194753
55.4083602117256,61.90972203748349
71.1155445672324,81.81539348080221
59.03771992679832,62.0258890625123
80.49206435589039,81.75984908957624
90.7589438261786,87.11286573774134
73.95944015510676,70.32258487116799
89.88357701650749,87.90299728858716
73.08044631588243,68.0253054215306
99.43138804369944,101.48645332573099
78.33198958300575,73.71732588194895
79.72010698326571,90.1975059821039
83.56633197382959,80.99724858078832
76.82045039266153,77.97341549163224
85.91423355912386,87.5375632273591
95.23193738117996,94.1166765382324
61.03181103066746,58.66777070566532
89.75666765445351,82.18074373365582
89.12589104824573,86.75003972852602
62.59818040265037,53.72889424574367
89.83434437134865,88.24056395734327
65.40663216722852,64.78244662429586
91.92515045516228,86.92406997819555
64.08029308933797,71.92438412241027
73.55089852503558,67.00900710040038
68.7139935319038,69.75063398504247
81.4456582780902,76.24912543893913
71.2228149417955,74.47930572715391
76.06176601205469,77.44679236206534
85.83377602115169,86.93680760503952
86.52395021740416,80.75352758719788
74.15543706973186,74.64856877009089
75.60224055369855,73.11757019779445
74.65808198660915,79.14527451966003
67.92585383962906,70.22923370067542
89.87432047226027,85.79751108207608
76.37062546047456,77.97920869470663
61.9452520500125,63.15657026013876
77.73634452780973,76.1160891708368
70.46235221514453,71.24031839349522
96.76198174216634,95.97230262829869
83.07755307493315,85.05188719067479
71.15178059215167,76.23409467535569
90.4163919564202,84.52741577309732
82.22598144506205,76.39531294765865
63.79692516476933,76.63239207085128
68.41488456928352,74.37365489562272
82.07817114712027,75.79161956609977
76.47987131826287,72.42740799784406
88.39090931282955,82.26249716584348
53.1197703512945,51.947587912217315
68.14532059048057,70.89692794550548
79.7795877362236,71.03756242247216
70.86534181007053,71.70873785973602
97.7719984915104,99.41666688661054
88.07409730389175,83.57617283380523
69.16966168131363,64.81685911507697
71.06500624524841,73.70277205619817
82.924759992255,84.64747418354813
57.47119036177018,56.61243299321817
74.15212733660194,69.30741664601227
75.15307764645367,81.38394952988857
73.35969537399122,72.04452660003294
67.02134858650737,70.5864504811529
97.52882789536977,107.3780135701879
87.19673762079664,88.88221641836049
89.51729109240938,84.81884385190526
49.482712897847414,64.19262165991799
79.9606311558994,84.85274324737915
74.04353432606135,66.20700750767479
73.06113610497317,68.69950019152581
77.75016850720138,90.06234053641631
73.71721570720055,70.47661336804495
71.8249943469855,66.96579875441559
88.13964593247194,89.36146335848852
96.55959964379876,107.2694696520384
89.21837619456588,75.84931401705434
74.02554417739368,73.1466973120996
89.5529909378528,88.37886383330817
92.33637597822363,103.91264756674056
69.33040982311235,75.91546849289246
96.91127635391128,95.58516755931228
81.8896725416212,80.95616263554174
97.88403269736018,99.39616855384212
57.64678622835376,57.865068981059395
84.21918480662131,83.47179573386933
75.84904423487929,76.55375061181194
90.74010328067352,92.8153989840001
90.6346839001372,90.15668759497548
50.63985044630128,47.59130838356783
82.83465627071239,75.32125959015592
57.16388193558056,49.23983289223276
70.38098409073709,69.04022020040468
77.73140858104969,75.86129194358583
49.731000053129506,51.78786688146801
60.79942072723774,60.942894657124285
78.9639948593219,92.70806737253073
70.63685689422887,65.83752941635798
84.65470232570614,90.1808795478891
50.98689568154028,52.71168479494349
91.56307022764518,88.13566513173751
82.0412056967513,79.50744594403315
85.38389028231009,83.33170173050262
82.01198710584667,79.54843529346886
96.68569424482762,100.40894070394486
69.48057823221315,70.72971611855118
98.89953216301606,99.78414430887118
75.56818990796197,67.21064874933805
59.80857457400738,62.48760530972874
82.14340036476338,77.66347608717606
64.02953728999945,62.291220023724065
82.17644871342611,83.14440122308878
85.89284564936536,87.64839606180112
97.81536631568612,95.9849962140328
99.66480456223128,106.22146167336284
91.63161895121817,92.33592892663404
97.6945958341631,99.98893135124337
88.10100807513507,87.42535638159377
84.38004637083763,89.66729369724709
78.96511816074229,80.80927715359407
55.406839944054084,56.634862728553045
71.23619041872674,76.51214822997082
80.89353819899854,82.37515992596201
64.7850593327907,65.49221228769758
71.29621654298238,73.27756354155181
62.04848385488156,58.714388255635185
63.82009083707479,66.20106658029162
89.54742365000673,89.16571254463624
90.8814504090952,92.13094593194106
100.36588609836068,93.62069577378605
62.88828916803314,59.30611058248837
83.56910684774537,71.29546374860477
88.09969946463826,90.71322448598745
73.90375202981086,68.09249418321264
81.89756813754738,90.63633537986736
69.74144862834223,66.07186446263154
81.32446529921577,75.01645510102763
63.09060726856916,61.76322693797417
66.11487233955894,61.29851270870246
97.09136537714913,90.9049829170703
67.96548720872116,68.67168548023896
80.09463233217281,71.37484339674404
76.55266192133922,72.85113683764409
58.45919784470663,56.88698108626186
71.56769785036558,68.48106082750704
81.0052228830265,81.11353182005966
90.37630212923405,90.19486176859277
61.2615617010435,54.71633567213088
64.48440339751693,70.06514680461552
83.32922719933562,93.34337768530003
69.5326376453113,65.78200403181985
76.26515676004671,82.7959190051324
77.95386548539499,77.19753343108219
65.41562641279654,74.96185824886864
52.1021140673501,62.477992448307496
76.7004380906041,70.29105512800574
70.8211732991164,74.68893336214448
82.20447742164541,91.34768204431134
69.78349645001424,76.43791627943628
65.73322942875743,64.62193288122566
78.83397894998596,73.875988080762
46.02495215972628,60.8103314588901
74.04750401331096,78.18564951121802
55.30822674360501,50.32106253583091
65.1646253265447,67.14695381277106
54.30738189280838,46.15621561923891
76.13700477680474,80.98824281971167
80.7526165649737,85.3225317349483
89.46722080513231,88.26020206357715
87.09985009643079,88.32949075614019
57.99329270523356,66.59271173537327
53.560039222790834,56.92707615736004
59.585569592252575,59.38912765568951
73.31658886090636,66.95980371823846
89.20356986130484,89.42968056497757
81.41770526911257,63.714672066347454
81.05808406504143,85.81838315645541
92.46460479161452,90.15433958572086
91.98967094370678,98.79021265372342
70.2031908573713,72.42556328455017
56.70533301880165,54.18291246896259
80.3277809403834,78.79732803374334
88.62172172195949,92.29009299775703
50.5211983761782,60.26888569840643
88.5360785818016,83.71962490993616
82.68522016361611,87.25419225789175
71.11837190791738,75.96861534904393
93.89039317664312,101.32563671704098
83.68758358857099,91.56406772218095
65.68651989940679,55.184937761527166
66.30400143282974,58.3926899450126
50.00084811149184,50.365582726362526
64.9106110413715,67.05679699418232
65.52404924534582,54.27585945902112
83.36756283829422,80.30205956576472
72.72555556955378,78.59878026233673
72.09892891234388,70.27173377833307
91.07413416516711,89.02986041235212
74.94946634834254,75.35379007789076
60.72457192936988,57.57527622777032
70.4653569447009,72.60600828064631
77.87656614225611,81.10836674195751
69.21391261078836,57.64161464336487
92.08359175989642,92.06854079168788
64.05799569675487,60.2354382377923
66.99829562955547,71.91529298269893
73.65730703616907,67.53217903672409
79.76639297383062,81.3754141160812
77.34115860784831,74.84936691142967
74.2367955435206,78.58774373379242
97.33475251698893,99.9340624044482
70.83576909471387,67.95163136936101
75.56061396890732,72.63253997249036
73.07889329520646,78.70648742380395
91.09470854462235,86.29413543455017
74.49981065059416,67.37269632045815
59.54843077967811,62.30104755206476
98.2513571415736,98.21812077152214
53.09671378517058,55.848391973911276
95.40564725772435,93.48530166921338
65.7207929893846,68.63814332803334
76.01068368686187,76.88561438005067
88.79335728961335,92.41887700079668
76.62844635617198,74.02207055803748
70.19913182408631,70.4786099328914
80.9529212921275,85.60321735602024
96.81532509821737,99.41100059045169
77.8480381531044,77.4765892543396
82.06590282244959,82.88650268515417
88.65740230805383,97.29748894189638
61.87965996573338,64.1851923386763
73.41210475554382,72.2381290261482
77.64826401289085,71.83357570471244
91.4422947870162,91.9451419872527
65.68061796273274,63.092161092647515
68.70242330145015,66.14994484940902
49.05514445377757,55.85134735500969
73.41721778394108,70.16457723162877
94.8092910594071,86.14634280433992
86.0197617397758,88.95339204464258
93.98626256718107,102.54742335727433
53.123225140501084,61.99540395002188
71.7371642759612,70.47317147982854
81.91171526251723,84.78619210209754
52.436095052239224,56.00920848674423
65.28898265585367,76.70519525016267
58.589405513881196,68.07811534394244
81.01386671865707,80.36510395442684
77.39539543448655,85.08916170797433
79.64336075831322,79.61589917770884
87.8779440752845,80.20453727480498
79.02189105248846,77.26581656008486
70.93580123391034,72.72839309708817
79.95726350760077,83.3587178459743
76.98535607049979,73.53480182649727
72.83265370184102,77.6135775017041
73.10816764809485,86.51314881065228
83.23291886720044,79.22898138798537
103.89618834994043,107.36500294890764
75.77528195815128,77.32568467889736
90.3899698277766,85.8404075619667
92.35081714215684,88.18990208524991
71.0369222416415,81.87596279708251
69.08895100571065,67.46163716505598
93.54505783835165,88.12284832356396
63.78771825254055,61.19556080943103
57.12062279612955,59.72023278868289
78.47412657618919,72.47020419466403
56.8799451825573,63.96567898575244
90.44298011372524,81.30541865249238
85.56986688475267,82.15432892126438
86.49430438322516,85.96231847380419
73.04522018572825,70.10120979181777
77.84623355251455,85.40169324124963
68.91789768406056,58.85337795268686
82.99356366636746,79.56818974707913
77.19822593374818,80.3778088625107
72.76686805441838,63.027584190771954
68.98472869036259,69.35990701631236
65.78247372482284,65.85535081120345
76.24736457458468,71.30347299054607
83.25084986609544,85.74305519024477
71.19404872214965,82.72675441257991
85.4860060608076,97.04049015217159
75.71102139212255,75.44293956165012
80.30128800618675,97.60455222460062
81.0961673868827,80.61013161887217
77.4549668327198,77.52921120945936
71.67094212740366,69.9348133710559
81.01619838567822,80.3156785552586
78.62678423332889,63.10182863491535
75.9276823269949,85.24629779823259
53.993245311029156,60.148770924347396
65.87605835978339,73.8195957985399
67.593787907218,68.75159188327441
92.60698049900373,101.07531445223158
97.14406411501588,90.38651597042212
68.05078390967707,63.26784226472782
95.51918452417301,92.30332969789907
43.40212994411217,62.54759460581785
82.5095828531186,82.14028743277439
84.4092954134185,72.68649363852442
86.65093443614047,79.14900681380595
77.84986372480535,77.40728024371175
69.43085680491819,61.039842612860895
86.73722762211376,85.12991824937046
80.30584318560112,76.0364444025136
86.15247206928557,87.33136814295486
74.98194202917686,75.30428279957376
46.707667025320745,57.379120492890024
82.2462647292166,73.1768264937383
74.35155200053595,75.37115561340954
72.95319562994125,65.41052012081218
73.79967569319001,69.08637879468219
44.074466383061775,45.37784088973289
71.21833274392205,71.18480144200815
85.9757219737409,91.78710283334077
98.11541748363713,94.8329615110848
79.16808264167464,79.69004652556981
65.94053532473369,63.65703552141676
70.90815083178089,66.09105893548673
78.9154380322557,78.34237990866762
63.467680030721894,63.13548439479569
74.66331404087454,73.42678320808318
64.62434622753247,65.89771233317335
88.70335836763498,82.18851019623838
96.57563594322058,95.93206707219372
57.6061022079706,75.20748526468351
94.72654985534585,90.93113623800974
70.26490120270066,64.10308579733933
90.78690417896392,82.57461208958611
87.59756650244485,84.40558856054452
68.32029483547194,66.34877286197914
86.02742027939995,83.14013880230334
88.15974099490278,97.47473427363096
70.65665817064787,79.56993298436053
71.05028299314405,71.19042688467331
85.97287272658504,86.83922891503934
74.40913468862907,79.23829857790892
87.19037765458184,79.40053166590681
68.45737137336071,70.70523397878898
99.01337687010577,104.58931459275969
91.21584720570414,86.96745999671232
79.00176907846642,67.83174403838213
93.77657927144136,94.33423134048408
91.61594148443571,94.56011846101046
72.7573904251057,73.93298190183447
58.525392568373384,59.125246399698376
83.64038118349573,93.61568087451094
96.34042199992935,97.28280840951639
66.61267422200774,69.04602373321676
93.03772093531371,86.17367327155786
83.02633739785223,84.50629121972489
64.58819509018356,63.085522893067804
65.858722180794,78.07935974600193
89.50430689774765,84.10098167967841
74.20271341293834,67.80764874664189
52.09648253231954,56.204134658532496
84.7506643440186,85.6115118044062
79.99442000777958,81.50376252204133
65.50633057065045,66.21865711913894
71.4188149500002,74.07778296131227
67.81037624837965,66.18988464266391
79.60531187285414,81.24049550084594
78.12602927866367,80.63062920756862
63.28816588734771,69.35146514938766
75.85362039882558,71.6241737436303
73.82173578632118,71.7576490099949
101.17193826460866,94.28921727205427
77.06248614512472,78.40568533041427
77.95270120397726,75.14121095192702
92.80005601159358,92.86303092332247
64.19189597773172,74.18017904011263
90.06637253370756,88.15758691082203
87.03857953967076,91.22841398578909
58.90472496425388,53.108200986361794
81.80307328631501,79.00726361828345
93.97951720836068,111.47947311384704
93.88330602717635,101.62747163038864
57.385998474896034,66.54926200860642
94.92834831638893,95.52375385908721
76.82230308304327,77.48087286433261
84.89062968065815,78.72104467077646
54.5339871121776,53.83898543335695
72.66269930532432,61.35718612160817
69.6928013712063,70.1557252744727
72.37013951386686,83.18360720750297
74.49737206502215,73.94425768803865
95.5050534314002,97.80782158544442
70.96122867862347,64.20923925615133
69.0809102821882,66.86762910632008
99.14553029527768,110.45848511578512
67.76546456606292,73.40816568560983
76.43989051607974,62.7075395904606
81.21605869528959,80.822596242581
89.9828684889765,91.34866834264233
63.16697478697419,72.64727145825653
90.89226110549929,90.81646354538579
86.91007048651433,85.94802333006584
80.05312050361981,79.47906303610924
50.24449268360116,41.36278351253044
68.12805569772684,68.03182370817905
93.84088704479572,87.74899017563683
73.98759281849684,76.6673235906164
84.7457932921004,85.92541753793576
88.8954665035022,76.11151095442126
55.70960975996681,59.44969488108069
70.16896646146327,72.0980458597902
82.83349816352046,81.53243010870392
94.76842382733655,94.12565555573778
76.30816447268764,77.42465840801755
55.9948470865012,62.997566168516414
62.512267590132396,71.83495494711502
50.42452991830273,53.34612917312449
72.59664318112752,73.53755334675206
94.67130805194249,92.26096338982657
70.71556345996112,67.16708062919497
84.86816216223467,75.59751043810378
72.3371295536233,66.37658807528996
77.66256759546415,73.07644857460295
73.59640078661445,75.23347952249375
54.0637594742037,59.56546408785917
59.611513302909195,66.82953204558461
77.28581386082165,80.68201683568157
56.16942053927735,70.03670982929472
79.09929052998164,83.4009297262592
78.6775680195602,77.15552408129618
64.42058150020613,71.41076552093257
71.69113180159115,68.5661142553221
82.05874559980676,86.25996390985233
65.75736905643663,66.18221865129419
85.28368583604689,88.50696241864848
76.6787406949823,72.43724222186292
71.96864168492299,66.24146203165132
98.99007941776127,102.3937360036418
74.12658683356861,71.87544298687615
65.64521948921053,56.0456212201804
93.69181388888548,91.59881210701738
79.86836448227828,80.3117790228936
69.96047775712825,87.67745872805584
78.63976629243244,82.63444888156117
70.26872812348289,69.14037668377837
73.23487401256999,76.36722063131761
75.48343459564732,77.97455110418828
87.3448169418221,90.28414918005726
66.7393311671282,65.10951117937199
86.70366383757036,80.17650300277973
53.05799269259793,55.77282390632342
91.7392876598635,91.64027675712984
76.89018206824366,74.53410110238869
69.28022536673998,65.12464358350486
75.21140042975475,61.93989002958821
90.92538999574006,103.11421762593608
73.7281968351583,65.25911703512168
74.16611631314986,77.63808316109117
72.10148326344955,67.42920771642473
85.66182767248615,92.19505139156416
64.05631225065645,65.35038943672122
79.01420677290251,76.24662765748538
73.51422470285073,74.29552031001747
62.81575416161093,66.02521820624862
63.66464653357688,74.53518350379319
95.74783255357063,100.14238389711986
69.54588404952105,63.63914514568283
70.68081313217569,73.2833073472471
64.63420981105887,60.434720199873546
84.80372339789369,77.72325179887896
70.65339175888226,72.64749070953069
68.5305836035343,70.54235137224117
90.59056838279288,93.79879695630441
96.93006884482281,99.71735239635606
80.70723445172348,78.61013889253702
97.38253252296036,87.76396069164775
63.155739959016834,72.04917737605844
88.56462966538625,87.39906297295464
73.29602557108706,71.72112074475898
79.5471230019367,79.98794577805478
84.12914656025711,73.41191353082156
76.85272729934987,73.89421695802216
68.97020922114591,68.11752000759444
91.57197432707632,91.06747255355562
71.17836230136534,71.40707396425604
66.33866591580076,62.22242581721883
66.30756313579195,66.65807173025817
79.44851633254108,72.11709970652313
73.67134799983663,75.15262719317576
56.30382781156595,55.693939599948344
68.23218467782249,57.92844780990198
88.01342181056614,85.2139409243924
66.59711042645611,69.08313415817877
87.18230280203882,84.185719382553
60.16837669667883,64.27955308422072
77.16239422805214,71.98724534904959
82.24291222826898,83.12876466126977
74.14361226741025,71.89231852036355
81.8419912609456,81.90740248752324
67.31567869239258,73.39980148218109
73.31539442998496,70.85960900675855
79.83823636400477,86.1078767897615
72.6145999212864,63.774441622983844
72.68649126793206,80.90435101709336
88.28094334712836,87.30209817425694
88.34001401266028,90.30366312588734
69.3414796994235,75.21661804592279
88.83213121576897,92.43971792376519
70.7661649819346,72.52198166302773
87.53966868023682,86.45193257023766
79.241858836134,79.31203993447411
81.78881109033314,84.20480041286247
97.17724379430184,102.11448217672353
67.34798878528886,70.8810826091779
91.23956129935719,96.43402626200897
99.24420714470902,100.93035517579725
53.329213855683705,55.912421413915375
59.911307133397784,60.71624955288171
92.53985830145548,93.5939278160903
88.23889779764237,100.31167568080537
65.22903835234467,77.2821849937174
67.8868508631385,69.06634764462565
94.85857851146281,101.3114465565122
83.16713953275435,86.39635798884059
79.08415312921557,77.43699799070887
56.079341781437414,53.52343683888597
57.8962448466233,69.2187114923823
87.7396947341159,94.57831402193322
71.96819379290262,69.36531260170915
88.3639567959403,100.18215561661549
68.66111821524214,75.47954127528632
85.66954103719175,84.04951485976162
67.83378442731869,65.79758645151452
62.52742841906767,61.32190751865906
78.59541881768327,78.05352339625875
102.5358893716928,109.10538912653121
88.6184761333383,87.43589529249502
73.36423546898729,73.45630775540762
69.89996971629708,73.67181240837682
90.40522654075421,100.33125615244136
67.0233772043975,67.22714004933133
88.35941198980075,91.4734796047531
90.76809184758372,74.97468995884554
76.51468215247219,70.11392772902312
69.9722731460141,61.806068275051885
78.78052232115493,79.64137094215614
74.05380972428756,70.21810834085622
96.47245925641428,100.36239555129603
63.00522096376994,61.63267836722267
82.97724439405094,86.98932743528378
84.9015225155372,75.53876912074594
74.30994887434322,80.07450616522999
84.20038627624656,87.94262250919549
58.295478283142224,66.34917521768116
72.30379232765094,77.93307933174998
59.80466237819874,56.58820856944417
62.55270120841357,56.85422005259811
82.99945857929663,74.69985415163042
76.56966548979686,84.70156597577027
59.3151848786215,58.00609375188309
71.46291443647434,79.573539804108
63.01907650759946,63.12438230508788
73.5681498677605,73.1537836935797
90.66033193303406,89.28369568697532
76.06778803554799,75.53173931086468
82.39008358215028,84.84680769634276
78.72553263823237,85.56421598250401
76.42639562777856,77.69590973457204
83.11703385097466,84.50850677707383
73.55900027992682,62.1386558789604
97.17025397204706,106.093235701101
93.3901433621951,89.33667169794
78.41391583661775,75.04839164738027
79.24407032753034,79.7486642920591
57.094709779655545,56.475837503299
86.10189074981493,89.67244045287997
87.69857405596025,88.95983545016095
88.50926676384528,88.93420030250138
83.95466731560903,75.10091008047263
72.88073623381413,65.75634985681327
95.97894182252966,101.98991933171257
64.2662921218755,55.12801731313539
75.37216573320707,80.34504131406314
82.27016911886389,84.15637449055093
77.32692682842801,74.70873658550717
79.44588911454875,62.19361130357894
60.12704320731438,60.42272312551773
87.30523181987967,82.76706521493463
94.59799005749638,89.4308562920338
67.4993299065084,78.33864631610723
65.71842289562072,71.0617266051169
90.63720936781755,86.73892983612197
62.78986313647565,70.6164975580996
65.36636515437434,67.4289481024303
101.63780535593474,109.70442844503786
72.33876727995874,74.8153019488216
99.12086492258553,98.92303730031789
73.28067008767538,70.01220401638545
77.8646993460369,72.91573353621982
71.46196310111615,80.80746247185829
70.59441422662778,69.22254936868137
55.102672916151214,62.64891256998104
95.59556191367672,98.75993741017308
75.77069111805663,76.1985490065975
79.81985879604049,83.12298579956581
57.358504066817694,57.961442717645696
80.28484291981452,79.71012733076176
79.35728025139778,76.23498410357908
70.18730504644137,79.45668647009863
66.6267135846189,64.02174818987532
73.62555560122954,69.13215590599543
92.87616157253734,85.28180736335679
89.86990434953839,92.9770508643992
76.18156843665729,73.70606090962191
84.8179217864464,97.29343521331153
76.40354002449331,74.09443232344427
68.85167460059876,66.4135480625001
70.15316808238465,73.12921196460606
81.76258082226747,93.87887846509172
95.6812177851569,102.24663356463837
61.975284016110585,66.74534548985365
81.47018177157054,79.17208635097629
88.92071913876441,81.19982992283599
78.48974133213153,80.2975559299032
80.90582953183183,74.8164015742427
83.59215582238626,92.6940802539537
79.87657347846351,77.3616111794737
63.75032577492527,77.58826867592799
76.87828663628699,70.86832536255855
66.90352635759251,78.80559263732012
92.14800953516543,86.2291158371072
58.42894370717838,64.22503783313157
88.97527167309093,85.68960622348266
70.65297295533087,77.18995428861024
71.33242712917227,75.78487710210464
68.66624971986285,66.5808111471893
98.55308834679529,97.94718021894542
95.96712659042952,91.6439339861463
96.36314218294335,86.34233322560132
83.81329166906315,81.85612694388718
99.21817986876027,102.02413393012445
74.36417017331226,75.21365129267248
80.27356508769999,71.96834851763944
79.95377171849522,78.04793759912452
87.95076120135099,88.20409462402544
70.65740019191573,74.96736120218955
68.37340751228426,68.0595920146034
66.84743244075109,64.0273741771779
68.14922769798174,65.23788627766365
76.09686741377052,75.24624316792472
57.5486164386888,55.799431182624986
66.88131499503433,73.7527174729211
81.41865708227257,86.93412243556749
94.76699806311846,89.24312927129611
92.61455711090034,110.74755587929465
90.2055137194772,86.45962541087695
80.09926379539027,79.55008425473393
84.63203475120265,84.37619030305841
61.724881499672264,55.39875768535621
73.68172817338528,87.21602438194142
64.05077678125957,73.21642173018999
52.71476852797132,44.920165013882
60.809960134355414,71.75349169610398
83.40912187359996,76.52980201994703
96.97699498633524,95.5987790482814
83.86281512259774,79.5620409370164
82.61290593123873,85.53585503014232
70.97852051839504,75.21980976170045
79.56958591532367,78.13170674956814
75.2811264487473,70.35206217555594
79.8844787591639,82.68418773975772
55.98803083895937,61.23177474625412
89.89005224867232,93.7529725830441
69.6537971699786,60.911378662232806
92.14255581211019,93.92197123659423
88.65451245395501,85.8263749788799
60.14419676765901,63.397111169401576
73.38188767666477,73.87923098841163
66.72385364796703,72.74412636495566
65.9141023456476,57.15444368420889
62.645124977975954,65.22826744924338
76.15022271390959,90.59788231906357
77.48865976541363,87.62494032209214
78.77924036025269,73.6710060824157
65.12668118991202,65.91265066700527
93.2236514790892,94.67222809598523
97.69727554932537,97.45480338762353
89.10659832561223,91.57822226793932
83.37276372137708,83.88448421137005
70.61377537035176,70.66452115939992
79.41054185622359,69.91626026366609
87.0507163053722,82.94622794297541
70.80940602606476,77.18650446947332
66.27329252087252,67.9505027139956
66.80840188851143,67.00964851678823
71.85969056436583,76.49968207484928
91.10659027932215,94.95355640662433
88.02515420296392,96.83361730931092
87.21963694154671,101.57464256725737
65.11137273110909,60.36398506177637
65.17105726064857,62.33992954064452
79.09135644378753,72.29497181973137
53.38746486145978,60.89589878513032
95.8869615204853,85.76588458476886
61.88457782451593,63.63352871539115
83.81349281558174,87.12117238750221
94.9328781552522,88.88011405592268
72.9452812982393,79.39672367195222
76.74606900790262,76.0734478044306
57.67810205277696,64.43877856289491
87.79873079543364,86.84348931466721
100.5380721351506,105.52019103969145
68.75207865305856,57.3784687156224
62.98363364878758,59.80253269446274
83.01563581103542,87.55743677810655
87.2193670856209,74.77069368562415
72.50601043383895,66.75854280532344
79.9730328142559,88.97228855142131
76.85795832915106,78.07692669813207
65.57089195589606,70.38320901477542
68.75849963107811,63.49962627756127
66.82119698667942,62.253063963984914
94.56498779465063,96.51522553716487
71.25788736680921,71.55535695203
87.8344292784413,84.95642386272726
70.0353102560462,71.89190680578304
53.28293695332324,61.483886995116826
88.58291217470305,94.78917205595035
85.16007760151301,84.81611395525002
88.25185325961482,74.80447905125209
66.26829749218899,71.26457857469413
89.41703873084803,85.88930652081235
85.16615256804067,80.15448627778787
75.10788855447642,69.40994573419377
50.312279821864365,54.42110369202921
58.22799089398473,64.7383183057949
68.88592897412612,73.94340374722748
79.68490411816245,77.31299851008606
65.82804510240733,67.87296203157405
68.09679303659816,68.18078939182666
86.05010551679815,85.56813674917278
83.61905488147902,91.14207692159889
90.69904373941073,89.91511852252495
96.87059709926056,84.46091980563725
78.60387757090065,80.34281168070433
65.46792037278321,76.05953909973206
80.12466200195645,77.46336229022877
74.54951664527081,77.18175349937475
93.08313502707362,96.5673740924028
68.05206809487608,70.30829034190991
78.01851718614478,76.97542707350537
76.1073834879095,75.30078820044162
84.92763163583932,93.14035563073065
68.07304111302105,67.67696574320894
76.70932280456488,76.4702624688339
73.61106487768637,77.9183194300437
83.48889550018069,84.8431679445963
75.85113628578284,73.85005399776975
75.60936045974046,72.37110539432152
85.32991222156645,81.69758955538782
89.29085845918517,81.53929484786529
64.97789282808729,68.94042565461996
69.66830394803962,66.11203676950302
69.70116340563811,70.11282528773864
96.94605311750492,91.93713225897739
66.34411951195413,73.56573136395981
87.2789461586014,86.84765424846404
78.14104727150932,75.04778214269075
72.27678114024607,80.4154360587307
62.205481740065245,55.074037063791316
58.889956945706246,56.1818049176781
85.23644447929729,81.07245248393693
84.21306854137038,78.65092531288339
70.87291654724395,62.508693198929
81.55390908606843,87.21261033687053
76.30119786958187,75.9100775982305
63.842617527248684,60.20488309939913
91.37410088568154,80.93281128414884
68.19725511080968,65.37794043939903
69.39244496611957,65.7864450371417
87.85018637808774,81.2983762594939
63.11237886326564,56.27194310753632
55.30626870502105,53.66359970170779
73.5066276449243,78.7288946108122
64.91991116314074,59.035800693365275
84.43906058978109,90.58116672674628
71.64833977248867,66.8105858265953
77.37532389872912,79.95642325479139
85.16349271626856,82.96688117025087
69.29116260548157,73.17873633656143
81.0642509589702,77.00051186252402
92.4784850915269,93.82185141162154
67.20014134966156,66.9825532223069
80.80090401706262,70.53654567489423
58.56045751378864,51.05620138898987
60.02626528523949,60.30204392003255
69.00304825486822,78.5358298450966
67.2015885072976,73.6295992861767
63.359297189850075,73.9286700011175
77.91449528153308,86.5315861789502
80.77518898531446,78.0676324962413
78.66106984382853,76.95586406955906
82.46090800530432,88.14933360448583
69.67388324819412,64.64528072564104
74.74825341724066,76.49413403262932
97.15242790190737,87.94084998776441
89.07746022131656,82.41991406373072
93.29437135423531,83.81198139031224
95.94858797242682,87.09091404403249
71.51093621918697,64.86909200137755
74.87492732863562,83.98032877660025
76.27593865034825,81.34929502370574
50.777852805722084,70.62566304775099
90.74460728183227,93.1892979715106
85.49688758897413,89.94855120113552
65.50843978728803,67.11256524920557
80.21996660100298,73.980612072453
77.2531120996914,85.6950526842299
83.71068555389954,79.60535455736513
91.22689437836574,95.43176131262045
75.19457331638579,72.76126173659247
77.0631694461678,85.95079939855505
79.98437143140607,82.51755225054733
68.31553079501707,69.05657295923352
76.08640830971194,71.11051035001582
58.5277986036732,49.302116835585366
77.15908168605424,74.14301217010411
79.56745707499392,78.51171212595337
70.51055900424386,68.95784743531509
77.04042130524253,77.49085770647679
96.29943554521269,90.39233353360444
86.49104970167217,84.08786511925985
84.52977009307793,86.41884648659916
65.20767999675367,62.59561400479317
92.9627912344625,87.74960550659239
72.83914908694291,77.08049571734868
63.07817913486846,63.15543643353615
70.31356513249219,73.21297397719201
70.31475314527094,79.251548609373
94.17388453943525,93.06137672522085
78.036354241171,84.73426132394691
82.16072075937454,76.14723928003684
84.34420379039247,79.71069870407112
71.1244215831021,75.30878331806653
88.39519521531554,84.1706435384091
68.06734084861131,63.8271998484032
72.65437188682975,80.97510374315821
96.34011319582284,92.45843546884674
70.42826500639924,69.11259801883611
80.94473294996818,86.17569141788468
62.468483422716325,59.045090526472976
91.71330360431242,88.4404147969562
59.39041642839048,63.3536581270802
100.8710158600884,89.91860671048636
57.26294411425748,64.34128234798558
64.30295710097138,72.70025247439608
79.35378985939592,74.71177692187375
68.11568432088558,71.35658818105232
73.36992593248497,74.4857037034056
88.91562253412566,81.58301462956257
83.09358814999267,80.60976832430194
80.66929621903549,78.8365725080079
85.15406733858832,88.96623638763691
90.06659910929694,102.28891217486147
84.13706618407197,75.02735121841114
83.12122847185768,89.61629130904586
46.63767522251841,45.75090097125887
69.89192881688689,70.20312847775857
61.911689910099874,83.4727504543992
84.28631227470305,83.01322045679929
80.80678150197237,77.0552454988839
62.98410550971526,57.9469832955774
63.39514346459092,80.79747550241228
64.07214889246148,68.56085789491344
52.636622295614806,46.20329809315968
75.63754713617625,75.34604381828724
84.92535821683627,80.69100030216578
69.56899095798912,64.997141333345
65.1086707671842,65.8478102194197
86.72173028231741,86.47477416182113
68.80082186856522,69.59247504054767
52.850661097161854,62.164063164060416
95.67215594818174,94.8017627931342
53.194607757291784,50.243679406393056
71.61790634845644,69.939578018391
61.68731023007947,60.00545358303977
67.34282603686997,77.39260966002162
81.65444622022022,77.91075516766266
86.33541597041581,83.56677788713198
86.0754834481186,83.6852951777846
77.15360271555453,76.34053264205295
76.50614567781668,73.81409410967741
87.64990135926028,84.48509506032175
98.26383957702548,104.91386866297873
69.24376156493605,70.16160175950614
85.0844284706596,89.63177880926291
64.668888695042,59.81011172174795
76.11012886583897,82.17494205401172
87.25905887347828,100.65812993993599
92.32962088029795,100.90268627340262
64.7476171447134,66.64376928770601
83.24786898894608,85.79963701160732
54.85845270523532,61.74237363539165
76.22810621195991,74.14591511582387
87.11706028064624,80.09026763549561
92.00150388759455,90.57226570751872
85.63416158141554,82.18196792750933
82.33304402938072,79.43413402085426
82.14234567863595,79.55027208712846
79.46890047501508,82.56741556506219
76.76770282003615,81.84402169238788
94.1288330320719,98.82559272650661
79.18679120772626,71.05028611838425
59.54281473953089,59.23625808687731
89.31752291939256,94.6809906875047
94.81159094926575,97.79599177468293
80.39524715868515,84.44388700412392
72.64806899304388,74.74517927587442
67.06360135519489,66.85329550930241
52.701135059362784,54.87741058241678
98.5964267697168,104.64700582845335
77.59842781394721,76.10966022022806
66.28544898413038,72.4975174425208
81.14845310214818,88.31923324799475
75.2368583471535,75.67223718249373
89.4007551340934,86.70067540224106
63.26888998238428,60.73182308903109
80.60159673151824,79.64905607319184
76.84516217535197,75.22815710549648
90.87130206344332,101.9152433166331
82.84025247881469,80.33072743603711
87.90592288689751,86.38312882301774
86.53243156177716,81.67006967567936
97.76847093983925,98.4771115762717
85.81632783967162,85.98132270929648
80.02574605355392,73.46207280157915
80.19494667307366,74.82655762915942
63.183387796398485,50.01257830792077
95.26070976929942,104.9637748225217
87.52455121607582,82.53365489865399
74.00375206322515,74.04481465187325
63.43662084892616,63.17433353851513
92.54258090910618,108.56894445360484
85.04395268711463,93.51181787543057
74.75514659307174,76.05186451748094
89.96855626324714,96.59099440645431
67.14073791791007,63.250366951800224
72.88253774331722,65.4584858492364
93.51186545888693,96.84752915811227
92.9360118980446,89.68667693664841
56.63349854038721,56.0961376169602
66.42122836076663,65.39422245084104
69.90908972721613,67.17143856713724
85.54465580902884,75.82494700157488
88.75598426572414,92.64670132736006
93.42896338363127,84.95153535455576
84.81188064015569,84.8478452033371
69.32004355392613,53.19908075361446
71.45569665310525,77.94061371463563
94.70353336497978,92.34897430073251
84.95191778416259,90.89292983039476
74.82276618767615,80.03892767489724
77.15223169632554,64.64595094870973
77.93332486990369,77.35497297241463
100.88089024361051,104.71279366799644
95.97270784106588,99.78852313153838
89.40398391200637,97.2844014011333
72.39487619979985,72.39534493526804
83.9240641920536,79.88177936600371
95.6035948033826,99.07501445416375
83.24024691163248,74.04807004873867
63.83045355539613,67.11671233303171
77.11995556609254,83.85865946936516
71.2850311670534,84.61813944326391
93.09800858333358,93.23239928104665
88.50559565538771,75.55095457339561
72.18931777789955,68.9204815786877
95.32947771408159,95.27987971883658
85.73586894391971,79.8642287847414
70.36076261347552,67.50246442093096
60.779531279013334,58.377164661582555
82.9184260814357,85.16385367760435
74.32733399190978,72.15540423043291
87.99883865493015,88.30666424265061
87.87164794833966,87.05566285812495
91.05128038423659,94.34365503718467
78.79738253046152,73.74253312901965
92.78077116330397,92.43916248438703
74.0381302903523,80.96575976634718
68.1390291623844,71.1682335448224
98.19061542433914,96.02387321788575
74.53741076758045,81.41814597375517
71.1475867563224,75.63061889960447
63.77554094940395,65.19160818402301
62.31606397662281,66.36731075267261
76.80332026036916,80.21381002277555
84.47512584340153,81.64390483478746
77.75402431366584,84.2128466143
50.243329931335765,53.89469111674042
96.11492751631305,100.5923146746504
72.06140064046063,74.78253039846511
76.79470936102652,74.22577995565604
73.5156455733755,73.48720765703581
98.87676823805505,102.23612100868189
90.58085934457031,83.94951847424362
67.43103445412889,62.19659925119602
63.23957769433647,67.07963038492133
56.34485543105528,57.34237124503322
77.50245159789891,89.84419562397532
74.3761167672969,69.59999692601639
80.51145164426737,82.27532471132756
95.5706620201557,92.03824226909308
81.09447962803603,93.4145000144122
84.48810168187865,84.6116149803292
97.73583232809376,97.69805356366071
87.71324903447021,92.47549098668003
90.1747878636421,77.88371957582692
82.8400583544744,73.10162080754714
85.00253414714109,96.93298550437184
93.83596253802139,91.71242580671347
98.89281089880785,94.22276827724679
58.11951780322086,56.90302710317549
69.22863182398807,71.0351871494282
67.84241912282386,60.93458475730791
80.64643063112041,81.59252836698107
50.795189855213664,54.545352811096414
87.40310720425396,81.87164824401832
58.49279297277965,60.94020127780055
69.18119190405466,63.49289941488904
80.665961363932,78.97135899739365
69.90301935207314,75.12425307356781
77.978836161892,77.84448014105672
87.19840221411118,89.88033360067324
88.9336100210744,84.33661955975417
67.19941160556321,67.36948944942894
84.60318179971877,79.8845516208543
90.93405428974984,88.21364916322449
92.59252219411758,90.55958789664507
82.87013121417782,82.484258699912
57.814113631327345,53.987485831300646
97.14704043180639,95.9906252378188
80.98562021080083,84.5736194149806
76.47563370142872,76.10074742447844
70.45337881874089,71.81121181055211
86.37483757501501,84.8909760812519
82.7490874200472,87.2246355637781
70.08527463762783,74.00422490267515
70.11822483580426,70.30838063556138
57.78261465091876,54.69814518480285
64.91063100250328,66.00726274038783
88.25430289530236,87.85733019032824
83.14345556682657,81.0508112841727
86.59047125808608,79.29145490713096
68.48631229589432,67.1989715477225
60.7885406531684,58.917832468520935
72.07601711587702,69.49297333428598
90.43174979171022,85.72353571780576
63.50191462104359,63.287234150078646
82.85029182873092,79.50685886365393
60.81754723537556,65.76633989510313
69.21870405022538,62.23420427793856
69.11689281545249,71.29784316028403
54.02324149457265,58.35601043907685
94.10941813925236,88.91772615212969
83.75387975812214,81.15425085381574
75.91662118998269,80.45173819102277
78.20095420693107,73.26427610876364
74.0385801620081,73.20310060760505
88.62690591983464,76.79808704204561
73.17141484093085,69.04163643946522
85.31090221004466,94.77498535063299
77.32616822272908,81.6925859297731
69.75481605068235,70.47118985070152
76.33702005964473,76.56600327257502
86.92956458326765,91.68068431881264
95.93185857330478,94.19965831954826
45.852595742278844,48.982145840761646
94.32025718186676,96.30427140351406
89.5173473375008,93.52272447816121
53.53876178097264,71.954628422541
80.29215997653455,81.72466052235916
72.03173367731839,71.82242948632546
73.33910138153219,76.4125116101404
62.35415732500895,71.75178368119369
76.41937286502979,80.53953302336228
75.70349382837526,84.76290470455774
102.34129253410556,101.06022968786218
70.21467141204639,73.0963299530181
79.09202109666084,81.05336557566041
68.42157622493555,68.73147894144482
61.811354415164914,52.86243103911856
83.56087511423519,80.52903721800219
91.42298981105765,86.61642827300531
76.70117080184696,75.2175790988727
75.2897629129496,70.77221520710279
65.7224959289716,77.29804814193132
64.6922600640614,63.828566165127036
63.49637409054656,55.019544808541184
87.7582097273521,91.37820402018528
66.01322769325434,61.14560689773687
79.3215220320966,70.92124073666156
90.55546593638083,84.03662642859865
72.24743943923204,77.13906689532925
65.2589768135234,68.621647685483
76.60522123433708,77.24929018272282
91.82551330908683,92.28065209302437
82.41606538583662,80.45946151838822
99.98595707976303,99.97686544342413
89.7092749517346,95.71514420882802
43.38424694564674,52.165741825201536
68.35582762652805,73.95945489394751
60.69170667412203,62.8531824842175
92.6632492170282,98.56699000570615
94.80668168411519,90.73532511972569
71.16792457253955,69.53922519128895
64.50697268208717,67.36119639546372
69.34222511330772,68.84119146025948
72.67424839481372,75.81164485171178
63.48126847172472,63.03307903199952
71.81804254673702,82.79457715659713
78.2772641618077,68.35741174274777
73.28000743495808,66.4566953740445
63.00507133695094,63.186058017681205
82.74901187069742,71.99398216744193
88.97207636500465,88.95958839020128
89.68354964917889,79.85088052682856
64.93671920138341,76.05843366004386
56.61910506130274,57.20730789708548
38.97400885199078,46.366251937797465
82.03673054646067,86.27624558711531
96.3761972365796,95.72243568707474
91.46537125681866,102.34237388231789
61.44531208646833,68.6944626805673
71.9218514825242,77.5040896096362
95.77031361087313,96.95273629446399
82.03710538133215,83.61614743095605
87.62806307586423,86.93447926944464
71.69133753856147,66.42791014323953
75.64699356659482,67.33336792061112
49.23159352997589,52.93338654075574
97.79898273352505,103.75508910171007
84.6112813777921,85.81578596198062
67.81593830359573,67.23174004265651
82.42652879728934,78.8288918949693
70.59347894686793,67.66820674322976
95.22065877911722,91.40607690392893
60.826520026597045,69.38238733200075
89.7804693542809,101.78115352699834
86.60048172997811,78.14391135931075
76.12540536457008,73.38235674193798
73.7112338251184,77.56212181332809
87.20968782940537,82.87630695523636
97.02416325359987,101.93111981243466
77.07057126531197,80.38178456847241
88.32164049811226,76.51422546708629
98.77450505104827,113.56983603331821
75.32669232692918,65.94038442211689
69.0427958625317,63.768880890682425
63.724460761251166,64.57936201330435
79.30478166482916,92.45296243779578
72.61511735091644,67.10272093547786
74.9035674115596,86.7689075174877
80.63393131733204,85.73624598957362
75.17474119669619,70.8320821685722
81.52930840723037,81.5534546408323
59.27474699400622,61.94685474589352
84.24162585195437,84.81049226644225
74.50763648423279,69.44755373502564
76.0062702462014,73.98541768921794
67.72164505471528,64.94520045679349
55.20609380477021,55.42795224531591
57.61626393858154,58.80859950138982
84.21353229683984,87.35012082465772
75.60331339540838,72.9068631888031
80.78226583892737,79.30411606682527
72.15710691525283,72.34320189971393
87.21065204315788,92.51053280307148
65.15765095286201,64.09835323812462
85.36449638994928,73.30974415366015
58.96728363978541,63.60072169415814
69.67379886069061,66.37882189714323
92.75729949317694,88.52608390206036
79.10325413684812,71.6149794994981
71.00255718190215,69.53579749983749
61.67313797191189,56.774216616444185
71.60729758673531,73.89139523856304
80.93862950761147,76.22221798733804
89.65779352796572,82.46670317876938
96.96831733994777,87.6167640252019
78.64142810131791,75.21522404143388
78.08624801450158,73.66334028764675
69.96571954343132,70.47341293336706
57.25732489697501,63.86263412192035
82.95129392489413,87.53317256979507
99.07944491807893,104.28370812901102
57.31773534824522,51.0573807309608
61.21483984476872,59.67482153494746
75.9033175261348,67.74483209920383
64.3501541872563,68.55762914563988
80.17934835676795,80.74405668711327
86.01231084282045,80.32922413223412
73.70647967278343,74.80945522969377
70.51578159931128,61.30211725820828
64.48492867425385,68.88600725365409
100.00747368715282,95.81035576907836
80.1244163195598,79.86590197544251
79.27346010980581,84.42829491033721
66.60420018752669,64.74440238793336
79.78216235408769,77.65315962917285
79.24859923506213,75.0632988762705
78.00497191886566,78.59874111918121
73.85988961856243,71.3094892625566
70.01956406221663,73.10384727302907
78.26996189830062,70.94967707782736
72.91291208533383,56.580905002134145
72.0759918978538,71.64288293090637
70.30151782476747,79.4562635599003
72.34108293718067,62.78135779743374
79.85765261523136,77.28735622716296
92.46647037333572,90.00404314096124
89.751711290766,89.01010646588843
69.99074555593606,70.60532295165565
99.0606374376465,103.15485072492426
79.29465801419339,86.67264502551737
90.59329797024621,86.7840367348086
86.99536803322772,74.67758802716634
73.3612420790983,69.91382821876307
84.8597451400258,92.49528102537381
67.57775574776227,66.30373008751815
73.22618817087371,66.71742581099188
84.16969513370674,85.00224086730896
77.031098781543,66.76603486448569
75.32750635204324,67.5638444430374
73.56091316057304,75.58107694377837
80.35281997323379,71.02245755841977
63.96773450286684,69.92526881276825
47.59337873525925,50.30855171987326
79.86341599861422,83.82053705605264
100.76467609202498,106.74898397606792
77.68577327323865,77.38930083958093
70.6181524564944,64.54944267620942
65.59375073406399,60.799560747068824
60.451692403505206,52.32208570830843
88.16139177768783,89.41952785455034
57.401133228503994,70.43385681639822
78.33942095291515,81.01116024586487
90.09772233308905,97.0227343655723
75.04649635083261,83.66626959269499
71.7523987282323,70.84775140485225
75.2328365355933,80.65132213252626
58.76440127733979,55.31419118233336
77.69033597191327,71.39939564515386
83.87272341967545,79.29280638398643
80.35392281358929,83.47235588096508
57.33798569673848,62.66036257128395
86.84029655971212,86.39136025142713
66.28009585271569,67.8935790648108
55.1918637498097,63.92626581101398
99.41796466694501,107.35398936417579
77.36435302011029,76.11757498202151
70.12203779893247,73.16477786513911
78.4797738928545,88.75121267240823
78.16038977438035,79.21749538778624
75.65690891541708,71.93828230795971
74.2308174860765,72.05556008816896
72.36629560743603,78.21427243869906
60.72097773032201,66.03837767867758
84.17429909489806,81.72945725489578
97.8958841299109,104.83129627304857
87.70684414205775,85.1971525735738
87.06705056650675,87.07816767619786
57.24315958678093,60.3509069009601
64.77039251004761,71.6566119317477
89.64043066726676,79.741519883404
88.25474090749823,89.21096957914975
63.52974197557833,67.00770009983175
58.78775208337468,66.76990656478966
73.0973547724288,69.54813302632493
80.21299045980099,77.15496254996188
80.21409396531405,74.00176143848824
75.4654152695956,73.73381593848208
64.21480299532115,59.15877739636249
89.26581468316847,87.26655117362489
86.14511477225388,86.25756781364657
85.47421423992195,81.85414664356257
75.26226225173352,73.57703533192988
85.73563333395343,86.6188688258381
77.34940022561229,75.55926354858754
91.84106730553175,88.26088981466536
81.62051884209768,82.1746810309556
91.04768756236933,88.90578276388001
96.97710369332349,98.28801144545798
54.14947805620539,59.64999698376254
83.22164142817653,80.16095260982894
61.07034466026873,69.1884015200884
86.08951025054982,80.2149081849461
69.8228663003695,60.155504490378334
88.13864737138363,84.57434875358416
96.16384814949363,88.40493758478665
71.55634527234493,69.89445799307926
76.6179583019419,73.1850055489409
86.60276505686004,95.32628685205374
68.9799690316653,67.49619241559512
61.534036659500394,63.44177190262629
80.84942061820327,78.06867111837519
77.80266537585426,72.77256274392465
63.509293849845655,58.319821564161266
82.72590411523154,89.5264356187881
43.934216515102975,52.47673363427124
77.13084846875111,81.7318263469437
79.78522295823414,74.27247251154061
75.58607854709605,70.87738544659099
66.83657896423396,60.14971907892671
50.287652338837376,57.279935223124404
78.75000169786657,73.0279328784834
68.72203978719645,67.79252328679914
89.98816361196937,97.4529328760706
74.6447165548468,75.94497632201472
96.54686317889355,84.75708446894359
71.92285153361291,74.18732296838469
84.76276382260879,90.38145331311418
73.3795146172948,71.88070398798405
85.85646148885324,89.19372396026259
73.34342051613027,76.96596347759836
74.45996798156577,72.4833447638169
57.15588796258383,54.00648062856944
85.93254381801184,74.98709724726083
83.4609166243502,85.02268221912162
68.00664922445104,68.22363092426883
83.90656858631252,76.14048617178432
64.39141425503844,53.678285043462544
77.09935884374067,73.70735185603198
82.78211162569075,77.41005388311777
70.85371820939046,71.0048720910334
61.585701285088106,66.53042068277658
53.97796757683375,51.58158656348805
85.1505923121094,77.8615899182234
99.91757833369996,108.69651616682518
86.21401534588405,83.38763101385679
60.70994645599961,71.24087741289482
94.40321080679524,99.64692688145222
71.68802149614693,70.27037743481026
96.9445464684751,90.64221108567675
95.78216965284548,96.27025395968062
60.98069848468765,59.76292736056632
75.1770123932593,68.67485437112018
59.41369166798345,58.26416605242813
98.8291966902829,101.43069902423476
60.628851512573924,67.11723010161131
75.50288014493367,74.14086296275462
71.04189823856795,79.51696293201341
96.70184560581853,102.95992652575654
80.6707473659204,75.07390508974042
68.94821196138564,75.75786500244146
73.81369484003237,77.42190948411232
71.31726011471318,73.55961006351507
83.38474313677244,81.15219405012527
88.14030932508335,94.9667312807712
73.8712982011401,80.23304306056237
82.19396687116303,79.82642788041542
81.80655962640407,75.46348583683921
64.89229610694467,63.02726219537831
67.2885204797692,68.99919956134302
80.70764384883539,82.29139827929967
64.17068451859257,71.15659681074729
102.01295534270064,107.44771179270886
76.2124149636832,74.77858877754375
72.0391386373897,64.92941273652552
95.14803677076263,90.15000170307661
62.88958863282554,64.31591960715333
80.09451906413412,79.76809147698724
87.56872799656627,81.65320399753219
89.46864723324906,87.56331447788737
61.175174054761364,61.69419216360016
78.90586245266613,69.3264805392368
93.36263647631756,100.79107843506141
88.02120711805927,82.95419980427374
93.7406078754451,95.61873172851926
69.53081683426605,71.32434470374308
97.04379556598658,94.16463885867202
63.62713820310425,68.41740729495632
66.92631116975676,68.60895889901589
87.56054481492622,81.70762462087467
57.410585073815525,65.15794262930844
80.66652095944394,81.76736796827387
84.02063022169318,79.36636704735378
53.54096116108732,62.45866487987682
66.1868608706488,63.84657638466506
82.94813680752772,84.50124245989811
87.05172268286609,89.12244113918898
96.11063873033532,89.29762378905859
79.28245822532601,80.60238681833837
82.45113297646121,86.38352392373443
77.71515755127032,67.09923625652675
78.78044185367654,68.98475358334495
63.190800078070446,54.16815697637206
86.23895238649287,77.72089909516409
54.825185487309575,62.64063184777404
93.63503209859836,97.50460957116562
64.30689853277917,62.45739291064287
70.0207588916117,64.13540408098606
70.04749961980869,65.21384316540536
76.22334228542108,81.62866117249999
69.53802978621192,71.01150277410002
65.05281003104467,65.63148894143494
73.78724826515236,71.66723367102014
82.54418519348441,75.32617078762024
64.96205572998511,68.39301468901803
68.90436970850067,67.15546513886855
80.97226661384445,78.48512399853533
74.60153413094177,80.18059189993211
68.54118028875396,70.4903305420174
47.27648154300252,47.41508638434246
65.44419039790965,65.58622954703254
72.23796631639563,78.36318876476882
86.54460464972136,79.905745911716
67.31784726944097,64.30643809993902
70.94340505088496,78.48632510065205
80.65419442751302,84.58186872395804
83.26912067616419,86.05825753308049
89.27781061851907,92.09941932187104
82.6099949589714,80.65312435668415
62.12591655009768,56.100499016031456
76.77798235712575,71.78372774887195
76.75939410238249,82.53743247823142
95.74698983730472,95.86189873619682
75.37638017513055,68.03049516734058
91.22361215855425,97.74003409041647
66.29136600345765,65.84064761887338
101.33269679482248,115.4883385330523
73.03766534827416,70.14865718902877
88.42269068933385,89.51969229463172
78.58201553695565,80.81049908172452
66.90398520113841,71.75966457331728
65.37811640221499,65.28715325491859
83.37941137793301,83.59814134484023
94.38687241875317,110.22814162048607
72.2895355787088,84.09106115074071
48.05531487711583,53.52573513419046
85.50843315660465,86.1741046290437
99.20876845695942,101.35775462493577
85.66379754936561,79.54562852599108
61.88840930674167,68.58922916233973
90.64124512928815,86.73700908955402
95.05544310441549,96.37194409406804
74.31558526223591,77.48715304642873
55.30687239729147,56.354291370694455
91.02463444330142,81.30981334779882
61.091656563203486,58.23372360106935
59.34405764975709,58.12610716749656
77.35345601815389,79.94660805829875
82.8176513872063,76.85500276668783
47.289162797785565,50.25861848199844
84.82616501845705,73.83114720304414
75.82578514698162,76.68886154269703
80.77536467242008,82.00317155700617
68.46331344589694,69.708439373026
86.77246926643156,78.39277383189886
99.65524072002025,97.99031105110788
62.357575831140736,61.79788071238867
96.14792375974764,94.52618459002707
84.2239433685109,83.37745545202259
85.7605368784213,75.65227269601728
74.07021393608765,73.37535628586093
66.70789379969827,72.84380247720766
78.97943338300556,79.37742966549885
91.46037217978653,86.8015269111995
80.8902288005154,78.79894298895078
75.68576174397785,69.43165336593366
77.43995787913136,68.87025513334181
80.08099048700176,83.60431065520083
81.95242116729895,79.28630157039777
69.8110943719299,69.94912600341698
63.88068226987522,58.38291839851687
94.85674868578765,92.26416666206448
74.3760233323861,73.78479945224882
88.17655480456428,79.07471533116691
94.09609342983629,90.40176434812808
72.2682223359024,74.37841573977452
72.6080879040661,60.48458914631877
94.15671063850951,87.72902597970398
73.52670695834583,76.42713858010039
74.55483514102256,74.56987517991442
68.0170284335298,67.20882617821829
51.00199693118067,59.42444920207804
63.431585920545515,59.83743479280066
74.07433533615337,68.31426301674007
77.64063765735544,90.08899761126591
59.58759831012906,56.10661796177991
70.69066143043305,68.83238031506244
68.12556012017652,67.98326624726698
65.93220779008406,61.07544502399132
71.01171879594791,76.7837769489449
51.88771977534441,54.19014999367521
88.81509885234858,86.41991758907042
75.76230631225955,67.10652301268688
93.75293869186335,86.49562026391628
97.83525580920019,103.47763544345028
99.06619566173703,107.74600147988822
83.55163134593283,90.40607680698304
81.8238100681536,79.19695427561197
69.14897934317719,76.47589851177213
70.18631021694401,66.24476768394985
76.71284543717927,73.94461252009319
83.72268143169282,75.55444685960664
53.68733021382223,54.66444681012071
67.63190494788333,72.76608043884346
102.19646865003826,110.87869119230085
82.38958585290655,75.28869055469852
67.74856185283238,64.4328356847738
72.99591796110614,58.529882254715005
85.57892277960002,91.36840786235473
60.001902866987386,68.51130711442208
77.83827398982211,70.04727167731755
83.82922765784,91.52456445734902
44.63522027335002,53.54263461858577
79.63785675064983,81.48095053249324
69.81110936569426,77.9781180539157
69.67395029414133,71.53248086988927
75.60418529285083,79.83572803395677
61.486546817773466,61.66485039133746
66.53560867002481,58.34985484452288
68.77683529947944,59.77612294662008
91.570694725855,94.8144577045444
61.014807441461876,59.52715466318605
83.99331291438266,83.44124137374205
54.61610781564867,53.42268359598681
92.15467965088412,99.59235751586954
67.04550020074291,69.33644200509792
74.17317240913226,73.10622281237555
79.54744163425585,75.47516015545928
65.26894388085151,60.08544518971105
84.03199228841387,95.38689735826084
86.42947586953035,89.35551985932528
63.85698917527613,63.548055499123976
77.59278252516987,70.49521688313774
65.24922933372315,58.81965189210784
77.68891998954359,77.43656079496856
70.37022030848081,71.81888980457319
90.18793331469763,82.60915726491176
92.1592697078597,89.3844174420604
48.03413298084406,43.48767172915152
81.60171776442313,84.029609252383
90.8274146589718,79.86428147449547
73.10351206509557,65.52622126934244
87.38526193515803,83.80959041694376
50.3700038380501,50.28593892663656
82.74069252808188,81.57776834784097
92.7832205827154,98.00967925528406
85.58135463500027,90.46713286592808
75.86076241401572,82.79707598333104
89.27790229672185,91.71853322517913
85.24819956340409,93.39991085404925
77.65157260355801,72.0645808838198
101.45967732395009,106.03612890877604
79.98954123404279,81.37915079649504
60.58733629837528,71.7317747933536
54.91216093184556,65.53413712315012
56.21368325784882,59.928378028701324
95.80173492023181,91.59831028300734
92.0953598981002,93.71124823912906
82.65321532632424,76.52637592031937
78.56650744908973,78.18021911320889
74.45639942293406,77.41655532066983
73.85774214103347,67.83020183677428
72.8205952628018,72.35444198664277
89.69130873609572,85.66229281573646
85.62651499391663,85.55290414078483
71.39465228604391,62.705677347122204
76.11762242429003,75.68111850151266
74.09924737295027,71.650671687873
66.51217058931833,68.5367699701547
63.13174609240578,58.48841196603571
74.37502406656458,81.72406048173568
69.05716130305969,66.42543871237751
73.09251570624315,71.04047149341059
98.11327741454672,100.75682467714194
73.341764676392,77.04839838963758
71.75576796074552,74.35424301602441
54.03338657729925,54.74083900506322
98.60785664643842,95.57574115914817
75.32014061846958,78.49318808115405
95.46903079915535,101.62260932283223
76.69619208184852,80.49292502347801
93.13878384181783,96.69367272859498
69.40893570222316,65.59824275821785
90.39038812662926,86.8643044378203
72.09614276684626,65.03103319468089
68.39786727339653,63.83080942139935
67.74298772412105,69.94004640883847
83.67238651594911,78.6105746204404
69.57539028988738,60.77950766347192
74.44407631345086,78.79070123920417
55.78997363993105,61.393241810613446
90.73506430154222,83.53817783298769
80.95621797494213,87.53086895659165
60.54341549999429,63.56939250351904
82.73492545054957,92.62437728008268
53.823519404858544,54.18867502256266
95.11140612772265,93.69741752975443
92.20541777230606,89.26981051174513
85.61321269142961,73.46628311313849
59.05673851313056,61.43423441165015
77.64308696091355,86.86415772556735
70.61372028728236,79.67029394830615
85.88613949423207,87.84647384192269
86.30956278276885,79.64947042554246
91.81315161534609,93.78718150649075
82.40795238330041,82.38349190164793
63.382545622406774,58.9143316407528
68.2992664021462,70.44294851335573
83.46766864123083,79.60321990226393
75.92873268540247,75.19592075448723
96.09476140823503,97.07605522791708
85.44157678999044,80.47824915507664
85.56776424063133,81.5521641346181
77.7192430487015,79.43681083277701
75.49624214410619,75.9351376700904
70.811977906039,66.34941495623423
93.21499384339899,93.39763157685593
82.06087641804143,81.63393301317689
96.13910807792065,92.36867184494739
75.43414356452558,76.19943761743836
84.25190283690249,86.76238566053681
83.60280558233931,86.7494519371781
81.28006753758669,80.53204697491776
90.13870079422381,86.55699850854936
99.47866395161572,101.11610495839916
86.95862072051905,79.93332519708514
74.17313800202271,80.22185446550353
69.78073042899295,56.74518546782859
76.77446531731576,78.67981746690873
92.89171791697905,90.4764268525375
73.7774244745638,74.16490820267275
76.75797939797059,72.3133856070457
88.52664002792156,89.94336909345576
86.71723486758016,97.85186667094176
84.30969316014648,85.9218079436834
61.05030081084969,66.24405389389293
89.49594994452235,79.04343382775728
99.09720068626689,113.50894157035081
65.65472922865848,63.94752727477323
74.98526694117423,73.06975854734495
74.83012730845391,79.94239146429408
69.05443924351465,65.25515414497234
92.99458548087088,100.02198548060935
84.88380340454479,81.72937132296576
90.30046445295935,88.76459104261585
77.56055658093712,73.23293236693415
70.38974490141285,74.22445518565482
102.12023428531114,112.55072532074017
95.14216557891721,95.09841732915217
61.682830627660145,68.82894620196664
90.69113172343492,91.30009457279874
76.89477958362407,82.46242719394402
94.216736734838,93.74596587076638
60.81575548201025,70.9043950945047
82.08747085216473,80.28817669024284
45.055108411821514,41.23899565416681
82.59926009857394,81.26379823129398
90.8458679497349,76.89251690095404
81.87808777739146,90.22981432437854
82.29726144986998,85.43533249929159
78.83280288690423,70.02758150960835
71.55987416618487,76.17866524838672
86.8809826319559,81.15714541123305
83.99974408910045,85.95144670872168
87.3862949038298,85.39851375987729
61.15194462626111,63.34322625453043
69.13497147575663,73.18796045207336
63.92076822161229,66.32767661286613
66.61285047338397,70.81536840977567
61.57477803067991,60.154787097725645
90.90069066705901,87.53627992139458
64.44370986561583,53.06637386716423
77.06474927164535,73.09872961387282
74.11446574013462,73.958283166308
81.86676785177491,81.45486487597934
79.93116428584203,80.75526949615977
74.37744308516763,65.57368288574557
62.49167386661473,66.75554096010032
95.54536689495816,88.52417997227869
59.36791461522004,58.750211736125955
89.13487374822105,85.25568890622816
77.18890655385941,81.3406902978005
92.02132921882166,93.4000279752128
78.64330972494446,68.73538966291434
97.2165554602126,89.0717456273772
72.56612797644877,74.11073250449326
93.24189403085539,90.28706604760139
94.34873916044906,92.31233514000355
89.36280553410262,91.42386893804473
54.51006624476334,57.01038835395199
100.72539921899146,109.63856781761406
70.89436567006013,73.63511345008429
99.40296991960415,94.89732648029894
74.32931344325166,71.67560953272567
84.98886978171096,82.38752417407628
87.21115141558109,84.1993250144943
71.01670983798314,65.55851581247883
66.96967108605104,66.85415317729081
58.572146070622075,56.620173395099684
84.0729544114954,79.15464631231097
71.37738332610645,72.64107804666598
80.86141465092511,85.54610502000223
78.15912803854611,79.7877303642205
54.130709289521526,52.11127779510482
70.21211928074463,67.77917800697819
74.72311978704428,81.83056034015142
80.580124904871,74.88408220334853
81.45800278255219,86.19730146146736
68.15572347388543,71.77872108976007
69.62319666857499,76.5106174693827
62.2315134226685,50.502910776491774
72.3139010101312,64.91712182792891
68.1728209081744,61.18830775655985
49.07735441865477,48.19515241522251
80.44694702503932,81.53902764687504
94.3030004805471,99.65088979262066
70.38734183047282,78.05866420534264
76.01387486340025,82.41009851201251
83.91666005442423,95.22891058048322
62.52622503130832,59.4620667392677
94.88574527810674,94.0299307032434
87.8476546053622,82.47041262594237
54.6129603370059,59.71173852038002
63.75770042559824,63.643973984210255
67.40967685334377,63.76000688633047
63.79398565485781,60.279539495316705
71.85281587177025,80.53265564723964
72.66125616499609,72.58398032172121
75.6452268122704,74.79046815752633
72.1496864839554,68.0187271901608
46.995182331328486,48.65131718062703
60.77320482553286,54.51515259874793
68.42760205772815,64.96439387271265
75.9615474280044,77.42223469519784
83.37514488010342,75.8516105869683
84.49961379470507,86.7189866883912
57.101482547346976,56.911195561445524
75.32423254288432,79.74374740553472
66.12748544015929,66.00545951542831
77.21423352452211,73.27589605702508
72.71041878746412,69.79038452526696
64.07835214750769,68.08886213076838
82.00611680441294,83.07925588019737
56.03058612135901,56.02715027654411
92.12443748638614,85.30212972716438
63.72260318256274,65.19474469924558
58.376946434015714,55.94072161949428
83.10723374181465,78.79250494099819
69.43118531786934,67.77052592891769
91.55258618278236,84.9082628234864
74.7120633785782,73.41952406804957
87.47043650328162,84.096708039151
70.95575520903832,73.49912484637298
60.057641411870954,61.066189235598515
89.46683495842844,86.31094743748685
92.93220415711038,98.19514734915579
91.67942899940442,96.62272765161379
70.41091089846955,72.23460910766016
75.95057115717202,68.44302415971262
77.35989300018247,79.54023721616798
78.80331202586116,83.98539695699918
91.67278090301447,97.10338447703603
84.27353698644976,76.95005115187237
92.92448048475455,101.59705111543082
75.92806454738054,76.26950652366699
75.58107507740411,65.41481959134151
56.03366603267308,65.19469803394907
66.6513675992623,69.89667097408116
56.92753631629596,49.080160968773
72.84593339705042,85.71217584628334
68.25237918088855,74.05292418715864
57.08458271929585,54.002433699353304
96.86495063350645,109.51069175683352
71.78476735452917,78.23935455537233
69.56674076286941,72.77778335155111
74.15247409844487,76.98497056401828
57.1953686268568,55.69519587141107
77.39738656661892,82.37264482356855
81.860444350714,69.6948535017844
66.2590190437135,66.25500467812651
87.46366523625309,83.13722928018528
86.48387092091447,84.72114840414682
55.255017386131435,60.073368139685634
94.16227867932598,88.17334652574165
63.670089920293094,65.84605089249422
90.82542162357181,90.06118370340442
59.758760329358196,55.89960216209907
65.92478406089676,65.25884657625006
91.31090271461156,82.75208434317577
88.2872371911176,88.8175075709762
60.770629599347515,64.21000556415534
79.33064736824572,84.06735634328363
74.96683543607969,78.48212964325353
65.73040386133538,65.69458677789788
64.60165417937337,64.84690632296349
76.72345605706197,78.85953477055297
102.09590811330003,113.63742318282178
61.03363645521492,66.06715646544839
72.82738888936774,74.21589191218317
86.03239538886717,89.8585741248291
68.69228268233661,72.74494944409916
80.60918327136162,74.69245397831621
62.40164253841075,66.15606382431432
59.232771593148335,52.81468959096624
76.34733801128085,69.97583652389064
72.45545506012628,73.53850072186545
56.47596072135377,61.72664087311161
81.72338036852842,77.4821071181919
75.07436861861154,73.18106414050698
61.92808290571202,63.01847106609732
74.49033837608702,78.95857510022972
75.82786540255775,73.29966966018048
90.25913471801827,88.36142177870367
83.4798563295219,86.4585111593727
77.40480075571237,78.27066268817634
82.64199801510064,85.68104396113279
74.03612920095314,69.72447132416798
62.84851123293097,61.491890943706245
86.66641050692823,89.61973935327836
72.58615064364311,71.8590322214111
73.64118632209419,77.42929266620249
90.4617140677556,73.26378105922586
82.98624544808551,90.1468068734645
86.15313711926719,86.51082009875702
72.07464001667815,72.25760743015181
80.53812715018321,83.72789478834422
84.05455672489751,80.97073294017179
64.3515602540952,61.239678140637956
80.65592539718278,76.41823380526164
94.30667093259406,93.0096880925847
99.71823151598501,97.55145186081134
65.29286051904558,70.96559146595911
90.83587398044708,92.45902141938488
94.09019755480466,85.38213386643952
85.85454932428384,91.9538565613834
59.372025176178646,76.07240585556008
98.61388478092489,105.10805031599463
88.6897993161164,85.53992904006851
47.3793766119747,35.682844776163186
98.02296586894732,107.2409263934204
73.27518506086334,72.56016269725177
87.4792039329542,90.55327599223119
78.3665396584766,85.64566498566995
95.07686239465573,89.64935806605561
81.6892596811178,81.75862368094644
60.982037785440745,51.45328018227186
63.89130945416999,75.42688149928402
89.93903499604184,95.77281775892206
93.25402941150135,89.76626649459186
81.1454458594749,84.79542103052178
84.18046455240497,82.25951459636799
69.90795565660048,68.48331806358411
88.96350707523088,89.53736850748442
61.73437911807866,61.952943543861814
84.92995533057017,86.95134901986928
94.62678038191422,85.90099882775729
54.07454903950771,53.00602188236537
85.58314002457138,90.23584473960011
74.34546633506335,73.3405161500985
62.85486751290053,66.02859377142306
87.17393137611428,86.12218102922151
77.00849124814668,73.34649035086036
59.38910910771838,67.10181705379166
83.44704141508511,95.41252648723513
74.92972812292994,81.07248107097423
71.17344634382147,74.271390962358
87.65356753665647,93.72679288889542
85.00780948859443,80.40866811124411
59.36609194141872,52.03547387586801
64.6033615211329,68.78247454411357
83.06694944623145,84.3685710213948
75.94693715418376,79.88626462840854
74.68265477802332,70.47119455392975
98.54550246589437,101.24270303697773
77.07901156016628,78.01146176380429
92.04350317158686,93.51227634145606
64.64212195742054,58.903284569099576
77.10433478896779,76.47725060322587
83.58929994367263,85.62696063836256
94.12200099174292,91.21308289973837
67.80671292584059,68.4490100329297
94.8889332231798,95.50002876091816
72.78413657401248,64.77089146534166
82.7797340353141,87.1520966276136
62.48100220714821,67.84804096222148
75.1697662880589,73.28605842791303
60.21524096638235,54.18559613253091
50.086620019161295,48.68450942773397
68.50190292219041,66.93804829525615
68.56117745372877,65.54590650513587
73.15766534060937,73.39886893760236
80.64133068884937,80.24564732858944
86.4640265012856,85.65476704337253
66.34915412497365,64.74458211335492
82.87414562159688,79.83596028018717
96.17496603213583,97.26092190025298
83.66130343375676,92.41373195358331
77.86370638226056,77.30348592148479
61.16070583675389,63.506424927996335
56.838024922285,60.0882574046678
57.344528591654154,59.4373410550061
77.1719082416663,69.71104113280755
75.81285776863761,78.05781902793626
83.91285247416629,89.63869180995049
98.89551687741564,95.14008732519679
93.67848903357363,97.98423504113772
80.4898868625504,74.4425274086716
62.852985684255735,57.260001876940215
101.47618253798642,103.52505710644778
95.1500316909541,98.11269730067711
77.16624720586593,78.78743274132582
76.1786972497458,69.03414841873513
94.34237222536464,99.69513766802316
71.34728220484313,73.68993586050127
75.59077559130068,72.62703660341158
87.8824837466142,86.40833115188039
64.38175467778291,74.546398223021
82.22557257329494,90.04877833807464
97.091557217872,96.01627411207855
44.72676886781166,54.68842896005441
103.84124577608576,106.7068717237324
65.15196449154277,67.68154056605891
90.80550670235306,87.86016966027634
56.81294790870064,59.60456855304876
70.93154338839719,71.5437534574072
74.45186370072344,70.93886202567319
91.46932499189526,93.2468267234328
91.37859354764316,92.55929487291675
63.97347615443515,60.85503057526359
79.62146325642114,78.21291173821785
78.93007982925441,77.64228125343062
59.33556091938542,50.516499185971476
81.17717900271923,85.21799049590268
83.4461064545999,73.48763755131047
79.21442093781143,82.57173210650323
51.82647885260759,48.638919811393635
54.68342638214298,60.32656815910171
78.06342829199555,90.66328665468504
69.11980163552468,66.73299796814938
66.51477393858148,64.71504516245543
49.95992461812414,44.00737608986921
71.90785209037932,72.80552820306536
80.02363704242427,82.00116630454171
72.7946032132846,74.9114312079048
69.52671172165681,71.57473718440315
96.19255687633729,105.6569567634486
73.94559068717362,77.86251354766894
55.959700976994675,67.84707441602866
90.3657246699541,99.59056108035182
58.89423132738374,53.04146777809397
66.27967769177164,67.47463838904935
51.353235809385126,51.77591154721364
102.25285834988209,95.50119603731642
78.94796426289294,75.43351556227941
63.16089702079909,68.82425996594745
68.3405288602046,72.24741047236274
80.82497181993142,82.71575017855754
84.51558772189077,86.90067467888629
75.97477070475162,67.04294121549276
69.65646453869311,71.09127003687641
84.25941076774619,81.84221803343277
82.58071015084731,81.41838596151581
78.69589864069135,74.39431600148923
69.01202497998094,62.76977201220286
67.06149210177642,73.38713849341302
70.34571911025469,75.18562043993245
84.71496850033868,79.15043034825004
76.28872788290542,72.21018962255614
92.66314452214189,87.61057073309243
65.85328432067483,60.34247643181269
60.692315755111416,64.60413812729564
76.04496201496748,76.07485795736491
68.95436346463714,63.94512913861935
89.27131820436318,80.3240535820062
69.23368422949538,70.98760856610771
55.54452640537738,64.83437874556441
71.43321506650886,65.35693923130701
59.96255478626189,66.60250497139047
72.10008887667335,74.86598444115221
79.01514738195354,74.22410040641662
64.5562717122243,63.546834434124314
74.39661282795211,82.41645275260629
70.58270969590492,72.69682162476691
86.84263541548526,81.02946772022554
69.46942009763491,68.21664708625278
72.26713054952536,65.47341996218182
88.3142408921493,85.76514276365897
83.22424309220071,82.26793801624248
75.36449620281503,72.93319277732282
98.34072959229309,112.05802521801621
89.6722790943369,83.62208224157791
71.94400828272728,76.65421824493919
65.71645641150349,63.566842934933575
74.49704746237563,72.57816319034802
84.2668489676317,87.98971390709819
88.47415892901437,92.06756439299194
93.10682474802074,93.20277816933168
50.47775928580159,58.84046331664774
92.86534675203006,96.75311743910609
96.10857771750176,100.38847540109168
87.46626889810427,81.63060379903862
68.58088121965037,74.14885928890745
86.72141831052978,76.45007995680467
75.7360252227907,65.34188602539017
68.94321488390547,75.78936600155723
84.27774857661186,95.85506094924489
79.66102225143102,73.40259278242424
60.56104974089112,50.361744530329894
59.75246059682005,68.31688907171495
64.41368532577047,62.5630785552325
43.125162951759165,54.01342152346406
76.1105733149652,77.08115673377196
63.14148036104256,66.61665105279242
81.87855432422283,82.23120528525538
94.48697309404206,92.42458761469291
76.85883054057082,80.22548065940026
80.17446470549716,72.77661270117585
66.4203322834082,61.52253463526144
78.5924525638833,85.230351714757
65.22643204600978,66.36080039819005
87.4182478083564,95.91890838754999
94.70317739937282,100.92091318981105
66.93976152072017,73.02711301327378
80.29242425823774,72.46459046550407
73.79219822559271,70.27118316960949
77.18996556114513,72.58068770269252
91.45292540001559,91.1986407075341
62.780921768172796,64.75902698359513
92.60164239849502,84.45521952051136
77.04881704828476,76.83766618903147
62.663585284757644,66.13922758302807
78.781683139687,73.48561016232938
56.28676025369696,55.06161916130326
70.85662992788102,70.60401533701379
64.12326162281695,64.22908610444978
73.46931726863654,76.9750026494661
67.99159437744404,73.9120075816794
88.61032471274216,94.34671371514835
93.10478414557659,98.15506947890447
78.28211960776348,82.7773526346151
66.94387542428004,75.74131928054993
79.29216410863505,85.31419739844452
72.52886841810172,78.92168167468546
73.2596025334705,74.70909041156024
79.9915795266224,82.77715821948061
81.66108077433876,81.71790844164875
81.30141717865779,74.57699235621939
70.08968030702137,68.26831840316278
84.37734851245213,79.57009904696757
73.8747558431942,68.50644429935974
70.8356987970859,59.16663287347956
99.46867615431317,103.47875987726077
79.52221877586067,72.17090802911859
84.44636209153296,87.50243070280197
76.37016188401496,91.26000930578599
90.30757665150884,91.50751729340912
72.48391740892505,64.17136522065194
72.60088989013715,75.51998392116266
76.77812933506497,81.3389152951639
80.72125897191596,85.07969816988332
91.20906097825015,99.63146726525444
92.29516385462043,88.95489341930028
68.4653464205275,81.46960719615196
78.26826894436482,80.76246093115213
77.20011054743834,83.7458972236797
78.24228706228915,84.5710841417751
78.30683527755211,76.06120522348581
75.51549586997744,74.82586254315073
85.18683628817148,82.77884924262605
90.69178999026738,84.93649782461551
78.76763105736727,75.00279538019188
77.66597436675183,80.95381303377471
62.42333721991778,58.631240885419324
52.41626281928321,53.711798938059886
100.5941155970489,99.83842837701143
58.36057089011246,55.88613925552818
73.91167438988313,74.78531959477849
66.67066787594754,72.85199762786596
88.95222999545703,83.94538297704062
63.284998817886496,62.07851236767441
76.77392681031522,84.94847624803656
89.65390681016073,86.11788292206792
88.07057463293516,93.35599272875025
76.64434517683455,77.6069317826268
84.81357513729229,84.14634696772364
87.40783600855018,82.10959719929266
77.3846735863558,71.98833314255626
66.04692106747267,68.38523665132202
87.37656371957978,90.92859029903256
67.34566327183187,59.45883401394531
66.7477871176902,70.78094002566134
88.89483100129608,80.82116761210243
88.848566115196,89.03286166041624
89.6117217448881,78.8833863455223
73.3088798795993,68.29088353535849
92.78689073099737,95.69485564176595
80.07058138890665,85.74164747305447
72.39121866693581,77.13995361070198
55.98240263979428,57.98967723128074
81.17213697731991,71.47893103463728
78.69766720416698,74.4590699659152
67.85018971837468,60.81650491483305
66.75717530119884,66.77705122090524
80.1966599540508,81.01871512186993
71.9292195814323,72.8707948381059
61.89957925352621,63.162566805297864
88.76872545711142,96.80364397863725
76.82086569063351,84.27750712455628
70.2775130752373,67.32669706344521
76.19437193638672,77.00022277527518
66.85706588061286,63.80952358655449
78.82030140996717,81.46693267531515
62.36605293091421,62.26634092845558
86.06737896119311,84.83412011075828
57.54023833846895,62.04337857276676
64.99978793290553,64.8898766516673
79.77344412469756,82.92527175896171
78.90445463200751,76.68067514155028
94.04118816623702,96.41758033970507
66.83954537349825,69.07861864592665
71.1856053678228,70.13636288099488
94.16002390024718,94.50241449684874
59.118079175933225,60.51146600900218
72.90410287198503,65.83699611609201
73.40670820312192,78.6220513455037
52.75331493553166,50.3923897621081
88.41937744496582,88.54456962496562
63.57092967304161,69.83442567286285
91.16728229617573,101.57542367791307
84.72344306849482,81.05987593579313
83.52600411798979,75.35356457358778
59.2010033264353,64.84051665354431
83.60040082411368,87.00828913478225
82.66232141665246,85.82416331315642
86.85558292237684,85.9785117417076
78.59173373732342,78.57550665892026
84.6056947014329,76.44610334199507
73.01992325473718,69.51623219044185
101.18075919705838,103.60094485174908
92.88247219284395,100.89415212776991
66.77352401026155,63.22719981163467
76.52598159610564,75.99929657602596
51.04865730188975,59.54207395953533
84.12116530443224,90.89732989219324
78.61794829926781,84.98617403470037
82.21021792641481,77.94656990931128
75.16937288414177,67.8664618591308
83.72200642750204,86.2834214866692
77.53044751552402,76.642290243
93.700423046083,94.2785387330267
80.83328068550836,79.67937130872336
68.59256942147813,64.73925872835001
82.71704774045726,85.00576862249675
78.09036132897874,72.36784315502643
53.31307896257252,66.92529989733787
75.68674725444419,70.63695841524633
58.143254574864024,70.11723734780593
61.488023350416235,60.570060539653866
96.48673770052275,87.9665701415131
93.14667145050798,91.84482506923295
92.73782058132434,96.52988070138564
96.37529273273472,94.06884766890724
72.85238250676026,81.6981725605217
79.31103040550721,73.65616565084072
98.28584948332562,95.21595545507624
84.64996841476051,78.92766960457774
87.81831668525936,89.21491472880312
88.66035919043496,83.27181024434117
54.8357466672109,52.57797977677154
67.66464059484937,62.90842960668474
77.03640685850186,77.67247036522684
98.21829083467127,86.25242537474143
76.01551534553703,77.76239891363187
91.72837391998821,86.87221136508597
80.33098569790819,89.4889665579559
88.50943944047823,77.18766034745302
93.28571814104092,83.1614451475789
94.10299030114031,94.10390527878324
62.15163208218922,60.85203226443121
76.64882579681165,75.12790411069155
71.61879629130101,79.42560245931098
73.84714881235423,67.47876484395155
78.348515002339,73.88000293682113
63.33593499323337,56.01898071013129
91.02953800445553,81.26376756982243
81.27001457728467,83.37553003208271
79.26213528080233,78.98701352697631
64.5398746806523,61.93280444925046
80.76021375815411,80.17515315524784
75.77742944797544,77.93369501458697
82.84608007241613,80.34015149609156
74.17659618159712,74.16088952007212
67.70821871544192,74.43774212567678
75.979925501626,92.03752666156272
78.54966696002559,78.71860255298017
63.6101964892437,65.43789855656286
93.93340032375102,91.64798894756566
94.29908161588072,91.95366183350176
77.90401395538711,74.71334065664009
87.53682031471561,83.95764106192641
87.67726057572293,84.37208104655267
63.84201285977148,55.13283758054354
78.57506002736558,78.62152393657503
70.95378478797656,65.48250445562483
81.30793820887139,85.02134006726703
79.21703531986628,91.067967612422
72.25116078296416,74.7389301818943
61.494455584705804,48.72862760367309
72.81864209058172,75.37916425380257
92.78442825564997,101.30030196745007
97.03369201142571,109.35689516725503
49.704539795504786,55.5322421204796
61.09570169655135,64.14404394395723
90.75007792886777,91.20129608558513
68.84495431447897,71.256809515711
70.36453531727776,63.26126766822833
78.23420166458116,85.0925537204936
92.63752401963824,90.67913781648573
77.23138237018681,87.62141954275582
73.50176901370851,60.12194988869664
74.76147780057232,76.68704093049548
70.66836772687613,67.25464995998894
78.64127870448493,77.96929733913416
83.63745159947946,81.07608152664224
85.66980884897164,77.23156273354361
82.13320594512246,82.72185941200893
80.32400572794614,69.93633558969981
59.106175915577346,61.02829093630167
83.4037698179922,92.9582200863787
71.99289897310368,68.5548502007786
85.59820786303348,83.84339392141914
74.03987672071264,67.9209229251555
78.82925840485746,81.49229746593838
50.46794377691298,57.24497250295931
87.40894754690468,91.29965844373345
86.61839493317609,93.94215526261814
64.49508514857901,63.97883939570912
73.80976017964178,71.821116069592
64.97609771028617,75.44733400528942
80.65873247131881,73.15128693069717
84.92246495398756,89.81568077841042
93.00639071214513,87.68927597863082
64.16623879315911,66.85799999553154
71.0151455647344,69.2925842772029
72.82222055003733,72.66188546624554
41.873225347800265,40.86599674244218
60.08681737960201,52.88565740101527
53.33808842629488,49.51237240488777
72.94211127302714,63.746849965900076
65.84590481202864,72.54065730838664
61.43135298487643,61.523355349405996
97.37145760807613,105.39449965640468
64.04109387065289,61.07715133420689
87.82713569467056,86.10834656928989
87.65351290476397,92.38252404509103
70.92966375166809,69.62228297287918
53.91807911198426,65.27185062713428
88.10632009351912,79.06341067921042
91.1089145678955,99.02502006168162
90.67354553907798,86.5884384385705
84.9480849758704,89.4047949970037
56.58293592607051,53.27408052042618
64.21530865718921,68.17722327921174
72.83170557400092,69.7252014896726
79.54390126615685,77.29475897320371
78.66966364521599,86.52179823486875
64.21369962687973,79.24161539209197
91.35101610253548,97.36483615873952
87.19083530118482,85.59975038895303
92.73219198326703,95.66973189670648
76.73209372336774,82.27201690963247
95.29172381664918,82.99665022941399
80.40226059622582,74.69099898894157
41.348389041946156,57.435789151866324
76.17373684027608,82.26566970245344
74.79800908679636,76.9536786201113
79.45473647986825,75.08146417892344
80.72380543436972,82.55571043019211
76.13276458791951,68.5293353477589
99.3874790924537,102.84006762125858
82.77168395917244,89.1717835935255
69.73621231752207,73.36259049261281
76.94718222764907,68.6796495671665
68.37273744829578,65.08594413329999
97.62383158507956,98.13615628502188
61.78466538120276,63.48518574009684
76.57272946711107,74.64529751643047
96.55401648391161,91.97067761681276
60.32672753789737,54.94795225414073
59.6625675547711,55.26751036363653
98.94359453344505,101.68166276280068
70.918181810632,80.9967555436737
68.99940820299787,61.803160681111756
71.32325006680384,70.05191184310365
82.28271684328213,73.43504097303082
62.77913611485539,67.03943655524051
87.48819102595459,88.21750813134703
66.20064725276492,54.50943393892315
99.19309167429986,104.28624806819658
75.77282748821186,79.42902855652001
96.35895229278285,97.24719557899715
94.72553627393351,97.21246097793549
59.3508115481151,61.98796711877891
67.19698007964108,62.13325224355824
78.5685039418613,89.39007476769515
67.817261161231,69.64155963595185
77.83369488597256,76.24181912985217
78.55812053101204,84.90802911665568
76.52670966675542,85.30489503704318
66.7826327041245,64.53543356443875
95.10202908793954,95.79693115479202
67.60641537821208,69.9680247141078
78.62788454368251,83.01261258085015
100.35143298228712,107.82290836041062
75.9080057278441,78.7717162874649
80.15574561746581,79.29068505728198
90.33874801214954,86.5186541211208
70.76506615704119,75.7765366670165
70.47471343942,70.45808753960848
76.50673463562254,74.19526633235611
78.08014419635633,85.62183155616432
82.1329760329583,84.24485688142306
90.57013796333197,78.83795412520564
74.58781581485387,71.93417155054266
77.33949506880691,81.46410791326076
78.21456230444727,81.65142216877834
75.67501124967794,79.36296425532896
68.85570518727953,58.0567989554114
76.21758005928254,71.43382203818807
99.28561450222239,98.16675875330317
72.02536838233486,64.00313836333822
73.22028896822657,70.66734152712338
73.46116854744604,62.577102570599486
70.6337384114108,75.08249804923925
77.09117889533485,75.88070893519904
78.99483055296494,80.50593796234818
62.27357793833031,58.88698492763913
64.78808046513132,57.47909073311435
82.89137426374019,90.63037919916073
83.38288610350884,85.75268971832983
72.77719107779673,76.52395805338494
79.14471353647141,73.11313849978339
73.39104221424554,75.29127160060165
73.67352274030445,70.20117105923354
72.31475011714164,73.61817795549375
67.14024724682231,63.4452791461955
92.89231995749844,88.42491224033577
88.56527439858787,85.08328334698763
76.71335802625877,89.08973858245614
88.75335253028905,87.33929247345174
82.1040187609868,86.38783805557367
77.23806737722943,83.9294875065476
73.67529342420903,76.61260976285048
85.93372107561476,88.05386021033789
92.24503839997314,88.06437679894432
65.3674877692593,67.50065259943382
70.78510149447123,67.53744714026291
83.67332631484446,72.39389689791227
68.94681257628561,64.65035707704311
72.20557010087508,65.99757582603347
94.7583291047649,91.36553451382471
81.14725641455082,85.98305211904724
64.04301490877818,57.79124520654204
98.09530736578488,105.94404923571182
99.56659925158917,100.97368711433171
75.54532497722904,88.33038347595941
69.38553950107061,66.91791504243723
80.54772476709243,79.29458555125038
95.27683245042861,95.82624314910186
56.58314374395772,60.32279760612708
64.21264929631985,63.37621562326147
83.88122742779439,82.03198923151498
100.00836455620313,105.95821093114567
86.89426707442165,94.04473378020698
79.09396986510083,77.25853951763722
70.88146637088116,90.85878436414653
63.46816264852732,70.06073453554252
83.29945150868419,75.37171153169194
97.02501384469093,92.54640109764588
74.59175105589077,70.06006408836654
64.52172536518121,57.68282183944678
69.55476131088139,72.6945853652301
65.32816274260364,70.12038009044315
80.93555886230287,82.99035841894367
87.0686102113899,90.55306324748842
86.90089649771622,95.328385860791
72.78980078867195,65.50975965992342
71.53799463287754,67.85433933177333
74.87735030510734,69.35340151915207
76.84191888113722,86.03805647294475
99.66688686991962,100.67828011872933
101.6615703191311,100.7173613681326
79.5497256512954,73.52264846705766
80.09671797778611,92.22346268819392
91.27727820490573,95.89326179478063
88.84326708035202,90.76835782983251
70.71739701543538,59.746785668254006
54.368503906578674,66.89117173870217
61.59191604492693,62.01776892085172
88.02223238561928,96.78988850203538
88.35298957312585,90.07697741060369
73.9506298573586,71.6023009658105
84.59931386574083,78.95082908150378
81.54251578073514,84.09977413839206
98.83361011404307,103.64590865252197
75.40105873829853,64.40700601253681
43.45834973079635,41.35388122027077
83.61122930953226,93.8858149862669
76.88926748424042,70.84810057878579
85.47278119902636,80.27343606968483
98.83664844178129,109.43328493777685
71.7138765459796,67.54622871472914
73.08018394749476,81.47894528842477
81.64256206600515,83.46427257883178
87.60348067249124,79.04242070448107
71.36148329574779,67.5635824479354
59.545647304710606,57.430836339342825
83.53517633130207,75.58237893948777
97.1078882977886,88.7719097162256
77.6154532517771,77.79010006047186
67.68732153546003,63.36161667690756
93.08453282338667,94.52172810737466
81.98669183415298,83.37252182763973
57.61143823703112,64.09674074840765
76.08459135291812,72.14838414159937
85.95878372129842,91.55527002514783
69.79078666052803,67.20740992519961
85.74749679879902,84.60523505811733
71.0545420981555,75.52661139306349
71.1728427042094,70.68842139758051
77.58794864651175,80.90493448586764
80.68800424582616,80.95101277129308
77.08034719537658,80.3769842123942
79.22658170543662,87.54997351769892
56.69095000273161,61.62512494621109
93.20748273348143,94.42490188951541
74.22631021406582,71.40106480205182
83.79228674690965,79.41046497537226
75.29215487876438,69.03833773466958
71.96609947151126,64.10613398155161
67.11857949049048,61.05201010318963
70.73496762790782,69.77692438499061
87.5646775194708,89.0178080670117
83.1263786607627,81.21036909614332
71.7941072651041,75.54800716751106
71.12229053711745,70.83812558533786
75.49687643898889,75.10507201737957
60.88915810332969,59.32147924187906
80.70024346062793,73.92007329056474
76.98612456503385,79.48139818707571
74.07031650572486,76.65949544701793
55.529103580492,62.8092898454102
64.90152166521251,67.43591470617264
83.71625328750726,87.43524614881113
97.2098366849081,87.29354594124209
90.93471594475496,99.70573778165766
74.36228446026594,73.43727534439145
60.546840161108456,55.80375514183922
61.169486305211365,64.16409133846581
94.46099859330168,87.12025041356249
75.1831694499807,78.89886573572034
62.0784301289863,60.97047229301342
77.40990053127203,75.40670819902729
83.4857388832772,73.49792736437168
60.64430374368179,55.87947779063142
68.6484360077855,64.65296482568509
74.31108631554035,73.38830436045987
88.23436334090482,90.32513796363958
62.444977823251804,66.7796401253183
80.95695935747565,84.81528396667889
78.86910299602589,80.96349313792061
71.60112252400296,81.77739273563407
69.34099830881563,64.49989237143633
87.47134332828274,81.49090797240792
61.39152523308956,68.29808860323213
76.97462129192361,78.02653871711408
65.23542523198203,64.40551490542383
79.46831921498634,74.49346420243515
77.51569241851303,73.05639303846232
77.68449449653215,76.51927065628314
66.46333148956911,61.40365949262822
63.57424965471292,72.49454208803618
68.71392254382347,68.15329438413745
66.23456216958895,59.99258415152347
85.26586926679575,80.09306228859495
79.33789074877038,80.94087950906251
95.83657665239521,97.75798135833347
70.30222545264684,68.5180379383152
69.33465462386798,70.4280560108299
85.125263426851,83.00561373408313
80.47189978427211,83.34893877131573
61.00861165095381,60.86667346205672
71.47118454720179,70.92119050697899
64.6377467173297,66.507732314621
74.93763101480674,73.60038360894004
68.76657043981962,67.16964613578119
87.20702165876607,81.4814323441111
70.86107887988497,62.436549216713196
64.74284787313455,69.00523161087426
72.70192108123723,70.04046586741428
80.4269605605216,77.45575538591305
79.3841405370737,76.85664253983526
61.25205127554706,66.3412985577961
73.67508545803199,70.79599750558474
84.65016130913351,88.81997626041588
80.8285905007046,76.79708559126553
64.10029988253777,71.65701661487505
60.10958265549224,54.05436413036226
91.99531007236904,88.97896619577821
70.68270198181722,67.75467342221728
78.10752235738323,69.94266899775583
92.78699621772166,89.88048261280755
57.504839226098326,58.058011202802405
71.19257184582344,70.14437837909804
86.25429910510906,92.80786125153614
99.21202806798617,105.25052336766137
82.30237058137887,79.84503396759754
63.86442821819941,72.67320717378739
98.23210695348432,93.7675731008944
91.97191662866172,92.15248905109203
80.10002387042192,74.20873658215342
80.83958908298399,89.76045353975368
97.89120231073514,103.14139444953842
75.4562546144454,75.00633567343301
66.77115563660684,71.47959230855842
70.54709133824528,57.49538612386543
71.015719909652,82.30899999305379
72.66897431174736,72.23310221326577
56.167962584642375,67.98837933420674
88.35695947988556,84.56324943603379
63.54588181570835,60.462740346242555
84.32079409599,97.01318132495332
80.42436115605808,87.09873339112669
93.07773440773742,87.83724345530835
92.17070885620242,94.91122563601877
78.27350715249007,69.33279534569853
74.97860782638988,72.95738730733697
79.19243490182676,73.6697972157019
103.19573151872545,95.42906250148697
68.85482286945033,71.176451308129
85.83936523108514,85.39283661614073
76.95402668916229,71.03065373370745
77.81375455807604,75.10901935633773
77.75846405370349,83.37826128476247
86.25091808089228,82.79530390700113
81.28788036077391,92.17154794113996
63.592138344177215,64.07394196956706
66.87782298903545,66.94330813780113
64.3913861886215,68.590335651372
62.106796195088215,64.84875520321373
73.47851579562168,80.73875258362139
94.17258605109376,98.53432510968392
47.055877197933754,58.877289600430395
64.25490667246598,60.19560697105181
76.28256986895472,71.49952900690555
83.34534609356808,77.94616450552901
94.05484042708639,89.51991709328965
74.60567563779071,74.33076621510561
97.08149209427205,90.51387266684466
57.75839757750898,50.882094114607206
85.8187710212499,79.07627541512309
80.8949583601703,72.50307932422494
85.87966624964311,82.07831133714606
82.22497629847783,73.08822690190591
46.80408571374562,49.556663090976244
95.72903248224127,102.73994146432278
69.3236992197276,71.66950216217293
79.3023964795807,72.92635732905339
80.38918531906528,85.6010671294847
78.93903151578833,82.0910700038754
87.53490636152658,86.88708290368845
94.21470087820248,85.01253632385632
90.28296174815588,102.11086582279492
80.69254273946554,81.99643981340853
97.32551305200838,93.8175050838155
81.61358950118654,78.73298540622655
92.08084839616492,85.0705391587671
87.68251166023397,87.11475843236092
77.96793541359737,93.68730103513913
79.26733162309087,90.76617178401469
77.64479812437507,70.1815513448809
86.00656770180537,90.73870186977544
76.08716136865215,77.7963207868814
81.0791042264708,88.03499008130835
75.42010978692596,68.58403837552976
53.34748265105013,54.272287831283116
93.50578312982816,91.85474412060648
72.47404181846957,71.55671772001598
72.30396536436803,66.54869863978715
64.14554381546,67.35798936550215
77.45700737409132,74.40859736645888
75.639527633793,77.15580567367489
79.94612212350862,88.67091638942942
88.57163661513093,92.10660739793825
91.13323747217804,79.81937874072966
71.8556100028566,75.26486523431309
84.1973236528577,89.26237564501274
74.19408903748986,70.60194398374047
64.05661901936612,66.1060948320187
79.35909846631559,77.90947860444386
75.98560079865085,75.54034748265235
66.50339450782698,66.62990155758095
68.40972372638538,61.4600416016866
67.31194655509398,69.86606214834968
92.20301118946408,92.16237046048589
85.89423226878084,88.09231916214985
60.9029580043177,58.663080599678224
86.50195408075376,83.7489094331919
58.65137910828821,69.89594554495882
72.21977901399454,74.50935297321875
88.99110418509224,94.40624737412098
71.34638821424059,67.83298674401311
88.71447329344258,89.25131531812956
83.51335800945064,86.53553540362229
73.14898087343796,71.67029305144358
70.50650615162459,68.38053920160993
75.97246669817406,79.44362411461672
61.39511653809547,62.50754586053941
56.55219151774592,56.454155586077874
68.82063704272396,71.77543612943175
77.97112538893634,78.50037807870993
91.37971443138849,92.66786509575671
64.94600707325992,71.7510907353915
72.09101448076834,74.79880268004386
84.54165886996668,87.21476040863448
80.87052117507825,74.63994349151625
89.49727025191821,89.52860051007963
55.68715890183567,50.51552983091186
95.29213074349184,94.17588138938184
78.69727606835923,75.28838873694193
67.24464744105563,73.83179085832114
48.510691900673926,62.50293415999691
71.7875271365383,71.86075869013806
64.45916390878112,78.11770172437369
80.64760648510183,75.84745494009447
62.15852216542794,59.34709724561509
89.28915095742875,92.32181323881417
87.00262192841474,94.61073428959263
45.248697203405264,49.15964318827402
53.46937064778942,64.04100979255688
90.40913476453905,85.75623883637388
65.54170390146082,63.12253037830456
63.270874568049734,66.74960287339758
77.19014091317557,72.3201437460496
86.17292240274233,78.47734276630305
55.01274202120178,56.91411701398507
71.07889611876377,77.56340598035318
67.43189057768713,65.47225481378656
70.73043839487333,63.60470784222539
76.13432327037684,90.25786948209706
80.03448974702137,84.73804333869556
98.8549003330178,98.70547920667731
73.62382354359343,80.36490405562955
85.47521926861296,82.32244219964096
78.00102305665679,74.7073506489406
94.31025851491366,90.13231194826795
90.64703948239124,94.82302292007864
81.27515405412426,83.24887768401688
70.68072125214456,63.67087517367908
91.05954144700367,81.63393263196323
93.60455437977198,87.424728674007
91.44602711930072,86.28754448902356
64.45517253056389,74.76751509955753
67.86648175813589,69.401446372576
67.70440359006808,72.69182441231575
90.44240548064633,87.00454189008559
99.22606964389374,98.76399868409241
88.7857632052412,82.38365512292512
63.10171294363702,67.3478803722279
85.8822847397702,84.85338821428144
91.10699005703238,86.2890103707992
72.20704957184167,74.30179433018812
98.17334687999198,107.31985637252575
80.25544651280278,78.52719524586179
92.21792174883794,85.63504849783773
79.6176667440143,81.08850753360473
57.254213053230195,56.18255634270604
75.40764856402639,72.99477320410094
66.91225164217256,66.54105173948491
74.23925995653961,79.79684784366873
82.765120011202,71.03578541186785
89.39597142277297,92.42030348008846
97.21076422558377,97.04800155790673
69.20115005683778,73.31281511657903
96.22206061556797,97.39738797657238
101.691478605173,110.73933288620096
58.518794519884615,59.46684211610758
65.35319095159313,56.178438153928994
77.82083646732345,66.74715752562989
74.9623568021264,76.28376547885358
69.7211680592781,72.6205468511857
67.24212473764811,61.43825186480882
59.031436279012844,63.23072129638161
72.83269479021611,75.99058753286346
76.9294688504426,75.76785809158284
78.1484202064362,69.20760838562008
85.73813356441198,88.11588044677771
90.20189355149829,93.30119763197371
76.5006896536123,87.41555661917144
100.76528630481326,99.3857180076044
79.59995099276645,73.95125806401327
87.1645086314874,85.80260143383138
78.84006872293457,81.22834352003883
84.18050057761172,91.88433972402399
86.40138427754802,86.0017565483403
86.10576525794525,89.89548355437341
74.0115597566918,72.00757031083917
75.85459239489427,75.00985565551198
85.61177655176729,79.31052560848812
55.11808623249864,64.35853753612857
76.37156374274838,81.53030094266235
57.06507415582504,67.24945850064756
69.03683098653902,70.14543287589004
82.50822605166381,96.80899156578815
79.27127422818357,74.05792858974897
83.90582372885177,80.13718799212111
84.38863650036545,80.59561265416073
90.68957981482814,95.05893601610278
92.1470836155917,82.25337600074175
84.22047359316099,79.80366270712376
92.14735541230242,79.59444333804767
79.91374922121047,77.98991412547977
72.65685350400933,72.20176871834047
88.0859730008512,89.70405410884261
64.93156732041558,68.39723356706273
79.2700089841863,80.7217346253183
86.93089447481131,87.42041049668
93.0198325864394,95.51199738080874
63.82687643452499,65.50726786512847
71.73276900334355,79.29105812030735
61.90743810615458,66.7786028289339
77.49958536814857,77.63075999839322
69.14245727871456,58.933471249468
68.54807586420014,63.264580813411946
72.24981771152905,72.47448673290609
82.62414416388658,80.32590044709464
71.0632749109533,69.15206558735997
61.395784837747925,63.51934059786864
79.59826478449145,72.25392202604607
78.5352164298881,84.84442863441755
86.71615518889335,88.89240294554926
87.32576696374117,85.95238712509969
56.73962207026406,65.53525265158143
58.9634742161599,54.9057267509956
76.16492356159192,77.94407242740364
74.46715842126343,75.36649195266797
64.95740822377414,57.363400338663006
80.93330165182277,79.56443003797979
100.31072020891709,106.48787444655439
67.15910249228774,61.99516310159747
64.67950629811307,64.49072453419595
59.94423152201356,51.93522217435298
82.14411508803083,75.74612063500493
66.60754386638466,67.80419709063305
97.6082538012083,100.48963045205076
78.84634586660938,80.51979222212319
84.19863894631908,85.37645161028877
81.33365520055847,75.91392060325573
79.81247072920642,70.29469586286767
91.20187867478832,86.40113527182993
60.591062596371415,63.87909904278883
60.20062780817403,55.505429629180554
71.91286233053424,69.03156109542107
73.65456910409189,76.55509004556973
70.73545499896687,71.55135370607854
97.38904451364533,97.69514313606933
91.08788190366882,86.17220033490007
64.22117468338675,73.92233596021164
95.54149650433374,96.55135678544774
91.3214039613462,89.4705711730688
73.07849070321346,70.9270939408838
90.14538439906774,87.39140851268475
77.96121119007306,78.83185367438975
98.50033300951245,112.22160485799634
68.90161976069722,74.39994626832006
74.14400807681972,70.76441663967513
75.3049057602313,71.34470158843656
56.928884098776656,59.055702244604745
92.1049518393039,90.32751989371833
59.97939723446373,67.11702029019698
83.14626295056591,87.36839319106664
85.12302379880448,81.95297813708461
95.3435664901717,104.31830106500274
77.59349014942138,74.31963019626906
67.74632657182084,67.70127915054657
85.99529060700824,81.57005260620554
74.11366168505015,67.8254453332633
68.30250088681053,65.83459613983946
78.25599188442891,71.23765210188957
59.85583232876764,60.717775573798875
64.52502169081589,62.78681239257505
82.14026087826385,83.63927046677452
80.21760549620768,79.16308588417843
89.42238227839367,85.70458034259221
68.66079297966888,63.62134369321275
72.06390370578893,62.437514951545836
75.32898743970831,82.07396796236844
80.67934762009818,82.51937650437286
68.03761203981328,63.56719157126845
89.74430228582726,90.57689443847313
70.21975874014774,69.54222664583614
68.49070728432254,76.07866280910982
80.53650416596744,77.35738909828241
76.78789216651009,74.94713051230042
90.85518049862215,92.47269358403697
78.48286452277652,76.44766342155033
77.59443675677949,75.61582567498593
92.39064254712044,85.47045701885256
56.40084673284809,53.381665859575776
81.94448515653772,93.71496828140805
88.81738474578182,89.17547470327554
85.93262776102186,86.24349357187232
63.440611291256786,64.11148206581773
49.58105715508315,50.0169830245757
90.89411751341315,91.78572351052622
67.6742425059617,70.22299460242142
74.2174902435133,68.86548680577212
87.12668074997993,80.11231134582852
94.68075142837908,88.8665383055859
62.66475497965355,58.57572121672897
85.87370502010447,82.83836580271165
76.35890698621826,76.29501749391075
95.21276301795083,91.98037343877779
78.66441673396936,77.13506467355492
67.06940971990242,72.89183424888323
97.43387912215275,102.12974233684513
90.72841119908122,85.87960870934742
70.10027802990375,68.66232740547045
84.0012359091124,71.83199494823165
90.68627630323941,99.31686916271649
75.34805247837525,76.27423264814102
86.96156459085628,83.09360961034142
91.95739881196592,87.51392569154115
69.15923358910273,69.7101981516566
69.51379536019506,73.70132291110724
84.32331779636927,90.77283442527232
84.68750587266314,83.73929651247589
63.61383100800411,71.79022442967634
67.80014345179796,71.73052197205334
99.45089386614212,102.60626592606499
79.20243689980248,75.38962936914794
95.21319001841498,101.94664749648933
69.0965431901385,67.17392094475085
88.9110649763356,92.3876822641357
95.25397879215376,95.29494953664896
90.0525839154975,100.53184238478968
60.55198557739216,65.01664816439968
83.32174919046537,90.42836194681637
84.34170073229524,83.23358842259357
73.7912068855407,79.31195450644434
76.73742193558509,78.38237392271012
68.13610011433369,75.89955519878802
102.88360406373626,99.23187591506439
55.108188355071235,54.28916360752934
91.022279024929,85.85282695457525
70.31706550675749,77.76335879230139
65.14282202101234,67.6881131320998
75.10767837513602,79.9682030805636
64.33579989669447,64.91484892271018
80.95999338867713,84.66512093032583
66.82509665987513,67.80434279307661
94.28567788211673,96.98704554574142
85.31501575603278,84.95065987498666
54.715035421484515,63.96017260312567
85.2854797854366,86.3854161377701
68.15440025014907,67.59061878354278
72.1425595444293,64.44774923340879
74.2535349472273,70.89086012765901
75.19017678917837,69.75817020313812
92.17890980922957,82.29118541855426
98.68490289400049,103.99476924211702
90.30424461517765,92.06271731237055
88.34498274028984,86.01750183602476
85.12149510666771,80.47580894080923
81.5014604906419,87.2713472309907
66.70267251797851,68.63100161003601
73.116410898582,76.64505778977598
95.32581542608914,104.17989174320533
70.8203460639771,66.43081677952512
87.98590236428664,87.5100613453578
67.19413531443907,62.15825661491795
60.632527165073974,59.024663292513715
84.38708704187789,78.01944541617003
87.31911827218809,89.31342133630842
76.46882862744216,72.8391031974505
61.48346999017998,59.24932321550908
98.64030085291881,95.1845608513377
98.36388268626371,104.25915048811976
70.25273786190772,65.9776312638198
97.49516577919755,99.56723362769966
85.13786111172341,83.79917344652762
52.51168944785351,53.67561452004883
77.39819937151057,69.82827620368946
69.08969404365094,74.36739380882906
81.86583818386774,76.32534458180318
81.30265501178815,84.01465732528199
92.18180078653259,94.03829589624459
87.97753153895272,84.84390622929295
76.21669462175969,71.23291548873318
91.75025781634669,87.21236324582316
90.15862345567798,91.88763503386983
80.28621885733284,83.52032556332594
86.18666018700836,81.23083322581058
89.19096241026374,101.66664170821181
100.96282128318306,107.18654522429932
74.736132623392,71.36934463416775
66.58224037525197,75.72540231631737
81.79852787676175,92.03664970168384
75.54346674147665,70.86664410252659
81.32678742853638,71.53595237980421
65.03403520680264,72.38097636116578
74.35169199621743,80.55261544154445
61.90210532247073,61.444372468120186
86.08806535355171,84.90968786428887
75.26056961953195,72.02269947887443
79.40592957943743,74.43204771252718
86.68389833445123,89.64709303084439
87.3563843953446,86.4037417941275
96.67231606179875,109.23025988356721
81.17025952435313,84.41818477541733
80.28153219251062,88.68248007754434
75.02870629173385,75.42247215222787
84.32741417105963,88.12226146007404
88.76057634051358,87.37342018127309
72.53522726823466,68.82439271918525
78.21060878272522,77.0224621028207
54.29248460748942,61.02199877595041
75.05371940615306,73.31731321501454
65.01523285832775,64.2514143799378
81.51314318940429,82.69595694999317
72.85483298887556,67.23434140861093
72.09427742764008,81.88494566230241
79.10662046989631,76.59996745434057
88.91246660068046,88.64555755717845
92.13844395921012,87.70360928998807
68.0448269111327,70.42057151112911
66.01140381617226,70.25444550197818
86.29793030310054,78.14961246559285
64.39986392927908,59.34007857780246
68.05326721420691,72.19567903941257
73.19417895792276,76.52046835164764
99.20445901854997,96.70714834566587
71.82198757615359,77.159328925957
64.35981720987347,67.63915310301896
67.33673711846484,67.72708836521902
71.85663498972042,67.41960655158181
77.7345458262639,77.70352392764775
93.06666358083663,93.26166532031574
72.30229473223912,81.36705275143996
75.9571948683407,71.16847099902625
63.60138728091001,68.17155835786374
76.47009041623315,67.49295907577445
89.53533915728822,93.08500590065478
72.32261896470968,57.678179475907555
75.97675802507223,70.21891227328513
96.55127479228739,101.96557437525286
60.031744557271765,58.97189728896022
90.35406304515706,83.20450707990567
63.90042442549867,58.58225841573345
76.69078798922442,71.83543191355047
86.6858988845646,83.65213971339026
91.24961943493871,88.75789436423217
74.96898330561872,72.5843918145527
75.02679164648681,72.25153290318617
90.54407126295823,82.7009959527659
77.15434413325677,72.28479096405286
64.19173988886558,72.27883768143049
70.27894203064014,71.58577843487627
63.992256016288025,54.49029890129628
59.51385032842113,54.46064667707471
84.94613961888724,79.5042149887574
63.611057885433915,67.98091633718438
75.15226909226617,63.96407241901122
91.29376260905678,92.10604571332675
83.17865324322617,81.72538574939064
65.72900640184166,62.15830095685101
86.66289161338472,84.88130245060063
77.48284792480665,80.12190290009863
85.86767340663908,83.51840944164647
95.63678743540574,94.20991473977786
99.38750495174057,106.9477345722303
69.05038935526767,68.96316718638815
79.56331097726702,75.83521599012226
99.27014675857748,102.19087963908191
73.02116146004074,71.30896898423325
66.83904876978906,67.95284076249116
50.31791149907144,47.95650168820127
73.0947560890358,75.68101151159178
75.08990741500781,77.19641912446173
99.28747114743238,95.29979003605835
86.58536395052239,80.48414126975517
81.97584416028752,84.10302009999188
68.2431520522408,67.12377374926858
85.58759101501046,89.21373475111349
51.912492888229586,53.26420169800016
83.14316292644794,85.10160656214843
83.66236235854723,90.28511536090976
71.52927195456007,68.15495660964801
81.50382505414467,78.34250500364784
86.09269270311802,78.69133029965774
49.0570469383199,58.771953447061115
69.25394886169451,77.20181182149295
84.44056580857799,85.1612214678915
67.39764073404108,68.09191438933208
94.79962734162359,97.32258482348277
77.38519569199613,82.32418890140434
71.55248360888878,69.54560637227989
60.63760072253756,62.7397451004223
82.07034179795987,89.7146657498843
75.89336581235656,67.47428345611128
60.29509767117239,70.14804981194794
56.52984995484673,57.51743189012482
52.262398948622035,52.28421253192873
67.84458690842082,64.183659973763
73.79016619035852,77.2206543118813
78.6823759890166,79.67262607601853
84.02147565997522,93.45385016175426
73.78480002338064,72.88896843462499
67.06631273626601,67.64741984011685
84.45183120536961,87.43109649907896
88.86478920922592,82.79307811212968
58.32323305916649,59.73868336577709
77.88982223640411,78.88059907758135
70.54732754344164,77.60785872762582
92.99712084429896,84.87024158670206
84.81134792208753,84.90761098459384
81.55480136064283,77.89161831518732
73.36220614970085,75.22177924784575
91.02335907311988,93.13125615766307
95.03145348225834,100.81655556062218
90.56953895118215,89.27992887315845
70.11470083788382,77.5236424298226
68.00530947085386,67.88886677240075
65.19475426565224,61.45445427092431
73.63705989036309,76.96617496983615
78.77822698399275,71.69962332952868
78.86204520757789,74.61157429742407
62.91637523432717,65.34554171454202
83.16136653549093,89.84882064455462
58.588278019868504,59.27521080796729
73.96463421920545,75.19282970717359
79.76792165785945,74.83332676098169
95.88164069025143,111.45134932067613
64.34042293811028,68.84932026369923
72.13802589820175,69.75981221829761
85.1819223600473,80.49173287006322
54.00049446796565,52.97500620459294
101.73650027308517,116.37358869301687
73.18343841520034,75.85790396841638
80.7489609691188,85.01620952156509
73.91597390011755,74.7161945223151
71.86617593423063,74.34636441065356
75.8646127283804,75.1170698587587
73.80943337825568,74.61197148670475
85.35437287697317,84.71743764001769
96.69084642180094,95.84782473345773
76.1592765375493,82.74703135200264
74.08432996151005,84.33714800685183
49.13617741163983,55.508624845370534
88.10211746195496,86.89141421791035
86.16432337056915,80.22755536775082
78.44215209648108,72.91471717986744
59.701563568463705,62.6523190455759
97.55927039810238,96.49774125411072
60.71882013396277,70.64800841441584
65.72080923391798,64.26837788930509
66.41339261837507,63.18738775766188
95.26140593890631,93.73123416961944
59.48108704304758,59.36559409409537
93.50205619847591,80.49336743551584
80.69651802169761,72.95653544051176
91.04712206049425,98.41936483541781
79.65617589679746,88.91970749656387
77.60589095096792,81.17249260132557
73.62105475605658,74.84764135353709
81.90350674006903,86.13064881852202
64.74447129005063,62.0676100949754
91.33736569537905,101.17146508751588
93.27785829544575,85.04369339295587
69.8297738153859,63.91708840632581
65.48278478734568,70.41759830503861
78.77715614603684,67.39303253513276
80.24697973100915,78.066638759105
75.93546589982634,75.77078839829133
83.33408605392059,84.03814803566536
74.68700211791864,77.95434954775122
67.9674479559045,66.56909840349836
71.62726431817228,73.75487910547477
70.44926443634645,82.52204955470793
58.446773108858736,60.384457582463824
77.30836281219165,78.16577401608123
59.580605626187015,48.91132153361241
66.98222204127384,64.96407884118011
78.83109552176114,85.53311683885225
91.01250660022629,78.21164581088257
93.67897521962871,86.40051358480177
76.23114818552567,87.71274411537405
73.21051836588714,81.86937696765551
84.39133556570934,84.12367842903045
77.98692378335069,73.08007737331641
69.24771223814359,68.15522591479987
96.54419086370703,103.20414078195407
86.7626878057142,77.74242311290267
77.05390298460158,76.42478238288786
79.12633637427285,75.11471830144153
68.70185282050866,68.21351410099837
80.6202204997657,79.86147499160738
81.42747761886801,76.33042626547267
75.4292526169458,77.08568555530525
82.5292956549801,84.1605672566057
59.35266473245293,57.382203375196475
79.56621067964542,81.56376021686665
70.52748261631277,76.26464025876473
64.69454393189918,61.24230080305175
93.14672500728065,80.99867209447166
65.97762499096811,64.90573064615656
100.55467580939921,96.71266538051927
71.7085272362091,81.59368243830018
68.59972729831107,71.8200430585116
76.7907392696588,71.132247453901
59.040575616968454,55.8624811802838
72.74447728332358,70.93906549076404
60.18386672173773,61.41147781242288
77.947175753516,67.99176631231751
71.95657751138991,67.839383097824
68.03863129405994,66.47132975629366
75.41977218239052,77.72443585383472
70.67376246428893,70.06679758929779
87.69368784646167,90.25800291203677
79.14785253453478,75.4665103460116
90.85829943143467,90.7040044317207
72.87829460147415,73.63567048027814
97.70919486471166,98.07895029000036
77.82148060440855,81.06512349001807
60.43573259454786,73.43063092951263
72.5449953719607,76.29061816958333
84.80428367318716,83.07771175955959
72.01191269198253,66.07783946303293
60.44950640606284,61.22497145522384
88.81789222330241,91.60790674727244
91.8161205872588,91.0213942672664
76.94385194437211,70.66749245297954
86.21383573467737,92.90212108676207
84.41758514826603,85.89373414554694
89.57926712407054,94.17296553388812
71.3016069390143,72.83546484077571
55.69576133273219,62.522688477870425
78.88162682361664,71.88618602517828
82.38918885308615,86.24148318731054
97.06564180054083,97.96567023462566
98.69397859113819,113.48849531751897
79.27184747702618,73.98671408215782
100.07260008317654,99.41837131882646
61.574655456797146,66.82904014772625
71.90284880119147,69.43775441052432
93.94557237790153,95.16945165588177
73.59284655590575,79.89884859138579
85.61917706740797,85.9984563072693
80.32972442513267,74.55115110784982
74.34065665412567,67.98422083243912
49.507473241322344,46.066252370805955
77.3032340396379,78.12328088861548
86.97380066993504,73.62781058078943
59.55333133297433,63.884255487626355
60.13542868316461,75.55099910710479
43.60086183124924,46.90239408149263
87.20498522897482,89.86875137103598
81.99743267589639,68.88624868888121
71.17156890312782,70.6429669784282
88.39252231771947,87.5548416233458
68.9860141484617,66.70905572728728
91.68240819039532,91.47650980341554
94.78027623150405,92.49712200461431
69.54325432625362,77.437281950211
66.78276284862703,66.29776973919721
98.19726540996561,102.1138833191632
84.81783240690947,86.83689298733832
85.63777819425226,85.28890901958668
61.00975035692412,53.358571554318075
73.10471361755073,69.96290170918394
95.96860915374762,102.73414540053413
93.41719369429228,89.36500173898617
66.09695540918088,64.77283591878786
79.88121524470739,75.97656244099463
66.67856547026813,67.23907967410288
80.97964346364932,77.72150836014394
68.9161610557811,63.85834628176665
71.53393731006618,73.23643780059052
75.25841723236275,88.84901934961042
74.95971030054822,74.84454258876526
99.84970092310272,101.76487174686449
77.90595041200774,76.74176238962816
83.61108102470543,81.72019270734228
78.18537630347836,78.26528357217889
71.728973533054,65.26145195283479
69.3386409443398,62.15571611049633
73.93943007983549,79.58415074948456
75.46490517692845,75.27846255782006
73.13261522345422,78.65507449104578
80.67339945450283,77.34870791774226
82.9934316925027,94.46578079929955
61.646772532877904,58.063589166431115
100.62124899787604,107.86442762865806
57.73687510513742,56.02864342035679
53.66861608946089,56.9108827001581
66.08352611476569,64.51425329863547
78.30665621106104,75.21963195396847
87.81993114428273,82.17392917416056
99.42651861580165,103.83013801556302
94.7148724755583,94.54203505490939
74.76558599075996,72.61495122203092
64.95500669615578,65.37807564000434
83.18727312905459,71.15013432725434
98.81852415504473,100.7251840619788
91.3156211095885,104.41524473848008
74.62422224898502,75.51113540079471
70.7632804669049,64.92617207453074
78.1884035555334,81.33762856337677
72.9398115679597,63.11018536990197
66.25608297124528,63.54930696651418
64.95304122700968,69.23159492759012
85.03060831181013,88.79408722557818
55.0575477363612,59.0671767871597
81.64150548297852,88.17246883222985
83.44859907965204,84.5056008256906
97.40834061833503,102.22385854217934
72.17069595058804,79.6848554733318
62.310884786469934,72.35707333604392
74.60861816341865,82.07096748737392
84.31081472696627,97.27853518833884
96.28397318880505,99.9717204011181
62.33137184248339,59.50865320854144
70.24963423577512,69.98119393197024
56.59522874421152,60.89398927051915
73.22753191874531,72.03460537006042
57.62051779377511,48.48557582597395
75.57309316284304,65.57393122007291
96.87626624470916,99.4886926243699
67.41137078366415,72.7442235600528
60.91029067838963,54.56269353942988
89.93424629247623,82.965038101369
69.76085694454326,67.86949854657993
87.73861335620268,79.58197132177311
71.22722720098417,75.95839072133755
65.2636880401144,67.71568050933575
75.04439432228696,68.10984877650935
94.95720505089214,95.357004344985
93.89926126164652,93.30728545733
73.77104772057433,70.9193683308009
84.96315686275359,87.51397781552723
79.57781134717207,73.50280511512875
95.01783113154677,101.28325267946995
87.13145881198193,87.73553106149501
80.68066713813161,76.13444655166825
72.25369543620464,65.11364193466645
62.896467811878345,62.16754027291394
66.99577687856977,63.9275776443772
68.73509960104607,76.71477943917634
55.50720426173503,58.67240312197819
88.17276813061757,89.07973508379227
70.85953868763721,81.14606963803205
72.86601185594877,69.6259460818474
64.58228823952984,65.52741469299775
101.42857293413104,106.30644117345047
87.6014586689901,81.07505794880947
71.92401050013606,71.83031412653293
81.73716928893242,94.00261720387022
69.37796150277595,71.19746353852317
83.59426849900267,77.02907417996826
63.44292541751882,56.500333632046534
80.59152196342389,79.66285274979116
61.54268781807925,56.594170154375945
79.80750594011049,75.18984729487049
87.31018480825242,88.33193650322757
77.00822503928593,78.29298137649236
67.20265853161246,66.30283656036819
91.04647486175607,86.74812758750161
67.97616684794262,69.62010981246259
69.12673859926123,65.18062316488725
81.60470653324325,74.10472868781547
74.81715359691661,81.28757731062782
84.36255352524677,80.05313726618131
100.5910144072236,121.88436041031139
62.15976682631827,59.81161435493326
78.93194826641096,77.13003442295299
63.30125469988935,69.47184364142011
70.17728228205934,65.08264804556018
91.83774906224248,93.60944791702033
78.41175620935758,82.79648269393998
83.70348047639754,80.11057923695023
57.75740352850888,52.60303710839388
71.32746221110975,66.88029704728261
78.73254043815751,75.30168335643917
74.13872769833473,64.43387354272679
69.2968116357946,66.77980828889554
94.64957483530246,89.77016305204309
89.33223087369247,95.32077500402838
71.52595186810007,74.98541794642848
83.50635139508118,85.83297458443529
58.67200282137145,56.49332875456089
71.70864663646161,71.14709744567583
62.19145792053204,67.68600065868768
78.83513765916834,78.07732403954438
67.99423908894939,59.234466879748275
96.70404865062032,97.2192515280165
62.97566257540644,59.68813844007744
65.71460500260564,58.871798329998455
80.223718259994,86.06399091078785
73.43689699973505,82.70892840866878
41.698927650558254,53.40258718619738
90.10433746303123,93.45257454296484
67.34386552029713,62.81956061758916
73.44212669880918,71.93421617722015
81.5387387024628,83.33058186201615
88.53164714148701,95.93506848588015
86.00618987489858,72.36315677525843
68.79151059150807,66.48787660349475
80.92844043481156,83.39724422886297
83.44481774512748,84.73941214716268
81.08187201566693,83.66103559929557
65.40395356366015,73.354023642144
76.7759938787284,73.21815597976311
90.05541413009477,95.21334257784744
68.97323529601117,74.78406832697709
73.9895125132934,74.99152857403688
83.7198518365418,85.76157468071388
79.91973752564829,76.94360523892308
59.50291018347997,60.35087805956366
87.46083659986917,74.74761538991172
79.16061766738896,71.30615834276573
67.87547256708957,74.53281835559764
88.43454162426829,82.79284585508414
70.58274996291912,67.2298702815563
53.491304472881176,59.28662602234027
68.31436076151948,62.39099965414003
90.01454636361689,88.79927643568473
67.30540489355639,67.05215044336946
78.19610123996041,80.32513614926482
76.7266052694789,80.63639572684257
89.35701242238284,90.85647500539487
87.99710334721064,87.69744916895984
57.6743636480144,60.16837841335223
70.54184056740884,65.49579542544875
76.68434613702217,72.39572048938973
61.917397377989005,68.23668762216742
66.023870665483,60.73067047650374
83.12679462116265,76.87032103681346
92.20639319038253,94.34823998571123
89.92816295450798,87.03607615486237
70.4103432397663,64.82210490314864
67.26483539281266,71.91827339305095
79.48856543683767,76.21062045103034
86.51668950141922,86.21612521813937
59.417505589234516,62.32326877796936
80.83465524739553,79.545823705347
73.41166863694454,75.48680560464837
70.30312500436513,69.6273425205315
73.8570902377535,69.93629428681206
69.30458945384535,73.38809710360903
88.38810530772523,86.6032212241525
61.43992802085102,60.10410218429157
72.38483014480965,69.21679802948897
69.26840279823728,73.57632875015153
77.04646181155591,75.97167785443372
63.78088842796546,63.634103592587266
84.62322717557528,81.71759118459536
89.9007822993496,93.95070533390269
67.26215229585503,72.14962933549837
73.61332707697551,74.03935427756424
94.20961163546868,86.74385687625795
94.19803799975493,95.15775648333396
59.36288410413977,56.641512382546765
76.93677883179329,75.24721959833082
64.68437959651673,59.142264196749835
79.37076789927751,72.96065675567525
89.07646910694527,100.69123521591119
80.32100441713045,81.45655858197986
100.46055469022099,94.1499175989342
66.51067014985543,72.34564290911933
66.4154731534456,67.47635084383711
81.73501591257246,68.10100478935853
70.99001892484262,61.43491327432301
63.95752916382096,65.43079180717754
70.08758710283493,72.34598820600446
76.78582061009716,76.36216388009572
91.57191149858345,82.43586890772448
72.93880459252757,68.55364444465492
64.31131780395648,67.47709368814307
78.40054508817755,83.27653146301233
70.08235439428141,73.11851586141955
88.11733577199007,90.38120221608075
57.91596221894252,58.58604878720681
86.18439603502286,86.47164737023803
86.55292635791496,75.78784572446312
70.68148007579144,66.5864781192774
92.85089247029029,96.00317979971933
72.81464274743911,70.74683855891288
62.25137715531759,67.43272725816425
72.53198009322712,71.69624535198123
74.73985139603231,71.99740848533608
79.1313601848443,74.48210190424716
94.55902390399223,93.73588432300662
90.82852338670395,97.51120841624518
73.805143331465,75.1191181259174
92.79440237414543,89.81522984990147
61.40453008960434,61.15669470346284
59.3496028667473,67.03512273397875
94.711158727859,96.29776660403188
48.897581428048504,52.70335531306791
81.9940349057036,81.16304000159275
89.31277009059616,86.59366099365694
92.777373414303,94.38091504505464
72.18800418074159,68.22658206064548
86.70679304099897,82.56341185648847
83.07845639615803,85.63453727520923
69.33661786698454,81.14485146331823
66.21795607009855,63.03786333677001
74.63305808430046,66.87413597412552
100.8784148360929,106.07282169577897
93.06842704586603,88.64942372547662
73.78927479659716,71.86959035046439
74.99578913825648,78.31255576666359
73.95862414029531,78.4811000162938
72.0277468553443,67.61721672890502
94.31180246061062,92.05225570928376
91.91059449897672,95.53348718674336
68.06175661878355,66.99086418551025
93.72013943330035,96.39182623304497
56.43097175021172,71.4832723188523
61.11680448375886,70.46688288512402
49.12606351519362,62.24091991950233
89.6520412317617,81.73247047041124
68.71859483868462,65.64367548304328
81.13661638826584,76.79279073095034
72.69416006367125,73.31680801436038
89.02454705865364,78.60814314828491
63.809904950391775,68.06596383193465
57.23820986918258,57.248943837861894
67.40642396521177,69.50785124957885
56.59501693407532,55.382386901175394
81.80427419917814,74.65375913018819
64.91895626089395,71.43909591751441
75.60610560734031,70.54648550629206
79.29597005000204,83.8061316058969
94.94363845679501,98.25197340002288
75.07439934831643,77.09269315521047
79.14836182144744,75.06538132511379
69.18256724503017,62.501552466032855
81.54814708386847,85.42753794838676
76.8777175459899,77.15252256375717
55.254910145452854,64.06351471230099
96.4045175059906,102.53802419725614
74.98012423987478,77.43713477237873
74.63228090713197,70.05569866099589
92.08702222134062,81.18106837680801
78.5506853744448,67.75175124362086
53.42900530325384,49.906422272712724
84.80826608779466,83.64289564854295
61.618622327150554,50.82710345500115
58.503508276139996,58.73612717778529
96.67055964931416,87.8797937417591
80.31525370309961,81.82904626949947
95.5736196238665,97.76699821577287
75.20688552984869,70.93583065332496
80.45926481994341,87.3212594367388
93.08029272953233,97.62477758604629
93.78088372724339,90.23156255304472
85.31455107101407,87.03412570353414
98.32764569356355,99.34052463127489
66.35649677858135,71.87644727201393
89.55427874370218,79.29977745958519
70.50412001444724,70.65833857337175
53.61056089271757,54.69471432440434
90.2259176363375,82.73873108545533
79.64774060017227,84.37099983387762
68.53062912811453,60.66570512680144
67.59666045200403,65.75093825190999
78.95929255463737,74.53727130350497
85.3574306510211,76.57541753653173
78.26302024158323,76.59402662698636
92.15357492837613,97.81177243229018
79.26834974212329,82.86426819756728
79.70090555291519,76.75255686060096
67.13671270240106,73.7542931855034
76.01411007728098,81.40225003262692
88.04129602055959,78.59868384748935
93.14613273374714,88.4093876455226
85.28974017711828,86.7407152400032
75.26660809036804,91.47919852736392
78.44435333663321,71.70318833001527
93.54540726855134,104.84288829024297
72.55071737037349,76.01556066711976
65.45422054182231,63.5541736887032
96.79757847099997,95.39027591381671
67.72361257705002,67.31491162008791
73.15663051569375,76.95089491220102
62.510115023992704,57.783130961566194
75.90358480706108,81.69990075094647
94.22434190284537,87.0095285522289
80.66109548708774,79.71248256637318
74.32236986964178,69.82634921921202
73.40834757262482,73.75225209973605
62.83726445568112,61.979830054855064
90.59799357147439,86.50509503343878
95.12389345939896,95.55221312019924
78.69352843757424,75.31692693314069
72.45052732053739,81.575910939241
67.28474167679946,75.39304234325374
87.26779690133975,93.6997886745015
78.38589119444256,73.24105206734717
73.7372109892171,76.87180759254618
88.04486493851347,85.99962350448862
73.67712396154973,78.4846161835705
87.51546515831788,83.6639459179878
71.87803507658917,65.77594424160853
74.12531056785255,75.99274802651331
93.48006904128295,93.00477879883837
73.74878129004337,66.43037259582451
74.84206597016556,74.86492415941498
80.10554959641193,84.53257766411747
82.47048579027654,84.56013035698015
82.54565696929882,80.82896403908003
79.2634559752755,69.46432458610686
72.26603225146299,60.568390487272936
95.6486858561139,96.48836659810286
87.16922440900709,88.8610289062897
92.14275268416962,88.38143434236883
77.39887780640872,82.79552695636731
68.82240361902163,60.48365139128918
56.24935712028677,58.03680733033481
73.31787437260783,90.29818553188714
76.53870958977907,67.30232039612883
61.55679029386999,62.01301518649874
84.43556669659509,85.61417413203017
77.36486636591914,78.72742905848787
67.46856005728196,64.7903114341963
91.95910862516088,91.97694015498394
52.58730689547183,54.860510873777066
83.40375424819229,72.91442915912879
58.71758152361876,56.570619276185965
70.22872069944829,69.51073814118266
67.37125036020929,56.527165224599706
64.79923536604028,76.08727729024936
56.62106938224388,59.649744729415644
74.57101305645867,80.58582655899482
64.49870039980745,64.3593116796161
87.55634618516504,85.09198481910185
91.34127657837364,95.90893630930225
68.99717016228487,66.20644374332858
67.18662933506172,58.50431459137849
61.76554580299633,54.119965265931036
78.79405561165447,78.20952389604253
82.41463075247903,70.64131992938897
89.34059426928104,97.94670836099922
91.66167858824272,85.89026372133219
83.08270620086157,80.61874421636153
87.73487412788192,91.60343971417552
97.52273701182622,100.64260757262883
91.67172345781061,91.61432170493781
78.50908611404455,77.90801483804115
93.73971005961758,102.8660173201445
83.23935711810849,81.88591021334246
67.3007085823007,66.12518016853953
63.47317801155883,65.32663641235973
90.41225292555691,89.24557753159692
84.2931176463023,85.89185176099376
70.33285443405008,63.131799274954474
61.88965023733384,69.28445385755968
90.1544129424323,95.02160422879527
68.0249881774922,71.25578128601944
66.46413169891333,62.43445236665211
73.42792051981353,67.46489606352523
100.40408086362913,107.09137893817898
86.67359128387747,90.38484899570736
67.04507730204853,62.13983989321522
89.04830244130468,88.8401931253382
92.3798660388074,84.56567740740014
83.42465591832216,77.71432702408876
69.1864567939278,67.4110363411394
75.65341363556946,73.42996740337105
82.10580569153846,85.949020529536
63.690147614657036,67.60660552844833
81.96572821482518,87.10529504573684
75.75206153320234,71.79232378950415
68.43626594287862,67.78746932708906
93.578458228723,88.92514714010731
76.11637215863388,72.70418255584545
94.97630368444446,98.11189594747634
86.41794685681818,95.96048938840107
84.52397116107723,78.86535541163042
69.7357926141543,64.83280163277948
78.96921352156545,76.00766783162288
73.74860941748389,72.46644149834279
83.08987716973127,93.01492515670311
64.73213993103373,74.03329203045448
72.06770873140974,78.70718475463345
65.09818601481699,55.993936418013654
62.76197453330934,60.41878221413088
70.01315745813214,60.304209116161445
66.62868765353386,64.59524541926028
78.36054352543663,90.86552227080197
66.35426134466621,70.47870816570962
92.45232628123884,87.89727854791698
64.87283500313397,61.70765251315787
45.2770487344475,45.94324590854223
92.02391591152339,79.23478815258254
94.76753423965498,102.74854973334173
66.56559967242401,75.80980263680323
91.82090733376738,93.3712963715012
67.64016539489698,69.00889391819136
80.08051261758462,73.68284304798112
93.35707002368763,94.89043017520336
78.55359395584352,77.28999322607795
68.2076621965858,76.57023151415105
89.81129410391394,88.62010290066479
45.83276021228149,57.80668946847997
83.4656683257088,87.82409231274008
73.45116636486523,76.96347758669395
59.0199152966198,60.12544756864887
67.93995448496382,69.31274946640912
81.60787438392352,78.21532817119925
101.85931256011364,107.67831749387838
90.04527075573708,93.75416172641931
87.92717427256407,91.18614258675822
87.71320260740569,89.92904848680213
76.74657818197561,77.8904229331375
67.78571966241148,66.4404799324254
62.84420967242126,68.5338483451022
89.64284764804579,90.53750125618716
86.19851705525927,86.34800020987407
75.23157868542542,64.2296448979238
65.31603054503553,57.00344109222942
67.56009686248296,67.52466106855994
69.46083333779707,69.1844366702868
53.61726421033786,51.93893649421687
98.87524818584917,98.24747118307738
75.39918670850781,68.57869186120948
82.6568185005234,92.87927805844252
72.4417482749159,72.56390021591844
79.10418059499624,81.42523774490624
83.04323092213524,72.72494091225782
62.04509601820745,72.74767136479632
75.8211376562993,68.27439355414779
70.96838709152692,70.41587517440884
55.97387501373854,55.523695785002275
88.96105919642557,89.72314449150845
95.76642448886214,99.00993125779522
66.5715761163851,66.25956302481657
87.36019203052041,83.27630095638837
88.589469326447,82.97460347474275
66.84803318954826,73.18449563822806
79.96853381685582,72.012602534251
88.34596406872677,78.50506602829013
70.9163286544468,71.06082106537913
62.28452900657812,60.419904155924876
74.73755067346536,77.11700558934142
80.30968605891138,76.63710866439197
80.74934188706638,71.82039708398811
68.95852076314675,72.65876580929947
77.81453823817108,72.13887040086941
67.67617841388441,61.038114854592344
92.05113891120651,85.39894407815615
71.71807379208798,71.26525876665642
74.39376034666702,70.69003359773126
84.35713475151626,79.80686751766123
62.69718013336501,68.91342497664587
89.8354895300723,91.53436934564571
76.97730726107797,82.63811050783791
63.64290099761717,60.35384559236513
54.677021520641794,67.99498005891869
71.92204383140341,77.88728139739358
63.20786828330525,61.207281771757884
72.3612178392163,66.95129107941571
77.493400201492,77.44872360638064
71.66786915247305,68.91335801251726
83.03262564038188,77.51819521327995
94.00512895736274,96.82627209042438
58.510013716886476,70.25511286769763
50.83987264816023,54.26959985577732
88.67263029033644,83.66173995616286
67.99085238599817,65.96130423603816
72.33280586951474,72.53520626009517
63.563028430794326,67.25754685863404
78.3298118760661,75.42368957488785
88.53068298016213,80.28767135362794
99.72371555216658,96.39654296609666
79.93921848721313,76.58537448093419
64.91030164158404,64.08393788608127
71.89322734136636,71.85592643261977
95.03386292254841,90.87351071634596
74.92183327332783,71.4895190346316
44.25787931354649,38.621378003241695
65.74313618580037,64.40129012557352
89.6638003385787,85.32693049583331
84.53568101144229,80.5624600405111
90.43404468918837,83.54151627706918
68.8135994948171,73.59296607337296
83.81972747750628,98.99422668551998
87.7290063230442,85.47565036671077
65.44267268549339,67.11668753002164
59.16899944321692,51.16940339722959
95.48172238673845,89.88175529188806
89.49791730411819,84.56765614667515
55.034687086605125,68.47851155446247
69.45984599652087,68.7050512809753
58.870157234579864,59.53257566885995
79.772844569163,76.67318354997354
78.93914211897713,85.32582009165647
82.7715493197102,83.66447704150252
65.68347438967298,64.57247428647872
92.55494873776128,92.98228542341516
75.2288764655574,77.2467797925971
90.1485681378034,84.98339249069592
93.2242363239566,87.4322826319498
75.19296615903143,73.13089274874955
83.55469593805769,88.6849840199969
79.98222222847045,89.54877808557083
74.21214700817828,71.06556417258243
81.50336605159376,86.7813134072495
71.97133526084065,74.47485339340776
80.26546206225076,73.04760232954543
84.52143930819307,78.02313112345475
83.27635065051462,76.77748535077708
83.49278554426196,90.15770057734248
58.445879696379464,62.07939694501935
62.099422306644314,61.650305751747716
88.82483981861519,87.75511400690775
92.70110590049552,110.40943860999717
56.97784212141855,57.53744969512252
69.73349654226152,63.884578211460386
88.29729210260442,91.78252935075068
57.71317820445172,67.18592630973907
75.10743553885771,77.27672264038463
66.90392779110464,69.39953556858727
78.83632505479194,70.38045687339816
80.6201892039675,74.25798622506184
73.76521576399371,73.646082916858
95.53758195527394,86.03952471717369
79.43080859024496,72.6870739878753
66.18592340153006,74.72666324011328
76.4162501799458,80.08183616966036
69.4951413730309,68.31801944502473
92.56268854042108,86.35717280628936
90.01810737096426,75.69165444443897
84.6173529624258,82.15919458061903
76.47566986997228,69.94550773883931
85.39404990523029,95.49391592934683
77.38210489000683,73.71921417218644
71.95238488989702,82.96255221908899
96.27786985315073,103.26580349883022
84.28889157161358,81.92233020579197
79.05338839539087,73.2007958637617
68.24087485752362,57.467270978692525
55.39630087965711,49.33345254330495
69.09988317215856,53.9351906731953
86.96504207683729,88.3948482920051
82.29905700883653,83.56097260500952
94.76417789994021,98.52730173529694
90.2239562365596,97.3072920541366
59.97552815614189,66.08350135260035
83.67272051011437,82.92791660306993
94.0318054938791,97.7674221942556
81.95699241672628,85.02739430979273
60.02298511456165,55.50943928990844
80.53561376497525,87.4255545390144
88.73028402038987,86.71428496417803
54.44700257544439,54.48286736087301
71.81453605558644,69.66600668812602
82.18704007939174,77.37993712008434
78.07929632487598,78.04561443324715
92.76128470906868,93.30995817228109
86.97910044619029,81.95132612391635
76.85180113356823,79.30290655260592
76.02489685554914,75.45661610329739
54.702326721877455,54.4055233826907
81.62844632008232,87.79739645070767
90.06348302581759,90.02975256106504
73.84247708212342,81.1084969518073
92.21305368987787,88.16983082907835
69.00197614520208,66.41849393290308
91.16682338371693,87.30723479503766
91.7144768727797,85.5287658016514
60.92605285030902,53.992054347789924
77.99482677487423,86.1902604669159
78.5833661966702,74.77028243548975
71.59516970015726,63.83829715593463
73.81226376914344,71.11588101138251
101.6146187056439,96.37780961124568
68.2456902818459,71.43573200013965
90.80159227574353,89.91047530052415
69.09025474556687,65.60938413866602
51.235154752270844,52.51397865118428
89.43931492277066,80.05146975588835
97.68401983381055,99.91350902800816
53.66407989686182,57.507978051337425
83.24379534186272,86.77835660300647
65.29581845632703,63.611077585274316
60.91743219667639,59.87544992989064
65.04289638288047,65.55063931839338
82.9407797454276,84.65490044013734
59.4845308655087,52.15694778422445
58.196634740995535,55.54692231973086
72.6750751427546,73.30493294150948
64.38031705517133,56.11685582591142
66.933209992569,62.331960342603075
86.74752875802201,81.10468657404888
56.81136781122718,53.008586411710716
53.046953499685195,61.72364621416239
63.29327242658934,56.40597566588899
77.81290764240495,69.44826466382149
70.58267728244822,64.4589495997046
98.05680933021814,103.90325990393526
68.09338185856635,82.71768049903125
78.78976156158349,71.30418060732694
65.98960958022252,66.97404180006049
67.63662728569028,66.3254493921843
82.22421727399966,76.36421865845968
84.58005030055844,76.0453568729222
78.93985837090088,73.82646959678053
80.1849081626967,80.6909031591727
81.85739334711968,69.292988796286
56.267412778855864,54.838215936045664
92.88314817312009,83.05763923600111
80.53050905556918,76.59101552623248
73.0039722831551,73.86297789021638
52.06852626819623,54.95777418491651
67.87770029445825,59.65653819251954
69.40783094087845,70.38066652836773
80.83804248608902,74.58866874404714
74.17440973605449,75.5382398126771
86.37750465965063,94.81227811284299
80.75272517315283,87.25456561941118
89.43705066899075,83.46622330422998
80.98784147744085,93.91946335174957
75.27864509205263,77.45668386547777
75.40793489843641,73.63581219701138
82.2799761038062,80.65981254959038
86.53503218814721,83.05873059496582
73.69698964620001,74.50085726711457
78.36420006498639,67.29056720817137
93.5350274048906,90.14850965000345
62.70297186691367,62.79323593242984
91.86629453450452,89.65911043476959
88.98728625602864,97.94839224805212
71.01873332098441,64.19345886300752
68.66378206385123,69.34369129952168
65.0129334253229,80.80186331607248
90.40153836458785,79.92866681760063
77.86120476479476,80.76652440937374
73.39845627467867,80.03961841710999
69.95878117948271,67.36168306343224
89.34567860072411,90.3750936537892
79.45566544999045,82.30851031756806
74.80121032796416,71.21741391349374
90.64751026779807,96.1459794200617
62.736683808318425,65.84102558317244
83.25727895451851,79.95428533315899
93.70050080033828,89.74990668457727
57.24788644531025,51.93373223629806
86.53548073466632,85.74865218777838
71.01214094693307,66.49335689626533
88.0350061178047,88.19573475985129
58.741997400391725,52.64276676675203
95.59377573268513,97.65248131378684
66.92472103794643,59.90786993582126
62.32472223685935,62.65989464975882
81.89641584961095,76.53059750161907
98.61968884129226,95.70424692297301
80.75580466104863,60.51931424549675
97.87606503507784,101.95817592096228
54.7610170183396,50.821769403261364
79.11785229085841,70.38606904810732
80.5394024192047,70.56878375960397
85.24412698260788,85.03891005460967
89.05400779823141,89.03709174830156
80.42992444114493,79.67954397827937
78.30681130655641,75.31958941496472
87.44693309028776,93.61312168663832
84.7773220678043,82.30400248745134
66.95141711195761,65.1307298150498
95.46621796171465,96.1897382654028
83.24723669084084,96.90966610502973
99.37641536777386,114.13718576165192
99.8314111756041,105.17143764288348
53.57039075634893,58.02148387913698
73.0235386102744,64.78436125149392
87.98111329911167,82.13441214972134
67.4984730849717,73.45190580798385
79.65359385634338,70.08042121666345
71.04866861780944,69.5868312094562
90.26486090692948,96.25312891619703
79.57853009117409,76.89927792779748
74.5760378757903,71.98843982825619
96.59940473720644,97.90023858726886
63.144209141897754,65.5194558513827
68.87790310101758,67.4504505176164
79.66277549891909,70.63955051117819
63.56624735096505,65.54609269168266
64.03368518210944,64.37679936741095
71.66287679145024,75.30562229716618
60.64094852292078,60.147436159166716
100.15882715887206,109.58257834373333
83.50019044254137,88.53102233448675
67.39398855911986,72.03330681814796
76.13729524258476,75.27361844877964
84.00001571005302,87.59561553049437
74.7985944065419,71.58595241446608
90.66097581260074,94.02215613050132
54.585953375621,56.47397742816322
70.4077805260309,73.55402246327498
77.84930835428305,73.91538245780133
60.854727879720926,53.70505845318585
77.32973998749321,77.94390295620641
82.79421645158129,85.24249048266306
70.31409249813969,75.48716211646054
71.58451424627172,62.33921890896841
70.51139786948146,79.38167623045862
84.18111332585475,82.4624366471256
91.46039938349696,86.2681971672948
97.98542425132034,102.83991681389429
53.25659590884131,50.06738930223351
83.86215766653059,88.68841214203084
81.26955384936632,72.01653418368663
86.59477510655418,91.27813299475673
70.65931669100779,72.76409452454632
87.80725872641547,90.31392791549332
61.2588015484469,52.25568038186314
65.23292740353956,59.83846599395675
82.36602315412458,83.8075483284635
71.19287375056872,66.37736117996006
73.96210991798873,77.69465754687894
53.48912032098662,50.215035942767244
78.36044814139457,81.50860680760907
52.62241839020866,49.69092023912047
78.39219415915673,74.51955234914412
81.83907682172138,77.90206480168607
78.88181988126374,73.03796942663868
67.73964561888856,68.61165348641381
87.2193746734965,82.98941736225825
67.46672916206822,69.85775338206551
70.85546474055202,71.28828854061766
79.23134879646459,74.27686033372
95.44092301820089,93.26032113085942
83.96280903316415,79.17083342026108
100.14942423728435,101.65589353934068
93.5147646947284,92.87820202756103
54.70896951036193,57.848403295468266
67.23800585299438,74.32097594007176
69.620802430191,73.5206413239956
81.27431380364368,78.92329986987649
96.98252520761602,101.03523161428969
61.73327837898249,56.958291446580006
99.23466338374811,103.59964068010979
66.0030105609625,60.86570064798024
68.11229311379618,59.266232300604564
80.43345881413165,76.4304225495607
74.34998406067403,74.68037274426209
57.857792325972326,66.07061034109762
68.55356972476423,64.98182463068633
92.53874180358149,89.03371401265072
73.03098686929475,73.01157116794047
52.77804688343331,48.44012020943976
72.20555518724571,63.098007717989184
52.97007691678136,51.545884478985826
70.02264083382067,72.17697769102402
62.749695031007455,53.1584714438433
67.89426690680837,63.7127101168646
94.60504324155482,89.82906751046303
60.413580050796554,67.06204427367533
68.2241776356545,68.65894098293138
59.57640754431383,65.28404899027699
73.8799521009009,71.96391851746985
77.23323078658116,78.02188398865701
83.00702371381466,72.97586728004129
67.29850208954218,68.49298703471774
79.50603265196965,81.30816059077978
67.16523845859786,67.06444926304073
101.12691986886759,109.29781380769727
76.66854532063864,79.02366829488062
93.58205883316317,101.9001676638408
57.331908904952414,57.79631767218358
57.97890605344787,58.35562248254365
64.03962535315054,68.30280430235102
70.1956408153163,72.10711282119634
95.45644960614588,90.82529844543237
80.53608081543705,80.31657196448086
67.31475673163439,60.947702612400825
81.64988384304009,76.0539045336483
84.39702703243246,84.80391751063452
75.32576369526761,73.51472848436731
86.19905031151768,81.74871526302054
87.58728708271018,91.44371745534268
76.3175100348541,82.52071116089778
70.47117603323808,64.0001931703494
99.67677788866382,105.90319355418183
65.54957720491292,69.56497505166847
82.34050815310034,77.74723084094875
91.41390557950552,82.15928719659495
96.41656158800959,98.6194726880446
69.94351196495238,75.26761532646843
91.57954867389158,91.9036905121817
79.65788451863558,74.28920338405726
84.98052607920896,84.81141692742361
63.557694298370826,69.04594746430553
74.23611813953649,75.6409243719445
77.73441727516686,74.21362212067669
95.23733193969791,101.58450930603759
96.37669648723426,93.56991143787474
94.93261859172064,89.50546976944405
78.70837055735366,78.25119902298033
81.26099471094503,78.97617221870053
79.77787688660801,87.48754559270681
78.30750206711186,72.8172908082012
91.75397905581445,96.84969981377691
61.83003726348235,62.724181525968255
73.13338730333834,71.94007215912983
93.07820499270356,101.61971290579312
56.994588390474895,56.86477136234604
77.33947485460027,74.84203225552226
67.90516245912936,62.72913613942659
49.65496029323178,57.60514421248237
92.93884077115816,80.27561869625589
64.5725358284328,58.72706822424751
87.41782867495651,86.32729865811964
93.4108960221903,95.34880263433806
69.42821317662009,75.45331070752917
95.89715371329537,96.57274444742274
74.39800040854453,76.13425185060844
55.786091916875925,51.504122358162796
86.44097482867679,87.12284347651595
87.23209085503895,88.17103587842105
55.770886756275225,54.74861339474894
93.02927319997619,88.79009385577795
79.47105521953564,87.24069872006986
92.50673147108299,98.53716487759232
77.80839947221642,77.65571148882105
74.05259395826876,72.92309311559585
76.78475721641223,82.50001337423394
57.40723154928983,73.73180295702666
60.59931229432529,53.375072887505965
78.0608154553753,79.4943555854556
42.69305179943762,42.273256049224045
83.32841883676869,80.2960324086016
79.17154282771209,82.72902531386403
84.69188854967467,83.09151937712338
96.43450990371046,100.69319248443537
73.84355711833747,80.28507196736123
74.48367640805964,70.06293396958043
80.6326170850019,75.61410064666545
71.04437028632779,78.43336770685521
77.85291352699768,76.9493255327978
89.38278138105267,79.33043043766402
68.92150048604626,67.54053759840852
70.01575899896967,67.66408957834811
91.3624431672741,84.83385574984685
55.457691554450015,72.2635852547332
58.03676851405311,60.88376881572606
72.18585852883183,78.55500386650277
38.33922743180564,33.82213323381712
83.56440153965016,81.97172353116014
82.02941540861858,74.92602563286674
86.43427253264653,87.38167376594471
74.80040364920166,71.64692271973354
90.27151618713695,91.58432957287289
76.05517750889905,73.09909089121896
75.81140597423928,73.59879633252095
71.61002995622447,66.88162987572596
68.60091218086755,75.23724837923596
80.33545335457136,85.44196160352755
81.82781689630437,90.24469841341187
74.80481039104734,75.15086130023417
88.62997492140862,94.556874816603
63.98509209340068,59.95699055609198
87.60417261283298,81.36769579893908
72.86476729999536,70.73324408017848
69.2820827026592,63.055728448543526
60.10920475078466,55.7278232506264
94.42682709826761,91.68917887060826
83.468524027286,81.50245980641989
74.44821690275457,72.5410589591624
57.76398590800846,60.24636458606417
94.1802475192113,94.7363509569146
59.207155253804125,61.355764751406454
84.66709832530657,77.00395813545553
67.58246195180905,64.58507047207176
75.13515716423674,88.18397636918677
99.02404479191516,91.11647941055215
69.70914784768658,67.27737428129647
93.73700089300851,93.26857684501152
74.54320780507737,76.10426628544036
97.89019172428047,107.9080515543006
56.976484954468006,55.92403136503196
77.87811050495044,81.21760029262506
62.948059374721105,67.39333673726624
72.48510160432379,70.43738616499412
77.07037788491799,75.83396638753004
80.72970956806736,93.81882832422099
73.22041099948082,69.32678638901986
66.70013035549857,64.31539717218025
72.6568443251901,69.61688689402666
56.13614920289881,54.71425229432741
80.31005298707687,79.85072249435792
89.55749612243467,85.31909949594754
76.92574933457715,76.15953140205097
79.24542690877449,73.75507354949832
88.55538219929151,82.48672378363369
85.4236651754081,76.95118018001646
87.31736025707824,101.14489492342508
49.38645618367699,57.74418595626769
77.33808473119969,72.13048991975668
74.82892975711671,76.16806900858214
85.51418108182853,90.78457405712773
72.39488897702465,67.03255809844164
81.51958003863544,89.20184455956786
93.71237316947413,90.7354399938209
82.2237771465538,90.10956749237221
73.06292606092266,74.75499923453074
71.35414094324643,77.40878685834838
48.664128786989245,52.52390228916903
62.72641810217799,65.92202516103137
65.5460760107311,67.13535233454239
82.90791473548985,86.94077721536311
79.09878910989563,78.27692579187824
60.918775768088615,61.55794735069355
68.83018421065357,66.51472381912053
89.87252619957152,93.04306808822864
78.59454314735791,73.4121273509911
73.05523140618432,85.74031554127421
93.33161602639406,96.42057375623254
83.24274651442103,87.07130090665312
74.92349544791796,84.59422878353453
82.59930140634614,87.41350681517511
79.13780538760709,74.43494029662183
76.81246447697004,80.09955481431813
93.42947093639935,99.77091843981235
85.77962937405746,84.67814127538736
83.03517071510534,82.70979496255634
86.68771784971632,96.48915820510399
68.95760911706445,70.48322140891729
92.66257412290051,98.74326843421164
57.33181946648091,60.28363808166092
66.84501855260957,64.92724071670006
69.79270775366773,70.24034869510477
71.96460215124708,78.26023459777622
88.80942593221451,97.69418939293101
93.2197159273987,92.81302462903452
91.89596163812907,94.16231695284064
84.54158867459354,82.7300044987822
67.08440991043435,76.7725707212435
64.04581532530376,60.02708344413753
71.70250006269333,71.12323670837564
54.86828541957508,51.442645299423916
68.39538376753741,68.27345060375737
82.2869803038867,81.2870431111193
85.16534975550049,75.4562882634134
91.63009342175772,86.42480685375754
99.96535660717208,99.78283671274802
88.75877178706757,92.07638950084075
88.78664280459824,84.15307193618689
76.91925180785087,75.94218709224043
82.42667907444566,77.12666202570631
93.8950237805818,93.15803322356965
60.044883943079455,58.55442934253087
82.24421317990766,77.62328049669573
67.9876206046325,68.75843185067748
54.38801784909422,59.597113391586845
63.841237934691975,60.58017054413138
78.76300105071404,75.84709706361349
72.87448736018817,74.58295364428372
93.91270427056318,95.99736481024122
86.63975265623425,85.94048920326664
66.359289739573,64.68392887392284
87.72889086332667,90.6813831271157
60.45359284847108,66.79901494359751
58.047947792215055,58.89059489558294
70.91917438412288,74.25752745061861
75.21963885164003,71.47395240810657
53.02398803309278,44.52536879367964
90.52607815749926,98.34035421886178
79.78560347764285,81.68783402752054
84.7581167038445,76.16424842705766
61.23962525354639,67.36335831813604
68.68112626094805,74.3200692869702
68.03243000477231,78.01997807868457
62.934399600447506,69.35310617691809
68.21156837987402,69.34557429012973
64.0494519212544,55.03116346783585
94.68532569841655,86.21809147315247
75.84636299320238,65.18159572538437
80.41601875969975,90.03441077924944
66.23511397883972,81.6864167853252
59.83137074274717,62.51002138808493
89.39337815848094,90.80808960205033
62.20124046774178,62.44421951022906
71.94944272344668,71.42693730016506
87.95030247287048,84.18196220991084
70.55040890363112,68.49071489597856
100.83600524549361,110.26797100769558
69.3561417631189,64.42724193669784
70.25943052870439,70.56638625592947
94.82371155598788,91.83084700117435
73.38113827478719,78.37849919724655
75.04731978485799,78.69598466096272
82.2422597959401,80.7089597302863
84.52993967163522,78.49194409948498
64.14566912665175,64.84835064090922
91.66067338346099,85.35244145361142
66.97178121376939,65.0373221363401
71.1923229375612,68.00474870995644
97.40511335358848,99.38195880181581
74.32650313317002,77.43777411789591
80.46297321622691,80.45720594213749
75.9301450111892,70.64816359560837
80.55640115908076,83.36614178788886
77.55274007428659,77.45614846384642
80.47140251488231,91.44884479060143
87.00128479577354,80.71286528783025
72.13785190069913,76.72960867099428
89.28701755070888,83.16495301970733
95.52164138287046,98.13392617244685
88.72405265918981,78.42308111119827
67.70316972328392,67.19136049027213
60.644857397041925,62.102459412156975
90.05840190884405,94.57441851516819
82.81397525833249,94.80390447938822
88.4310896515588,83.34747758203395
87.86449403130233,85.78802167522987
90.99778175950517,89.38871965439309
89.19614721266507,82.46992131569047
96.23739157640257,91.23339496389528
75.03198974206994,70.02840337810845
90.47404559153577,93.27041422205542
65.65135278674869,57.77822011287433
61.42720607792401,64.60226170272655
75.65485337101006,67.84872416107287
63.44488562182918,55.28375123225423
68.4612729441406,66.9495403485317
80.2482588739608,71.9601455610688
53.316633080513554,54.69845477037703
78.32521312341262,75.38426813378251
58.84630440602201,60.21675029083089
78.8292323166384,72.50212331028351
88.65075110435093,94.47076890101013
82.61115961088635,86.24041691199977
56.26828085032259,51.27720801503969
87.89572433431972,91.3389530172811
87.14245405555276,84.69245949607561
76.51020345076181,69.35311644155735
77.78665212971501,87.25120932648676
68.62030332173235,77.56592400632837
91.40595730939411,92.50942125606747
92.31089439745453,93.03486584972285
60.549608176735276,68.58729480098033
68.4191902704149,63.52633975764361
66.28695645967898,64.57353418179306
83.02048778760286,85.89451047366305
72.23676260199944,68.27038032967785
74.39087681009858,76.1080091663425
98.40271636547995,94.96381434834578
85.69716610938897,83.04664234889914
80.9222842881185,74.38845226490221
82.59746469987017,77.32741030024944
89.57452855068676,94.62199901343678
92.80233004229262,89.65949458286622
96.5889121428577,87.16062699779759
68.0319475957711,69.11633673556733
88.07471071682131,85.28876657914059
77.36134975632689,76.0097718257554
71.29836942461475,67.9268377795647
92.48042854650312,98.23200307976307
75.48709925619207,77.72269810224313
93.81731025937329,92.46940737038233
51.20446962118262,52.82643262699174
54.098969035653965,46.07877171128439
77.24884194533966,77.9514395576089
95.98014225918527,102.10278957645092
74.07070440788574,73.06467607227121
60.62620603936934,57.468599578909554
65.06752038752323,69.69583259308277
58.886407077658326,65.62982537745003
73.2239799072714,76.768630571176
80.08668689240922,83.0406031778623
62.227046165202495,59.991084972908425
63.34845317323986,62.26263708299197
73.08504609607596,74.56240778716682
69.89844979182911,66.54678627372657
65.34566768321983,62.452726529936214
74.56786966798278,63.97874758336487
93.70858908044721,103.36756808030479
82.85000751535806,88.96034550044033
60.988782378429036,58.13513746480478
77.40525533981763,81.94386805905927
93.80159853422441,95.65751516858134
93.00746877929754,89.41942669579424
81.1724001830949,82.71858391369756
91.29245261087517,86.75839541162046
74.03643126703656,70.64426726327171
79.9174800094662,73.53800432511358
65.45405571679173,57.03185278446386
76.79139834297644,75.54676761102952
73.94884028287089,77.35630202701503
57.293334263680116,56.933448661052935
70.09702025862643,69.4919041061147
75.99545390577725,76.42338740085103
80.88727477576698,75.88425940020409
74.88879913439176,73.63441585782597
89.93612194125775,87.96612980669138
91.7385636810751,88.02862140646401
68.8647278518284,75.03623881593016
61.35445695024131,60.866939595845
75.52839017793234,80.95610544586879
78.91341562715279,82.18450282936845
62.256468431555,61.601105076733624
76.53057497441817,77.7750507527688
83.06575531268305,83.11020388317964
84.11273064438514,80.47167553160105
78.66230825943983,74.90678105679035
86.56847600546354,96.2991071262651
69.1131465195797,68.05266088791895
62.01394072127754,58.28504533655217
73.66381899954919,74.57414670560999
77.90348395061947,76.63563736362498
76.60782126183324,68.75759352699284
87.52998164986822,81.38284955614402
52.692408064853176,58.97251248720244
70.21772491500641,68.15766088954786
60.63506280532501,55.4705692331477
56.90776187473805,61.748322036275106
69.83550509937966,76.28071412063656
90.26277846011776,79.6721973731097
94.7053990940044,87.82529759438167
82.86440099472024,92.81409195921121
84.59719617688567,83.83141628617076
81.2905129418171,74.24659233201464
81.76344422546944,80.25688393357407
71.83529480760177,65.52295652898844
94.83204187983672,96.64678926611673
73.84827972292507,75.00159681102465
96.53465661129313,90.64907912010224
54.43767388528319,57.29590251695738
63.97338182402084,58.29409354020082
96.71980346602099,97.06471726831518
91.21324548742838,96.6108760880294
62.58075536696238,62.37659738616631
94.40884898621844,85.64632498487674
63.02209719529655,66.91100842064225
66.23616116111552,62.96483307384071
89.98768607615357,84.89592945842463
93.60655971578804,98.74735899860723
69.36254907338184,70.44722177087296
83.66519518882741,86.09517417445
69.14840820538636,75.67522220865567
77.92024415772855,81.82279387919614
93.90627516203361,101.34707032052253
65.56318160407373,74.52011430944097
81.86655509133199,73.4481739824204
68.24031518459779,75.80170185213976
84.92496158698725,83.07409365458787
77.7733773889279,81.20502496772555
94.08515491347094,92.61618193989652
68.37354173349743,72.3901597691605
63.33678924415039,60.01750134494665
83.94976271703301,87.71691578296353
70.03219456303981,63.619671784316274
92.29965094691043,94.93799938002302
67.7339552110989,70.3445492270438
63.25313006390904,56.9190253078796
63.37000083889731,61.56555958776923
90.44127926481842,86.14370955314097
75.97906729988979,64.40694154926493
80.55737650281023,76.0389116960219
84.86559837120699,83.68101476367558
72.86969712778229,66.4899967122825
91.80526352629671,83.63543010027718
95.63132341279005,108.52111239285297
76.32202221284165,67.8586949149937
92.61895979947147,96.09533565440061
83.4049769778991,73.4632957651316
59.58753255167926,66.4618015024411
72.16147739883924,68.85664748469503
85.82289700959402,97.17195910369855
76.96491753662649,68.36121058153506
65.69454696849854,56.1491877693623
97.27856270923549,92.10014391195377
58.46869346118541,64.51149269477054
85.2671704301995,86.51607079189411
78.40166560394768,73.71933696421895
67.57104728736583,78.13161475487485
87.01533699015071,88.0076425410222
53.10654665138174,52.7001205238
93.77628093586337,100.32712726159212
90.79647544006122,109.74891982691078
70.80090713034107,65.17184074913646
86.73035538354283,75.86413145976636
94.62564258573936,88.02497926719374
58.5800837997572,50.709098236805424
57.4363215341192,56.457195108213526
59.822170578397916,72.31428604499777
74.6005176819079,75.15067184691067
66.3818160174648,71.58100377638625
79.35994477472795,76.92752885986559
86.0564354348528,81.0642325606912
92.80737893115037,95.9157073117743
92.90965952552394,88.10865671548214
77.08049284743647,74.84125765691418
77.49163271514301,75.18417077194994
55.88562501591522,57.70052064352886
79.70061014431754,82.387245919886
99.76301030475697,109.65357602291373
79.70127711545796,83.41077861267372
86.64523886060158,82.49040927447815
73.4555748568666,68.62956034962252
60.2619478559649,67.46923297399188
91.27632674601162,76.23707254485775
92.45308483487126,99.8321458507657
73.64841073941975,64.65263037165288
72.48781277909794,72.06903706483564
87.41346075204721,88.92929052065922
93.55250354746674,98.63838949846438
67.30937814575046,72.51666598253415
86.41467259801746,83.23750014351005
67.09524696001989,68.82266378504504
83.85102505418412,85.55613445644885
78.1564922154421,74.96962725621191
84.29517646693128,78.43158550987302
96.24443616206753,97.5606045375532
59.46690861800532,55.34496264602936
62.157659994720056,66.18648772604907
58.02743887684355,65.68368851701659
66.60046512360628,64.63622075136206
67.86295275447708,65.85340149095163
81.55853766290393,79.84505476610595
89.38475471292014,86.45378224123688
71.00434775048682,64.66492196414342
74.84550737154879,74.31342689517273
68.33957728851138,65.04421338913711
76.0363066966641,75.73004556571452
56.53949617242084,57.97898909823262
73.59666971159953,72.32500403212498
85.63499726181507,85.06708625803059
92.11348520901682,90.82560303808918
67.90848671570303,64.96117316997484
60.99293211881692,65.36427850529815
76.68010501151754,73.47824040448414
66.58092579818431,69.61133073310405
84.1417592671218,90.22701707836067
77.09689488815147,75.45051279451104
81.86179121277463,78.3409515580072
88.28052867348553,95.06343586213373
84.96865437265062,80.81365111290938
71.36107360457288,69.87495259955965
82.78888304896454,80.30516363744464
87.60000791663353,87.49738019146598
84.78116993570478,79.14014788474637
60.132830408805944,61.61445084947935
78.36342024234153,78.12000109582317
68.62374839562814,70.18868270115766
82.46101750103546,80.31839082963339
56.41754220880442,49.664781851854926
87.19511418931697,85.50111196382223
57.7307464277292,70.3558866424313
77.52562584123449,76.01155453995435
63.444823972810774,57.13707071642806
67.11677567456682,70.31302641949021
75.224900032473,68.17080530059542
71.48225067160988,67.61913182477036
65.94304729144555,57.45606782913388
82.56762787499683,80.93070585730031
87.71365597798425,82.76208021620057
69.42217754575177,71.5476949879831
95.50786388112806,91.97556922545539
79.64641874642385,81.20021250897777
88.16062655487359,93.61222698949359
65.19386435084441,69.05929328104082
70.38354335033932,68.32478818864806
68.62003523780866,70.34046859630413
57.701435736810936,72.79363734415318
89.09275694765392,79.20816335072547
98.4147249683967,93.03519341484072
67.80530529233158,79.8755269065149
62.33758966306284,70.46306863009191
85.90759811581624,86.07052785002149
87.2132844707335,83.78368230379682
67.1899503379907,59.261975717880084
81.30113725895686,87.1326517323254
84.14557384336487,81.2746766284156
54.30901140390324,57.951959026382234
65.70636228739008,65.99702245945542
83.62743329719096,78.23499410035026
94.34146857606123,90.50880575217371
91.18989293000867,84.74190052639486
78.9980468955367,82.84725240552453
92.13895426669559,91.12744645641904
76.50828162731416,82.8845134290408
64.82037678338159,67.80322408680763
100.02495122080938,107.50655992821264
91.34483272954176,91.25045623181065
76.34882465940873,76.3246538119607
72.88633060983045,76.07771547563294
86.11479859742408,84.85957191102625
69.65078737723552,63.76712801253837
85.5597647302118,94.19343109699143
68.09837593441772,64.02713078409028
79.94155284208271,79.45336072385979
79.23596003130805,73.9818448595165
63.15550345958311,65.66312007813636
75.67243416483664,70.46532979507683
69.25545987995827,78.62872768110728
60.11921310485277,66.21222898390867
71.7150278046704,69.79839493191864
86.76921063711085,85.17552580116569
67.90717435547099,64.45001638671148
77.09063840975007,70.67518615914273
77.63754831741866,80.99775510769712
82.65168063929376,77.50450573897551
67.18036775225296,67.49431755266029
54.78913335545106,49.120071677016455
81.03555173827762,75.24547112371754
58.381758454935856,64.57648685499977
90.31446858647965,93.6768414989164
77.20691296921738,63.35061919937726
86.35840136818707,87.7613020753489
53.45354537575653,50.37513691728026
71.51401187517412,76.06940851525044
64.18083390308068,71.70185996280622
93.4767580189074,92.0178165399763
73.38630125179044,72.8157385349335
91.15456337971526,86.46206298424525
66.7070602387209,60.61936008154905
63.787850239571995,63.74102766671393
71.80389990076267,77.24425390587544
64.34461315228707,55.22219081741815
62.67692513826977,69.24147386606761
95.8613953605631,99.89603217422506
77.12558073049858,83.71807835200838
73.2553886529603,75.85987150692151
95.7253008363786,103.29455756219787
92.77567649404041,89.51897464106455
84.21494275680632,87.17471184444199
75.43850994402456,73.85267832157669
84.0937145155121,95.2944407998155
59.407454620163286,60.144704164408125
79.36832153449208,75.76515796540832
74.19108943235138,79.4878017808357
77.00620355050411,88.21874437177954
92.82269730726978,96.38979300057402
77.06898230814016,79.69466931864667
73.78926473559507,76.69365634775554
51.94767359570969,47.69417196304809
67.72340538238771,72.55674377605423
91.16249629038894,87.88248297409459
83.92648723383455,82.74014077306545
66.12473057099002,73.68415424227346
55.864647883559144,57.61528203746031
92.71919797035277,86.98201993358393
64.61874381179378,62.42719989782423
78.38408359325346,89.6927771566142
96.04500707187661,92.37136251594589
76.48779872566045,79.84667761010317
71.1093514736489,66.58958895038133
83.38190816932452,82.24135594456686
75.7752046803256,76.94863785523685
66.70328106091227,65.04083628335394
86.12686963443771,86.53561720343622
90.44336103180969,89.57366315534676
57.78265090029361,54.723900265620934
78.68828060812099,77.41918033443352
81.4057766213176,84.65859321078177
83.28832009377096,79.7459729478108
69.5067757299436,70.46073531838258
84.43434472671102,77.10001094961561
97.8745664641657,102.26167188696743
74.56428901268406,72.39257748509718
75.95376137424981,73.73619896796126
80.84163862160507,86.18695429836976
67.11554103714015,62.07460277740859
101.36626972368894,120.02092630191787
84.80375935719567,84.19263568181843
87.30006831268551,93.258087775334
82.14392687612853,83.61204759663535
62.89144123447625,68.16313690636524
75.43481354285218,82.02495888227986
90.04628842738263,91.98654388186057
88.94336734878328,80.84646288407248
76.37474840092271,78.43716326600241
66.99215882288989,75.36712249980535
70.54343429679322,74.8438509115613
85.60943829774939,84.5046065460039
74.5682209339296,79.86196555356466
91.49705452102961,85.40042877378124
86.88454706027565,78.61043051170381
65.32295870067381,65.13151223183944
65.77950804115521,64.42783574725779
71.05754452218832,64.18399311156284
96.20812966987646,97.37528699491398
72.06108286001019,67.81701354217161
62.467178895432426,56.68579785889428
80.37144703136828,95.00850636694548
63.835525263526364,72.04654889502251
50.79648577339938,63.08776815896005
78.7450704988685,76.80862648241953
70.00403851164943,63.005517281624414
87.63119171168576,92.41308848241651
88.50892031138606,86.11106070756408
96.59809745920897,100.12603356563085
65.71321172155056,59.92394463356098
86.15955349398185,83.2664901922587
75.79310720002924,76.86372867229446
92.57293546258525,103.38503891563778
63.861534606606824,45.68639525435868
67.03894084950294,65.40750458716288
79.19738426041934,78.583872806529
71.34355332840329,75.60724201951635
88.66195062445499,87.66888647375116
76.89285007729384,79.92705314528939
59.43107183248845,60.052867933917305
71.29835591755798,67.08080226149089
69.27226565201263,78.80128708712317
96.89754736926535,100.2422261772238
70.02710609576842,67.79724215354372
98.82390698282202,100.86882190835298
64.23130703742304,63.90338508037521
58.292738651890446,54.940972990808376
82.57454172624871,75.55410739300797
54.39076243702653,52.286545731871854
98.01024342641342,93.7264213903928
75.36496961687675,76.81280136676169
96.18236142998497,92.98708265057344
89.2830461929551,91.66358387025407
94.39658773460222,88.01439432191914
78.67163372335433,76.55226054677348
55.165216681790504,54.912377241436786
84.6666950936921,86.23824689278744
89.68980584494847,95.54267156050591
82.14415134051124,75.52346939290986
73.42654574409836,71.08783623990882
91.15387184900392,89.86670114517527
77.78366730027598,73.71521513466034
68.68119535847522,67.58496769994827
86.86597195162571,84.66813653766928
63.62736229546414,68.60827269214661
63.584445187827505,66.69117454495944
83.33801752427895,81.36084789418709
81.58322526124252,90.96820952075768
79.72100075758718,81.74621375088329
78.85795494191379,77.19693455264546
59.24928750886921,56.866250835964784
87.68800002340453,80.37602820242297
80.25365558057788,83.76816233743979
86.84214852071204,90.76887903904347
68.6261505324638,67.79734509541449
86.63808826272529,86.55065382661691
74.1192286012062,83.35837925241017
99.74944790586443,103.4714229510924
77.74371021046086,66.8894531568645
85.8086726492137,80.37210109043887
80.89448739011958,83.94102556778019
85.98938861061912,83.87418771876845
84.56687499789007,77.9663531082775
77.50362933925464,75.30159481521659
66.60169534004487,63.23270716714906
61.11791076726834,58.041055887855876
73.36176438100702,75.67808916360451
90.0607836188387,86.75737218110498
99.99183677138068,102.70579049910675
75.7490803848389,70.17233909899122
101.57165303921505,105.28720945567164
69.58897137311754,79.21739486719035
92.8790838813342,99.58526459757402
85.80141191974359,89.3954483271074
74.53216192179906,72.02274656534237
65.80135758077665,62.72021396931669
60.75066916876922,66.70111005980286
89.36152403903333,88.7691917422026
77.77957831221298,69.71113178516823
95.82130633426452,95.09349979889204
69.66327060593443,75.17749651922088
85.07392715695525,81.60809063984196
71.3776026530444,76.58308500629663
60.728111680956985,59.47236117651828
98.66225335066281,112.02281357651813
74.0992593831863,71.14865078251361
101.46366284230722,113.96094824350261
81.75803493910831,84.05843618320608
64.91116734577206,57.26006863342176
90.26794878065954,86.53091814766005
92.85717238462405,83.17663460984909
78.96457347426909,78.84715408354721
55.74902944601146,50.86392624308681
59.125433192586534,72.9243690345511
60.396977816341156,62.37816789582923
71.30913242876478,58.785560933373084
80.9109526807496,72.7240970349084
72.72186509703863,64.45889008289376
75.81861098937918,74.67931909091779
62.433714631228995,66.39202901307297
69.91254987133766,73.67324919374994
72.79783431501828,65.54457017356793
69.2066061698861,61.12640563925787
58.50165784475301,57.092149523665455
75.45321799851352,85.9248770937065
81.50861227294914,81.59766578099075
70.11706035710327,74.5426539862804
86.64688818014481,86.53143695728762
100.81415475954522,112.86455414846574
76.51539328348855,71.314788089717
74.88672836115974,72.10378864065771
70.861608776868,75.44135441964735
73.54911719647966,72.22467703825234
85.8903941643542,99.54011588300294
77.30184904716116,71.12669247278076
75.9104651010475,66.04012481422087
69.60467240555236,79.02326121359899
74.86698811858226,76.08877628640575
77.27774762035784,77.96958064931032
75.9716037706783,81.94596382409773
88.58341144033703,80.24542645316824
96.57075482371455,109.4257710069752
72.99464588841806,73.5840756706589
82.25734718427685,82.61719826193404
76.63829396916238,77.51310793215572
92.71306760783203,96.6416798360743
60.154682801083176,62.75596926911535
58.300250260104185,58.076179519372246
55.869632465004244,67.1235995622944
78.02200383291085,73.15219029971706
82.44629608186573,79.16940509280944
92.78737162527973,90.00527433682473
94.80729959622212,96.51991013183893
88.7791670620073,91.18017655774878
68.34969616748653,72.36828654651852
78.14352380473974,76.76566700247518
58.19703223104694,66.74124941123031
95.00914826230589,96.47665006578553
92.71062734541108,83.9787013313927
86.49179940133034,87.81095220227391
92.63287974879329,91.65873920449809
87.94526099154027,94.89064208954083
75.94373067947213,74.00922830071009
73.71946092296159,68.26032876443821
78.52282707170836,81.3222681731943
86.33304662218568,82.47849259821106
68.64260482184027,75.69643696139498
62.70039975119884,64.04328668744247
68.62272957793017,65.95599339265925
49.658873960131025,61.87721101931356
81.17519804780879,77.72522613671757
67.6627391194162,70.40365156953881
82.62005431940973,79.61845412096551
80.72844938000047,79.50961740539755
71.51730269643141,67.40073580664264
86.10510245157931,80.01656429885004
72.09529686896124,74.03810830855882
78.55450818954291,73.60827389388658
87.10715509591459,80.10228177522998
87.40839729400437,86.09032794517792
96.26630335938954,96.84406534442931
74.30991110280773,78.73910071382119
63.37532578152014,64.27870054541125
91.83218972018426,87.10442692955782
99.07775226248728,95.1132609324834
64.65059432716136,55.47897695500983
59.0662161027702,60.96189511951737
71.41917262295846,77.87972062789828
67.8430464666901,69.30215086532962
65.31917316751282,72.31536013111204
62.691192728177825,61.20231989579531
76.09170645660015,71.78483862033963
64.00129789111847,72.29259275297112
95.08713560986453,93.90844949606397
84.75339105688955,89.48828961646839
93.01446372121075,98.24214116173277
84.82682296196376,69.76198495516923
82.68967641997122,73.36156502465992
75.2887935102174,75.62622579861817
81.04015080156695,83.0801904247771
65.31792348606015,62.10906570957762
74.02248547522414,80.07211206793158
77.20377495729787,78.03801992550149
63.6011868302126,52.99060935250395
60.697096605978494,56.17714817140484
77.6304248254856,71.45868785754465
68.9264807652965,71.99704176660376
70.2003410201959,74.27489793262446
55.46541809170717,56.094761015285776
63.624360781644086,57.70822570112081
70.07190184301962,71.98297101247445
67.68316538944877,67.04134016529156
70.18285737018472,64.77948530451617
46.499183143380876,53.456856736699415
74.45256325682615,67.27453972678371
67.33066200526427,66.90185794560524
70.29494014550826,65.82105297688133
89.46198810978915,93.79871050865266
64.22220063675022,65.26981425425292
64.35128395503165,66.5126081207115
62.08068619352163,61.509863528441436
82.45437250076967,83.84589385920597
78.07220217458148,74.40305969494445
62.54388681896005,65.11253585822598
92.54247544677041,83.95276324217984
75.32289414364917,77.25117993843493
96.22362561160335,94.785280628784
90.61239096333651,89.23406177374329
75.17014376318238,75.5952635844305
81.16995186285696,75.49065949427236
64.9236714342324,70.4878924749053
81.2120207728185,88.07911778130416
94.38647583988241,98.255804004679
85.59500623289524,90.36218683608644
88.48791612726285,71.36092244467793
96.00418428415352,92.69078001756573
93.50630031235143,91.43920952050793
75.42262095320065,81.94097868994302
58.26682625526021,64.73184873231874
74.65696027568664,73.65632681658646
63.394716156304064,70.29409901153866
71.38770664877956,63.53105381922175
93.4262035237841,85.54060663520497
75.94829024117448,89.44487843523952
92.09902350973445,78.38124930079984
83.07242942518894,80.89550491437166
85.78516652937026,82.6306055010823
91.66444606612534,93.04634784362514
93.86020721042554,90.89904035337513
84.43369326514207,86.75986657902865
72.76871800819525,76.04855306696736
93.3045194034921,82.32664327290627
67.3259374905244,75.9863220092958
87.85443239620025,94.6520885719855
57.49882130068646,66.69593064192112
69.91034204479202,73.9957167443032
69.81742557830505,68.63630700201739
98.55707024995611,97.36068838244745
67.15005366088029,72.60351232024476
67.93309485865534,78.93127683185774
87.52955465823322,86.57381952819098
88.34694218618786,84.14215021708364
86.40263837566566,87.43288326374369
56.313738804323094,58.89698863214754
79.03080503530389,76.84428582235478
71.29533782944796,64.99693070910891
71.71154177620483,72.82794631621485
65.75871642627843,57.73321788386087
72.87300094909659,72.79293069890444
97.28308833381509,94.50158318043707
87.92482197158664,86.54058712417313
70.56051945296747,70.63943032716526
87.73045178776152,81.06071138937446
84.05363356893871,82.85947208967896
76.97716892643606,66.41092215394946
83.7369843749449,88.62680706310013
91.65005616168821,82.37752275607355
84.4877672094527,78.91961767961081
79.6973355950907,81.84527499911556
76.43051066483167,71.59755112858542
73.63254201135665,78.65757602980342
87.35471101170357,85.43054713884709
75.07574254770756,70.14257795476776
65.33225593346457,65.31659491249336
67.79907307191198,60.24224912497237
80.31258903387473,77.76488752927891
96.27710123250665,91.15221322773763
69.11988734312162,75.9248408748788
79.87230082604644,78.26181825029066
71.66160438384975,81.31214232463469
69.25051602584773,68.03765826736173
68.52413864846909,57.73742931123776
90.98098085300225,86.26479712353336
96.92152385288976,95.83767454432468
69.5984879054929,67.09815036930323
65.69175337607126,69.7907128915622
88.58600514846216,82.09102435879831
60.579580674921345,66.94551226675578
71.8738520968394,80.35462733265362
84.31143025249632,84.53738866496624
73.15304725891954,73.98390595289551
68.79179679741087,74.76990944944974
59.75667100428139,63.23166333190322
62.54497255880244,63.50826688506849
67.08338560729075,81.22427056343308
61.41192339913123,66.41386918409316
69.7742120022565,68.20988638121207
91.56217963742361,96.62178967660415
88.87578984854635,89.27689839357883
60.05007711587014,64.23551314001116
92.73954923210292,88.80490269833956
63.665307125730955,61.11154891449302
68.07551244590584,58.27874660493736
70.12326279094077,68.92017376779705
89.63884249257127,90.77056105066914
74.59274751687758,78.16972404132807
90.80732879669036,85.69035840287856
76.39145299056905,86.7490722264107
67.76845245753442,74.65814326563968
71.95763912149738,71.86355196062914
81.37805364375258,81.97543288348585
58.35049607222488,61.472667829162816
66.35339776536445,70.19943284149176
99.8082266668066,92.31201203776538
78.21011594307626,76.27817063093192
73.5893855911656,63.374319449555344
71.50035190740684,72.72443271033777
59.34113802622167,54.8725789693623
81.31899464080101,80.6160198687809
81.70320052204812,71.52485229340083
95.18970560175492,97.86162326874657
88.26453054697058,88.40307950465623
57.46783359101154,59.38476345822288
94.25616232779399,100.11750882189406
67.55218129608042,70.76440107341868
100.62455856339908,101.72942838819174
54.71959842899295,51.74774214619234
93.77044853226627,86.41021228034899
75.99473779864745,72.388592306419
79.80139383084045,80.16894731271454
90.18247199742488,90.18051027943034
63.29523716110786,64.679354126748
79.2730289763717,76.74315918559884
88.22356646915192,89.20797961661262
75.34239661763988,74.55917299254682
82.69369612792143,85.54338349207119
67.0673232912627,67.03643107264756
75.48646827065676,67.18630448856376
78.03820977130968,79.81962733576023
81.30370095658381,86.26002368702476
66.90639147875392,61.50165119541757
84.97618685944248,94.81519976561518
71.98120580768618,71.68213396407052
69.12509384058293,71.49709436189534
92.03824677308299,96.93850445134345
102.24293789448015,112.9132495047709
75.30285340240573,74.74964909589299
61.56640073016708,60.35909229950381
78.47627293536614,74.71595868394209
79.46608298593029,72.11986800916564
81.17643257588463,73.79657941804231
69.55294181007112,68.68301685487502
81.37476162545684,79.34924993231138
67.11432301083173,68.3396459382355
60.34409694171448,57.014127322255284
72.4888924148615,68.95736226322394
93.40471784067486,101.08304083993801
78.79367136476804,84.95704334832641
68.62554875892222,65.28368849091527
60.8113299445927,61.55039623592966
88.19663605843839,88.18800336531464
94.98280441149397,90.87781041839222
92.87073740033753,91.98666983091407
73.91158671083086,69.0472020855719
80.143396811187,72.69412006203841
90.5041065868088,87.93757781449825
76.79300746472639,71.05931041159513
69.88489903878396,70.4035072699181
57.44037283138103,49.702000588972254
67.65161413167863,60.5421730055028
95.62808663314718,101.58091154153503
69.65289515409985,69.21390881692152
88.13661651647169,94.08744781575706
84.29253840253284,78.91293307694255
62.261656443609134,65.12566320344669
78.61148922674481,84.35139895891136
75.39973208258954,73.98969083323826
73.27734978982936,75.30712126266516
65.54680950369186,60.954536281950006
75.11047828665946,92.87966120689379
74.58353237992011,74.1024252278212
83.31134598440171,80.4078784523002
96.62118664008814,97.6849266526976
52.66097138167139,50.88152715771795
85.24955631641264,85.77372326170689
84.09545434124158,83.29773807480612
77.22257808389787,82.16082875746021
73.14434932928266,79.94055987597193
96.61160805338433,87.22035462012093
66.72406992639819,74.17190411428516
58.605902328023376,56.825641031336396
91.1551164105833,95.82105876580121
69.81460054421636,80.52451682653947
67.78941682244003,74.21115218704637
88.87615199784442,85.02360789800206
77.21840021517346,79.02221195555113
80.48863434372241,81.88012001064315
56.40045042987848,64.15224956112567
90.58743241816238,91.3378258414229
75.09160642934937,71.91245853206375
93.68102380285495,110.38547208358473
63.76231097481646,61.754604657036936
81.31289878425112,76.53062149285546
85.06879077349892,75.51808474798312
88.45927223545226,92.65718151039398
72.68410059031746,79.80037586420646
61.03265263783634,60.908790040835314
96.88674576085496,97.31870420633953
87.49546482393663,83.20295063705471
80.5237887540375,78.56634969687948
82.99695589363192,81.88344495663776
71.47568937104617,74.65685893109068
62.61745059084417,72.57738535393888
55.827986136751115,59.41712567286493
67.85040893238848,71.61570801779551
91.89046255886714,85.40886806792253
61.62749818195386,57.57385772030713
84.63313386246611,83.879188210764
94.9882123738791,95.29852169379353
81.02455051282413,78.43593001623249
64.90377004520062,65.58592508930134
57.13972749693721,57.706126010047925
87.2619123756183,81.27136528675449
89.31473733820889,85.79908729911858
87.00123867839652,90.34640947889255
93.26189086974499,98.26582516632935
71.11677935970583,75.7861919907666
51.36914474944359,57.211910355155446
95.12839641041,102.672480774389
75.86399325443288,75.87185128245024
90.56143619573663,100.87042764152574
73.99520722395945,68.84335422766746
65.25345562997781,59.07436067479678
55.345067832221424,55.57318103037312
99.95000158325519,96.34233198472296
70.37889365736493,78.26183901821052
94.79819258221052,95.6551795775806
76.11767880333278,75.21779210943734
87.17199317601828,88.84745915700158
55.44470347930455,54.60872226645201
87.04272574681372,84.25661103510986
85.10113247849687,79.5710182193365
93.49581756012486,92.49728440677075
61.6334667323016,74.17392316481363
62.8309873964022,58.72977468981975
68.82332869485832,72.8010749846285
64.64559954388935,67.82713933401614
65.4160470401594,68.28134068118948
84.05318827455015,84.99140747864425
79.73551895811303,79.42209494647949
70.51978590868745,75.27758270676549
68.23500910344747,65.36100818724722
82.07731390634919,80.93579934319348
79.68264331638152,77.5279991094729
94.67262140763312,96.44300028016808
84.19048466687042,78.73213815788891
78.78989695298637,85.31431498238143
64.82222181788401,57.637905923295705
75.7915489963292,77.96488819354785
77.81788181995907,77.09897331580518
94.88208472456849,93.5944822016017
82.55007668355614,85.22436048171463
58.49763155945677,63.119457164180275
79.07441840363383,71.2590711747435
81.13821769466635,82.80769877615406
82.77777066996154,96.05639583069215
81.59091639045026,80.1685090682755
61.40350286081865,68.71040123596481
93.19556657417012,96.8882517523837
80.77123123679145,76.87138322699047
81.80231848851189,86.1161249815359
91.58360589435856,80.53235359145918
64.75616290721875,72.39884241935479
67.85512532416604,69.44919039016254
74.67198355667136,68.54738560837583
72.91634069405536,70.60790497075777
94.68605909077867,82.11721949257696
88.61286020198077,84.79816949167085
68.2389660713661,57.83142909445239
65.26773566887613,63.726851412063276
71.63879797881386,78.72075933507259
74.05927324339588,75.53312784972759
84.28749884042439,84.5547625155649
63.70978336040449,66.61277198940424
77.76980803352863,89.4903627964263
54.35433375577261,55.33780597812256
75.3435573072278,73.09927075389673
65.97759078899139,67.81967732169393
75.26235202213205,79.07395984722397
68.76161386430665,62.094486537664864
68.70412235581526,68.41202454153517
69.55799152176853,69.55581103098514
89.46248074293653,87.10463772867402
86.90978549301374,95.1019657829884
77.10331208641838,87.5728752581785
84.71374665610143,75.27800802041394
94.53031787714377,92.78571382313602
81.94178508202154,74.39265683601703
79.98552308971324,83.3881014153144
80.01698237042788,73.11097968200906
94.09870088838372,85.77006160140772
80.90873197768234,76.44752907599218
75.8238843219399,78.73614319497966
66.7912551240889,66.40532933496446
96.90328120248698,97.34381185467612
100.23918970542168,101.62819890683295
64.93648520801685,57.92930529598014
75.34526883025222,78.6078906173501
94.67261646144308,95.86563823006693
84.44263384314112,84.56433478442227
79.90375358069396,86.88799729065828
74.38607263724226,66.5936334093394
53.74360515964402,56.185710660031155
73.65910397934678,75.73317995762926
68.00231385165091,69.74669885250162
67.69234490800946,72.13198712060272
68.6001242185838,67.82674365430401
89.08087654354675,88.82684290808095
89.10030369421548,96.04757767741282
86.67793566313884,89.20871122492422
74.9149424712173,73.8225361320601
95.16323669249626,94.5379256509753
73.88850456536677,77.05439256667131
63.51972806069139,64.57508337359943
63.20482336770669,69.4994899730191
62.97018017474179,61.463595587651916
98.41116999702294,96.47222878045042
80.50556522094307,81.36770830817795
69.21124583747485,76.65078250880947
74.20335586272671,80.79642683303835
84.51401302264856,83.47281877512951
81.62921230149047,83.25863042848546
71.63069860003505,72.8468549108111
70.805903554491,73.86005086280228
74.76345184328355,77.77221927757476
74.75033447863282,79.9269112325295
80.62416465893803,82.17759661022184
68.18987309533185,76.09546259775894
73.77299865354082,78.19259597304631
85.82756976247828,89.4202565427794
82.1725707440263,81.61467540114552
93.08759601480335,91.28906753911176
92.98894136743789,87.76284593356101
64.33257616220108,65.22986408208432
70.03944843157987,79.0179869411103
88.0125435842749,81.4350470229135
76.13490152290085,89.03659539527739
60.12570973676114,60.119799486966784
82.80140645514746,84.59196814985019
76.23159318581774,78.88125279201603
80.91418786780372,76.68592908090315
70.55770631649285,76.56291648886021
87.01211113982846,78.72434269631066
65.73285662459995,67.93634720160813
78.16299067101538,90.22659524812032
92.82329336829247,93.61534100032536
62.82941596031674,62.535018358846486
56.0619496183155,57.66547027692308
46.5027185722798,49.088707017315016
63.725979532639855,68.43353387121262
67.08687957186342,67.9500240469966
97.05855657011189,105.52747152828587
55.480601789284094,60.02794589557516
84.905400496791,91.24914679707045
60.75182883801157,53.295572379098545
80.53978385406032,83.44480525840176
66.44666269397685,62.720030363409
84.43096203539774,73.61928515202017
77.66691993015363,77.28684516803403
56.33754055143225,62.6583575890786
57.007734948538285,58.77835829103169
96.73327513053647,88.50915299701448
77.33416678917249,73.45837241375183
70.75368908375613,68.20909537490286
94.71955353554962,88.97924751149725
87.80176924876987,91.05650245072133
87.97414342338064,82.82685100231242
91.29626212710531,95.42572829577598
76.3814674848856,81.4428847027359
66.24590965562341,62.841114095657254
82.47640572752356,73.86019424579625
70.11498249456224,70.48641510813938
93.60217407089328,97.5551820390992
91.95807756962802,76.81346808033776
63.15645543536918,51.07198430938954
79.29839411433117,83.52864092913082
65.60412020808533,73.2844168934761
70.55130850682256,79.45763116031917
60.43254324793479,56.61093999340419
88.97159433684534,93.71652571781635
90.79944619200428,93.91825713763023
68.975359557252,69.66821827466819
92.27725892349714,87.6866497788053
68.58958624444038,61.79766431556118
95.76958607093562,91.6334151970213
96.39219484367894,106.5106525174833
84.76152996634404,78.8807170708916
91.83759745108466,94.65562989936238
64.78797466855133,70.89616871150709
76.9853837289566,78.66372666704659
66.97150623407117,68.4964044814896
96.06922978742723,94.8589094139125
59.791309781393444,60.654431341989415
48.40775705073604,49.507289125292495
73.14223010236246,77.84433742854497
74.4987538176213,75.63739113308043
81.97668170369761,83.63573758599911
84.90378975231248,87.61860034674483
76.57289916171456,80.0347196229123
95.2170878458591,92.02472499787544
75.7571855420894,66.65778591250012
56.50814695001059,67.54353324138351
101.1750115120831,103.90192768755296
82.78253636786339,83.0856267549423
61.608423781431966,63.794262183413124
94.6068644128443,92.75555863831806
68.66589285979065,79.01411165636155
64.77020755480821,62.41838980044387
44.516346715544564,59.190231514021285
70.89419424484844,71.1963976528751
96.65479457113392,89.39522285827734
69.09458589899563,57.57791465247322
76.39501163873034,71.18409591843546
89.24791388906549,93.59794897246948
75.63286872255266,70.67285861976092
91.59653065881737,90.15477269699403
77.7254443870021,71.79000729895202
64.62540422058193,63.97760705290341
69.13177401036617,57.519382881115675
90.76173881220771,87.27241713922372
62.68836943219087,62.66530417763495
89.53172844062385,85.99408224246164
99.80298639156693,103.67753737187692
80.16070444857637,76.58035570009642
76.67532005385756,71.60035740946668
81.01934667606285,88.15352413164217
80.6199025807516,77.85586099266274
89.43641080265294,95.92570894565449
79.33648753048656,79.09354672297202
88.61164173234786,92.59624196738775
67.32634279699175,66.60132483266277
78.15766476940466,74.95835757727069
63.26332207050926,66.33541758016845
74.74210731991595,67.69594393117752
64.05811155804297,73.25724483638423
87.25133369950127,76.96104245229088
83.73031774775666,71.37384794854398
71.34780451651956,69.10834742080925
95.93009138113888,92.50127880226066
73.95002204732863,75.99437355527424
81.84591251381582,72.20861381162895
75.59782640058907,73.52803457400546
91.21193759520634,85.90665119612922
62.08430409895271,68.05738011612414
79.9442192424744,82.31099507858698
53.33315318176379,48.10869946769447
68.96358767250548,67.34370650311311
77.04388790522422,80.81981861741983
78.61585336106725,74.59597571411527
92.70114199796481,88.67418854566615
85.53407706848195,71.95496381749446
78.09333475782739,72.15208883133688
61.5028161102595,61.12305501203634
63.66290832213638,61.316788903176686
85.90003477673083,95.97805191321567
75.13770653398875,74.72761159620661
98.83537309148109,96.3630539628736
90.29048428350917,88.37944543812668
87.96238573760492,91.916905160397
66.66775789446584,68.96031510931797
90.80109687126748,88.11438539469394
77.70306097004774,72.36227259549793
72.87989368113179,73.46602293772523
57.13725641100762,49.91814868090916
74.54028631897063,72.18420948542253
66.56016936571123,56.6252480249845
91.52192258062237,92.31369211970313
61.12539992255576,63.12432969210949
84.79587480616635,73.48258042062312
68.02361859431302,70.62162978520962
52.06081018697389,47.83343867826875
73.28913905007434,77.73522335524804
88.81414030346951,74.12732658741149
81.26522885654808,80.0222944791391
74.73830601735479,84.24240009029812
53.98734823166251,64.71792781009303
75.66953759708325,70.46114765232754
96.13195167041802,94.6486521608129
97.03732767207912,101.0277800037186
70.02621846777916,69.2395661013525
88.6832975257206,82.89024308283672
94.59065417371346,94.2754505572605
75.34505705206541,75.6891346321994
92.59993006326118,84.90889329506058
73.02964738904807,72.32122467512357
63.29160333690702,68.81381370439071
90.62635199124236,83.41191723496623
85.20390497874833,83.58002245247853
76.63814980871638,83.840487924266
98.02051903333584,89.54806801079513
93.7352080118501,90.59823578733632
85.46779856697563,89.19901956695111
77.60892775098695,85.0376851454239
89.94645599294678,98.37910104874345
67.88332398003598,67.02448534963472
48.752780491443524,57.07273562329424
68.16316998506268,61.388947750830944
96.92036546378182,87.19130880780153
67.33269596928476,71.7382120951031
68.72769674960544,82.38248216776347
69.7675181552584,77.0486680541369
75.3315822318229,78.30993680639565
76.7440235439393,73.09903491227617
99.91483095736609,107.99280502637168
70.62629836308899,74.140588874503
74.06577864790441,65.27709350553482
74.61405501262239,71.20327473083442
66.55192414394591,64.46134117696023
89.17340014437677,87.80723943248938
73.28130712719695,90.88188394958604
82.83354628493836,88.58663505266878
55.3247920394391,56.22616557500737
94.42293163271451,93.61033101082995
79.51155053670541,85.72493773721624
52.02620684277899,44.902341017063776
60.18587309202933,62.07402052139135
92.92030090185607,83.48299416816492
86.52034051714818,91.08330647113851
84.6370722565591,90.29578660993343
81.23928174121967,82.54128129197376
84.8749729052107,80.84150150444843
95.37237343676296,93.67808484001277
88.1751096304207,97.20259320511346
72.83829285711518,69.71587916036974
74.08201509967245,76.21153542664518
75.61665080330575,77.55610467495082
92.63451464332142,87.41821002171548
63.60460798441325,62.86353768503043
79.16462683388643,70.79785151185234
73.80276914365629,76.6979316729532
100.28571258099235,104.23194718649798
86.06997314389363,91.64168723308931
61.07122982128919,59.32887902056953
100.31913355792382,105.66765377540614
75.11160978393856,70.9390398066751
51.33492667187087,57.861197493490714
61.79783372366386,56.82749735536228
92.0960217891102,97.89297165157079
75.98686044793389,75.25733250666929
97.17791837133981,106.73185266805585
77.33915793831217,74.80425160466424
62.9403189404815,68.48977747379989
76.28115009833193,76.13974753774045
77.38701686641252,77.39161964884194
63.59619592371324,58.54116018339993
82.14994923005148,90.07343107933737
82.83438360227582,80.76296654615044
75.37718018951914,78.02770693319165
85.05917339313285,81.30105086887282
71.88116227735061,70.71190076089988
76.16146325924508,76.77310231819321
72.02560993175217,82.39990975667575
92.40061750636613,77.3661949215834
80.98933351647162,80.27265033996885
66.19721689879387,62.50486638373546
65.4122739802701,75.95253528044981
71.15560764318019,63.38822302007796
79.33653769793276,80.8509476587211
90.10032175311308,93.27549186881902
78.75954918948335,77.54271357443275
75.5812306562765,75.78887737881074
81.47954289098173,72.56212539110264
81.2109735074644,86.39665608919562
69.60938644377396,73.47890498821589
80.33896438771075,83.2614378054786
69.8443526280883,72.71060470408115
68.78916266714786,66.33944128752414
80.7188964435854,81.00951731535758
77.5918875969038,71.96480977740744
87.39675026311681,89.08992859125375
80.50893179094841,82.99872558111448
90.50207664487505,93.53236355249194
56.097517425104144,62.32529714328612
72.74836916634725,73.68027769892618
94.49513877734692,88.06040935749917
69.85417540841004,61.68710406988476
95.40295397906992,93.61417893757645
74.26508807686263,74.72991193135182
96.03229142805476,100.81612123283799
79.12013443879903,75.33756509784611
89.81479080239123,93.31093654090533
68.79741089779047,71.06769608185539
70.31745208764981,70.80138117391547
77.0853865771809,73.45817740688088
67.28817902015955,73.22740567675157
72.78178970654915,71.73169943438899
83.4676148214198,81.74577242748231
54.07933478670757,62.728137895986535
85.67104520223056,83.12911286772409
71.5476708579001,81.30853378649624
83.25808447912132,81.20849484584883
93.72546988046537,96.66172230090757
79.33446111181998,77.98982368367525
62.29555707920071,61.20644999154936
60.41843652533604,54.214275130107694
85.25658831015775,93.5979823525752
72.8015187651577,77.14070695340168
76.0081716792514,69.8621422991217
79.41498638830623,74.16294414714478
91.2225773565511,101.48012346742165
66.7710017274967,77.91096356105587
82.9485139060302,75.39361433279299
62.707266915714214,77.6061811418946
67.19850023175756,64.54905047962518
70.56529904043234,68.34173899286094
63.784973277925985,65.46016525245179
70.17897643343066,67.81106661805877
78.6309797875486,78.1227244429235
76.94058959148344,69.68760886588849
82.11699821856462,97.60136424352169
80.72001443569418,81.47221905573187
69.48877220251894,70.45787594944167
86.48752525738459,95.84536640093104
91.99561155058117,88.65271956531143
69.30082724541721,69.94616680605189
62.483064308678884,61.96785189766426
72.4954321631839,75.98053387601857
72.21429360976649,65.53414304057449
94.33359606035616,89.80658569676271
63.1036982452269,59.63006625764755
95.16293932620405,96.07920525683694
73.32022494376986,69.40130530475435
64.84860307577723,71.69323058923487
50.906153156402894,44.606756777532254
85.45360309532286,84.67521591575579
87.15443530400695,86.52266353350359
68.19428369661414,65.78996247562227
96.843553425153,89.95752321692018
88.97755433865512,79.46155714823944
77.75870627131597,78.72471859493612
56.89891584034408,56.7882946954017
94.25177526139807,82.25054407322716
64.00215866301774,68.15579733495115
63.6148422398953,63.35689485272153
56.4281761381746,64.36575857633653
64.3477656010205,70.27109674654072
100.36948629483686,107.99981447144978
78.40813612918382,70.3713017426407
72.13228717329673,63.924243073506986
88.09942674818372,94.15935877967758
69.10935843150067,74.06670725181593
94.8397882713196,89.96856348248087
56.571410466684,53.369852562742054
83.05481874993121,87.8577874220058
68.22929571489465,59.40972440748772
76.12014712368706,73.45786974324673
86.91978028502801,90.3357943445957
59.24280601096846,54.88185280957163
75.91434821074168,70.78781293775697
90.96296728185155,92.43198148985395
73.96235301299298,65.99469546161832
52.84855577660087,51.887001108659156
70.07221998846705,68.53767242120982
93.2443528771777,92.04999687483956
71.25200853061001,75.44673575695491
75.18155624526987,66.54264937133836
78.7249086552131,79.23335237758106
75.31577697556438,74.20583967475156
58.24489331835083,54.42267382740852
94.38470870515647,83.00134969073262
75.31656424063654,82.05079270381334
79.20805477609628,81.573343937749
80.80578463173872,79.78560939544535
72.90687435102629,73.73684649481626
61.23443837071591,64.2278772737256
86.77724758188512,100.97313582755234
86.6435851279158,86.05966422481075
68.45799221235968,80.34229452620767
90.81681821877518,84.57411245096479
97.20815680117913,93.35054575541704
74.58432041734575,76.92875056988734
94.49695979409614,96.21840103429707
62.335452066084436,64.37838588041951
81.53546476115481,82.75258003333289
73.34939265119056,62.24666968526303
66.2347559951831,71.2329481458786
71.31320820366031,78.35903070140459
64.79909961361227,56.306550402247126
61.11356677899685,63.5015934460677
87.99466969283507,87.933736837669
67.77399085549524,64.63573345362809
88.13943446164745,84.68104362580763
66.62803747576191,64.76073105106063
94.5802974117883,94.88878381118604
77.2847696724602,80.7220375125727
65.4733751283876,64.42423736120618
90.25604362348273,98.41724686050557
57.6929389660481,61.00295735556146
77.47891317801987,63.894419344510375
66.10966081358227,68.22911655457659
77.35119973753936,82.96133766082583
99.62860853793336,104.88846594978824
69.6371354340245,67.47971261239054
70.10778118340684,71.28788097513238
80.77331501970056,71.45548966603667
75.70519707413834,68.30483592538953
81.14808126593249,85.17581715021359
84.4019979991736,74.45240276085427
74.47153464502118,71.16221803007042
72.68498592753706,69.71542397132269
71.37145432520684,66.83808846601832
96.8408552162391,96.68706118509982
57.34690996959111,59.19967364164168
78.83500909817701,79.83368391306769
66.73383390823358,64.04031245958622
84.37463892041917,87.21944589993782
55.85548335117999,58.954893476024225
81.54438832624515,77.26167177251675
60.752573193847255,67.4643440335197
60.50571535227572,67.63365653082991
93.44072543094485,92.68925167712166
93.99610691409418,92.64161780786618
68.8791993517782,71.34183390448158
95.95361740050124,94.50728461751274
95.67951595761596,86.36471795896225
84.86374465010459,79.72115698861325
77.55661020027067,71.57126857219666
86.58527351544072,75.47554958960103
87.01745261693804,91.69612709552221
77.19701995131783,71.73453592038516
52.47284980030327,61.3193493909975
70.00288207820572,75.80782302952505
77.53941611664864,85.03589819723513
65.24500142053833,68.69079033596954
57.5335148808596,48.17057019963335
81.36541245639555,83.42616837375448
70.56426824103696,78.07977709552397
89.37805000173495,80.64450534877278
100.94503269362912,95.84561594760655
81.7605422100408,87.60802221282286
81.14118110663838,84.18504930071546
95.04437763477506,89.26027351113963
79.50090382430479,73.77075051517339
103.30088601001084,107.94588837125855
72.3644838687786,73.0651764256736
72.06743469645745,69.54255028989442
72.86403196933509,73.01409090009895
65.32293610133175,61.23747279601079
61.966497061015644,68.3101966462742
93.38862826292602,93.8321651676834
85.60091485393298,83.27691957487676
70.23188930927749,70.04061199033069
79.99997738104048,82.62493415400215
71.802165816576,76.11497256843701
75.01128840250486,77.322852986513
53.57062794854574,61.300403440706454
82.25412363971002,78.78409282872019
70.23921651183379,64.8504848299852
81.75220895552759,86.42123689763133
59.333458378348524,52.52268617242814
70.99556953346423,67.66598510205782
80.52594980943408,78.3583308590043
87.67501539873855,88.88002288670165
74.72234405635133,80.75718484880805
83.0150640706039,84.67392940523072
67.13334068478356,68.78975443675613
64.06480910649994,66.22985780864002
52.777452227720616,59.15243601850712
97.04042927532447,108.5147355855778
95.42423300460428,83.80555549235548
76.48026711281517,80.12499129992959
64.96104970935038,56.97886515125326
74.9206791414338,73.34486826546933
90.01630013499557,85.14754446082264
99.01798163808775,110.45253944265721
87.85721920376213,83.49154939735773
92.63730638703427,87.58806599352111
83.69609802230856,74.97722413753087
79.94121596863742,90.68651813544135
69.8726497228825,71.93128394851968
75.46304920225928,74.85527852515175
76.69821086133224,72.74418296033981
44.70927326755809,46.16045147368544
73.51959390096972,68.73376939573814
78.46116622088539,72.25710457706006
71.38008704665013,67.09195921235599
60.95860620788731,61.2915364008994
57.476845075471346,49.65563306006142
63.29443877386363,69.13494645644384
85.1527035069274,84.1397121869835
89.51031242433018,98.57576121407621
89.92625720757877,90.28642580095907
81.1850701913114,81.85223481983189
60.06837364396579,65.76190991355968
70.3822138371564,68.53325580645726
76.10812155184013,76.29902305701313
57.89296253009512,64.08469520447898
75.99168266570983,74.48616080945187
76.42842911526061,85.52644203487597
61.01748228109679,65.1310682312029
63.152049028467786,57.851799492782845
88.60877513927683,89.08172161830767
76.73488349140447,76.45874948960258
67.61582483783694,61.65210843502303
84.08034305532613,82.50383104259552
76.02255508752684,73.40901516943683
83.34557318448617,74.81361724747845
92.570682251241,93.17542559692889
73.85801511314044,83.98733305226693
89.29052481273463,84.43981897140742
82.92568407262851,75.35829092426256
67.11164188935753,73.08975981340397
66.40087026391322,65.29340951893846
82.11587929943751,79.36514067162675
68.65631909835311,69.09431289298661
65.11645397473995,65.4720751377568
87.54054996005965,84.05224788510267
68.26854211297572,60.40279413453733
92.82065367536204,98.691632277442
75.92432318761374,82.06105779488061
91.54674194475922,88.67708892806517
64.18919731260165,70.26344469125769
101.61746221572025,97.30221624160754
81.45502238538383,82.60205272354081
96.20590386026547,105.27968642664851
88.04323218923345,97.77654456884537
72.96511935285571,65.15602200046708
96.3332439916648,90.55552165348642
69.99170532910537,65.45511048532335
83.9255329748457,77.28273050913263
80.15158359562254,80.54275329359521
61.5908715915064,64.38684773249243
92.69855317848601,90.33330384976894
54.50864403977873,54.72426707858257
81.20172735986253,79.64911857520286
74.4155411083902,68.23271065862997
94.98760518789335,95.55193937304227
72.98087960870856,77.91039127812061
58.658285756577946,57.7180287555463
60.773517103036944,62.41532434251214
84.72781853941477,94.31772022657331
71.99615262890781,70.88936865276445
99.8236610491988,98.42410062169157
85.55207264961479,87.15005127013215
82.74354162819043,74.38636905887279
96.40256169804333,99.77978873116187
73.20032510931624,71.64541031200883
77.27514504200977,78.8928425471567
99.8238665503219,97.6306388234157
77.01488216229065,74.69952069873511
93.28262992767436,92.32268447218355
81.82122565458177,71.27548744337669
60.41017641748858,59.94922774995249
79.52697950204048,85.5499591418177
97.66756816815415,98.78368080268953
77.96148501498607,71.76899294590129
61.513952390809614,64.76928385266189
87.58894362739156,90.84931908272917
79.48087739978216,73.75404090773475
78.24174781114921,71.3462688256042
58.35129490059826,61.647383843500776
87.20173808215289,82.31745025741407
70.53508878626857,73.52780711297791
70.62161155971624,68.08261427921309
82.81084652498744,77.34318201805931
75.33878308110198,75.9533271228756
47.88388842790313,46.50941835109613
77.23646002801271,75.69310857716994
79.23765723067844,78.47756848732435
75.50851856657181,74.36514043063504
96.41587660393563,102.16907747097929
89.13245529026885,88.43611131102676
67.62950454988412,72.0770804481507
70.27767163804076,64.8894896421812
90.90890675600977,83.89062982111503
47.398724956106626,50.27458853781346
69.57589666650303,66.98398280787916
84.44966745488297,86.75712940009694
63.54408204074346,62.17066604044948
70.85092263181156,66.75595713827654
81.79419705507085,76.94575209602326
66.37872824074476,68.64878195821132
87.58975478626043,88.16215743208464
68.07637112924242,79.89730772280441
78.4441730736613,80.69806453736126
75.09955191461633,72.02006216680412
73.82140820852533,66.9823221642573
74.39960209364955,64.15364765210417
74.09676391164471,81.4998575490867
92.48491926882292,90.13442263680142
66.94501140132301,83.4061900620737
85.88478704131127,87.10852910841042
89.1190254853616,103.70525459572004
64.20672802533062,71.82167708260319
77.28447116822362,74.33056905974931
62.83660052121739,64.25871879532554
77.17422077934657,79.96503362386824
83.92781042540128,82.43414177230926
64.16619249475266,70.02094753052492
66.47914588338085,64.04514343787434
96.55920183812749,97.87775214381129
67.48853515135424,64.84325695376795
97.7742272121576,105.85212257804562
68.96952374583621,84.31476985528572
60.34122973801341,66.59296779498237
94.25262648420097,92.4139349209988
71.85031586170655,71.66310239279017
91.43747797838263,92.7616229705116
92.66053712685122,101.74689369976093
86.54284988269742,81.63035922190186
93.52421149788879,92.70294748035468
88.4428531818483,84.64701805841018
76.20733070163746,74.62654866498805
84.10555534363839,83.24566139035781
92.41291720739142,95.13827039703096
57.975268796925484,66.48095164560534
94.25858975685156,98.50488882960242
74.34152291305631,68.5018490713281
65.94243895248307,63.6968480595368
60.97932887958231,64.37786850337446
78.13205377053113,77.54873349892547
66.75302174805977,67.87919813413812
97.11425710652382,98.74590281992369
67.2199519556389,59.37932516546642
63.37559763633577,63.45035086286681
68.3306708042473,65.11445194331112
57.5823430944905,64.13123178783455
97.62851600567896,88.02911163501875
93.3420445423121,97.7693193241493
64.5345398764674,68.98984124445056
97.29424320892366,98.27893656890527
93.738533299629,85.30921878015249
56.796978475656346,60.691113875329876
99.15856782638997,85.91111016087456
63.0793380228585,63.513825570599366
74.72066406297698,75.06367944398473
79.13666393068374,85.75899144502651
86.18372854619786,89.11909082203958
58.26230904024298,58.558833675890895
71.35459607613687,64.02199422144106
81.08695097004957,76.19734319101181
68.34482278343134,69.69061535963306
97.72920985869743,107.00538588812911
70.96588415607293,76.70454746038175
68.18632663090027,67.7786378421434
87.35100897561063,81.38809266816067
81.91676352833078,82.92143527964839
65.12984963441956,57.82699277032147
48.4769714508925,54.00868672259219
64.72954330720913,75.73447029371994
94.48305215743426,98.06922081872236
67.1850496928003,72.57774873335158
63.55776105292661,63.592750952466915
74.18261979466851,80.3726030719568
62.256710606482144,52.080874795229114
56.076743514672955,60.0135978792444
81.48407490253881,81.9401883000233
70.85419087253041,75.35374051883576
77.88386676357766,85.53388631360474
72.82680377365428,83.8110393934209
82.95660657012691,82.70113531909811
72.7491428195455,70.46186830442976
69.80835647075594,66.34133458806635
87.42221322826477,92.42051031592783
77.56998106444907,71.92848418046806
53.799423900343626,54.579589612564824
74.91900606003759,74.87980351355355
82.53930181111402,79.89224131999056
81.84591241449813,77.63078451127454
63.594141240145774,62.347382977849705
67.71034415401748,72.42227939942316
65.30137316169547,69.98872456959006
92.39331368404811,85.51901791888673
81.06266027031921,86.2169132551423
61.95483939021409,66.91642911862944
94.88293238756151,103.2124952677117
67.3983415630673,68.82574569388103
78.89919278695567,81.41431834017752
64.19470515846396,61.518049239576506
70.8665787652105,70.2095071750603
90.6692073726105,86.93716056789097
67.82413991741889,65.98017632574835
87.86100337437146,85.95736529090141
86.96338698999223,88.38260512804152
57.93251356934878,69.35791451226923
78.47253650933864,78.64909941036744
84.96447778657063,82.71748201119728
81.51086930727232,76.89605301617307
91.87000638782456,96.6365191338694
60.08440325018632,57.581531976960065
76.95361817423874,76.26320710643064
79.39610351689919,78.04049436702789
94.87464900946016,94.36736456285358
71.86977079527978,74.22386006183486
69.5480667363778,71.43815850580795
79.09237086621125,77.82591831906333
93.35520802789821,92.38348947870824
91.0226089468467,90.94691174950073
79.27741582344171,81.98340292676579
91.15262033800833,85.52244901295427
69.63957834937264,62.304962995550135
76.28928491029123,64.91165277048253
68.06020869932483,73.85618481341751
85.04938942201714,87.04087377026117
95.71816668154634,104.2650835956003
78.12111262404218,75.14618636744788
37.76093086745414,42.46416723235037
92.29581662462809,100.23148827645102
89.50155531202185,85.85582734048472
84.92143911646622,89.45648303974875
64.46214586737976,67.93983580259867
88.43283248282722,84.35821092263618
68.63243744555056,71.87761137371044
94.92899518254234,98.20590287575689
92.37432950192249,93.10428339592977
71.43940166775442,68.49001300722145
75.77746808142591,69.6014612312084
57.24277028157665,52.032907773832484
79.11536237941404,82.04219487463146
62.27409891731713,56.77149056678189
57.39297777657595,44.154810799800295
92.80808080015386,88.68880905041999
88.88979146672548,82.98028305184307
82.7322712522656,71.41781701898842
67.21595514641258,76.9182910386057
95.08316412856537,96.33487821881592
79.18263967843625,88.15400814685118
63.7013329860815,63.26613805341589
72.70407972312604,72.80275316157056
76.44901351180346,80.0734257115121
73.79546817386333,78.2796292808709
56.78612505705107,62.77847787572138
94.74547696526724,90.36808431611347
41.391935376148616,47.526116184594336
90.61694715197746,91.66906724699435
67.79948580449732,61.40745990281769
87.57151557659472,80.50007984594883
67.93968016598281,69.7175850823009
74.71409075387416,74.63378871499953
35.968006708322115,38.31659880835611
64.06133010397555,76.32689073128448
79.54074465969589,65.13584137786935
87.33002375697986,85.50178934275576
64.105439811454,64.97684888580922
69.19032403703113,66.37682460196342
86.61033864862613,78.09198618177797
66.120564614961,76.21787093195152
70.49975804523062,71.76240910005387
86.24714631579639,88.53769526745592
69.85541906805946,67.04796760146385
67.3081984051795,68.36138635873415
80.3022934504949,78.33026565966964
99.38389205732726,112.61213710460484
52.60325520772247,55.92851342811875
78.42325603826848,78.2796100586798
66.28960275148064,68.51344349642947
56.03258651782922,62.102549293385465
75.29991184331506,75.55562537616666
86.39286672956212,84.13270300073489
62.861336380271126,64.3449773826837
72.48955907714598,73.0135729080449
84.21828084940952,76.25036711276479
89.89296503062235,97.72581341128523
79.77328676697188,80.04462365490144
73.82817028581565,77.75400983552473
86.45417137154327,80.9063859587861
79.78621398219492,79.4039294797515
95.39504728210208,101.58915529475088
65.01981860375632,69.97869998563394
92.85370797433863,86.73647562631898
64.67234528368174,66.95377960432006
90.7670476263859,94.51700454170063
91.8892800998902,95.40161773195804
86.7409008352669,78.24396145837143
79.63375478673619,73.16239122123525
85.00306024567091,88.75331892875482
93.20345265357203,92.17594688477936
68.9148122923533,76.16619575273228
73.06791352729451,70.1875289625622
72.60054754043287,69.52556515324511
76.4156260801854,77.92179464621765
69.84884160251718,68.3887345846328
65.9850067163185,69.34855997098117
67.82556152565107,69.67136025862403
75.38164107712045,73.11350154021981
88.63321387495455,77.65959775299629
76.56117642759433,77.64430279045126
61.09266891891322,58.54791236359305
58.67026234947348,66.58792250758307
95.05029614456635,90.92275265260804
73.14222820746696,69.48664117383088
79.67913640144263,77.50648013432127
59.36571427179625,59.726764604989015
72.67712236317705,68.15942346226517
75.73710292911755,75.35251320310631
70.46325346827714,68.22384744185828
65.91267443231195,60.679388544813776
87.84173132240095,85.08667595002127
86.32801449230021,84.73764761041629
87.99305948140422,84.6459331536538
71.24485668106692,70.41274301462302
65.36084724762328,64.2399829188196
62.02060785399134,55.06329296563838
69.71960343590315,70.76587344986751
95.74353176107866,96.16100916192141
86.7286146702185,82.10995756248211
84.0148625451444,83.23078453910665
81.82819464504175,83.97367466027742
92.70108277050028,89.42762827628694
80.36264504562826,86.47940087841008
95.44177279491869,97.10350542495343
69.6173176010899,65.1891140169663
77.2421776896418,85.48241918293887
90.37232756046951,83.30649794277721
64.1987705956092,61.64167059797043
99.05504051494599,106.57428580617605
90.8016808304793,81.62337803438098
59.26445467758097,52.741096551530596
68.86935827536182,72.12281546346539
73.46892574618579,65.50505930186588
90.6833535779227,88.45226198497143
74.24930755237065,66.60209511954562
101.28462628100056,114.15880224601928
80.62945257323891,77.66433224850772
89.8102580701446,84.89418118955568
75.30996671984988,70.33269456153404
87.80692545025475,80.4835919867604
70.74009842863053,70.12731704637635
67.67255019668825,61.43925698327608
70.95418932037514,65.2938196505532
71.82701029206625,64.04805753657187
84.0868269513523,97.43130730895842
84.67897780957121,87.2969973265562
87.25691321220854,84.56955852188224
99.9552133058205,94.7790511237454
69.96080428522131,63.954558936066846
87.19847708367368,78.94659320812438
94.34296851047628,95.07185914584734
65.57427756607808,65.56801883530814
51.3828536016698,58.84252213217269
81.25065670245685,85.51223834815471
88.83581323726929,81.53690858270527
87.8055184217056,77.96132507358615
72.223075641192,76.37885335437336
87.46288058384678,93.27681557395846
90.1299171780472,89.57023322005088
85.78009196025288,85.79018677075014
94.39487630745123,91.52709523738083
85.71215375387193,80.3961662880987
65.93495511668222,70.86871955268165
75.08315696293866,77.3150845168001
73.26661831232461,76.14287623093362
82.58431200571582,77.84139136219025
93.89272500793655,92.89882050635264
66.88096607696751,78.54118313464082
81.11635562852956,73.16462478336794
54.143002442456606,63.176821398601525
86.33613678122447,84.98291802793581
78.8435733294385,73.4926854055087
77.87910608577364,69.82960983320153
75.44415265613507,78.67264321679264
88.51165938392934,84.11320969454779
74.92001373441276,81.84226872575836
89.86692088982065,100.02043910514277
72.75384811311834,69.06495785867104
71.44876484546054,77.58756792191438
70.74343841042604,70.26415463287847
96.04900134518057,97.9555507640834
72.11634051982003,72.66524357331183
71.46997196295361,77.17918634670468
64.45039460453856,61.136355547298194
99.80958085627879,110.22953385266206
81.30464361587012,69.87904263568267
85.40251621032836,79.87004328336332
75.64505531903465,87.64987227494899
89.75747920139685,93.31858491958887
77.72483667994995,71.87459675426625
87.123647818252,88.4016146165703
79.8179544793338,74.32492968958661
82.28578137381332,71.89803082390681
65.96505661530797,71.05393702145452
87.88724974422543,90.22139848060668
67.92020930674705,72.48793720528734
84.47958918165034,81.82001152968436
69.84316543603377,76.7085580901063
74.4789103268572,81.2085442393874
69.65881633233195,70.40725057687965
95.27941542860576,88.69961107162332
78.91941011654983,71.27924404728259
87.56006933979603,74.48810814871189
81.67001200437717,90.63099568218283
62.78835004198135,57.6412699126932
75.06699441022432,72.70669523384775
58.434921357730104,59.75946061479953
86.00670081241962,82.46545614456515
89.02163135214556,83.41052932321404
97.281738908598,84.96585747630422
82.35816385114265,74.61845818896634
89.31744520435132,82.92239450057701
71.13991662174183,65.4949155190002
67.68691401236538,73.19479828986822
90.06650958681341,81.88965749605603
85.18790403015248,88.5632481250746
84.09396835290656,82.86531423371773
45.93547767150626,50.39765655780543
68.744132571829,68.39253917761849
84.5155620090784,78.51089197387736
78.71872729516241,72.44751513830933
76.06964631746972,81.17293326919098
75.37767144279894,74.58011423515416
76.45719205215089,74.32711701645368
74.75547859237976,70.64795023344807
81.41254208196942,79.89386384227083
60.71716961294149,63.84627119496874
92.52106349654565,87.634210982492
75.9258879550752,79.82676293826805
90.9778709097436,91.63030558947237
86.68167594858512,100.70565608054066
80.12737270082499,76.84997997609705
74.66851997084088,69.58048996922054
77.82192491684805,75.88693974199745
77.20296526865137,81.79149161171057
85.99505025654203,82.79056962830609
87.96219302942711,86.12071419408848
74.68804797517245,78.85475412704193
87.807708035904,86.20107346281623
82.81569524411938,83.76979582385039
88.46508882918717,83.1222522639997
87.20096940704816,86.20754830847264
51.41647877954638,50.968693496527244
77.74246077042919,79.03574148055439
80.6638829502347,78.70445309875174
95.8469950532756,93.84172295613455
81.54933623152714,77.91370056659558
66.89306319135159,57.536928471407435
89.64035513986654,81.00599107750377
45.763424167986884,47.30482039641728
89.99818360273102,86.03999204963188
58.18725411421723,63.399174652484504
81.75569951908109,88.70753991282274
75.78155427429928,71.67235638892983
90.67229998744318,91.31267933082573
86.67224250269494,84.63808709786824
79.12952980031093,76.73738046200978
91.79960089456121,85.90670419956751
79.06744011427885,78.1234208818558
83.16491452058364,78.14525719317851
64.79342453599574,60.14462886577033
79.55880333614795,71.0289013745355
60.36152647279293,71.00433271191804
76.13718159686483,69.11203477859112
66.5869463429743,60.82037734696461
66.75464272445565,75.83638916968235
86.54970966475189,78.91719872718582
69.7462879203017,69.95082279474066
80.69715544607787,79.09884709664065
66.71596729930933,63.024140797202406
84.6888876688241,87.15184641913896
68.54654258266967,69.65511610115279
68.99689060993452,73.3487365673937
64.13387946359666,60.033246540674114
64.25215776104345,65.34085754253425
80.36774310614278,82.36719806787829
68.80149813774578,76.25021968631863
82.90825020660154,89.86322832783007
83.62844120706461,84.52803952019366
72.81451389510964,79.55618256866262
88.21403007858824,87.3753176551064
90.6558397926652,90.73741592792778
61.122883268928284,60.34666047870885
86.71327114849763,84.3527413718182
78.15158178317324,73.35398484928707
74.6316490744598,78.76331013899429
86.75798610734057,87.3300065787425
72.9859592051685,70.56997422754527
93.77757196453909,97.0278506798415
80.89258465002668,70.69336415330812
85.9066735343685,90.57673307002739
79.18497904618135,67.64558630862048
98.74035186410906,103.97478243535441
91.86135169883802,86.65528144275328
71.96515813634005,78.76840062193052
62.35453477034766,65.6846585593315
95.18963376509541,100.61398322158897
62.53066368399939,68.31820729553392
71.39760041108268,74.06948636233024
82.97013609193391,88.43671360449333
70.62662439279664,78.06219784241037
70.72217537657049,71.25643769365749
71.16988304504602,77.22847646667014
92.91150446584341,88.91757608748517
88.70683649223601,85.84750207465089
89.94839751429218,94.330959144954
65.99866686819185,70.09944589192075
56.76642422926962,58.680136341717514
89.21962240803525,96.59238284027965
47.50162141023357,50.42012421185518
87.80386565341371,88.80746250021294
80.1209164881203,80.58940297790679
93.69381783412446,86.43547913942331
61.44243001794247,62.235359091362135
83.33450073899782,79.03939998274768
91.44059119920757,86.17743661318102
62.194501744002366,59.984771543450584
90.19252746445247,80.98675727911964
47.27483553154565,41.40860924092197
82.91336916678489,79.75441896646836
71.67988750898103,65.89890644169458
46.91195937310983,46.06071004647882
67.26274595411017,66.34613164458587
100.04642851271606,95.58673097712123
63.29274560134398,64.85528878153607
67.14529461778834,65.78958719331268
78.20925654096861,77.13898422448351
93.72684107792882,95.2393741489029
69.83481446384229,64.90409954655442
62.24328020121575,73.63605197637419
55.55891250402362,63.47935834512852
90.791814006159,90.99648588228257
79.69551395141677,82.99350129097694
70.49418129969224,74.98047392785926
89.53765414324057,94.46547955681412
67.5916585892173,57.184191665687166
72.3122862515085,70.20330311369328
66.50901099318872,68.78479515996553
65.30021152374722,67.1787425562344
74.54409647517029,71.18417371906651
86.52237145721674,80.21899346873933
72.94503436520438,70.81908885306939
73.52942461807908,83.85291487356128
82.32953304957438,77.27849948920809
90.32059865869533,83.48024565331218
65.76853903754913,61.11827467029066
95.80816391260655,96.94228309414838
89.17251433874102,82.40489062204342
73.38834538854873,63.88178583384908
59.01449538793321,57.80530216203096
66.81461108694918,55.87296752753515
81.5222233205051,72.66937448927901
85.36540676178417,80.6697912061367
76.13207961781018,84.28540820534612
71.74202513521055,68.65387112023475
69.10528531592642,73.53428723483
74.69203445646423,69.13696528596546
70.37736793849216,70.238582714958
91.88831654516926,89.46503339649777
75.85293003628439,67.86415984589556
43.743734868040434,46.67290360228779
85.02780311390146,78.05253093790904
92.61054614772566,93.92694286981478
89.54283514334617,90.63635991183409
71.96587209090112,74.06508252347243
76.27650600774456,68.67814952496923
63.01501480107251,71.8658926295342
91.86595882774283,107.08908016266642
89.59384667726772,85.6320768398108
80.69624738145502,79.16118763789737
91.41437305900763,88.8417145849233
90.24603520428502,86.17145234137557
65.77033598569729,68.78411491817494
76.13209648092082,69.27177902041389
72.68822906566074,74.28187894926306
73.00980849154195,84.23037316380756
78.5102357076395,73.76600776027237
81.81503915848599,83.43101917312435
77.26904137390846,78.94955716747864
85.95660782203771,84.64250177072734
75.24759329147088,73.9378349502937
71.78417344161234,69.8681875236167
75.10767445199272,77.8669623556502
70.88175142423887,72.06301965420698
89.93129067828743,92.37707388470312
70.26051610698333,79.83021206704757
71.14579993941271,73.48304806067603
82.04115667408,74.77554052216071
65.9835493015999,68.28692246783599
69.00257231717582,72.7220974569734
93.27731724189044,90.38589483212044
76.88305958790163,86.19872743747298
72.30776616127189,74.06788012363248
89.30569246518337,80.17380084769604
70.40936192827178,80.15197820794748
75.85186403116859,77.81801350310279
64.25040845469037,62.62886485028737
90.00999575927796,88.28722613414146
58.44189953127452,56.996878967795176
90.69719536044202,96.08690129734848
70.57577688597695,67.85255814709038
90.36773386255226,83.97014034957414
88.77036254183123,79.11261015493264
78.5907717447884,79.2469403423718
90.51691783753978,97.44771276038317
70.87793986092123,66.24590567579585
73.479929452615,78.67898326712469
75.80357738486899,79.6164351596746
89.50235131628435,89.61818841125212
94.12147922394556,90.41824413817852
90.09153199735415,92.32036262023485
71.51922318544683,61.2391480279492
68.32419310847347,71.97253719194256
87.97443153551875,77.75505416286232
70.01987842847116,65.12066160267402
81.48733740622546,77.93773131184516
74.74241254720896,73.95621342526981
81.68956294664149,78.3079898395116
54.59629730784457,49.57042734911921
84.37414479949203,81.81725844329938
68.96600010245348,74.85398726061305
46.800071225295845,47.42697911058019
81.0120967365253,74.44873775813018
92.79201616327367,87.93311202656216
72.89851395652961,75.60340000077488
59.803632246777454,64.77825167190987
78.75482078291071,84.98343311226468
85.30305956558487,83.97165861477772
80.36435762924128,80.84635777047666
80.7928142013307,79.58453438867859
64.17892054196761,60.17121015127622
54.46170127377458,49.6468759770545
81.33171577135026,86.73407831204831
90.6755140930476,96.47686823769006
72.30747769845591,83.91599831447762
59.65710314961231,54.606232021699334
79.65885090748465,80.03175775230562
61.78696450637994,58.858804006326004
86.40934186056404,86.98325758722436
94.14019384071574,97.974640350744
70.04344355019367,72.83754140345206
97.37139384958013,102.7339829754615
61.30030496131037,63.704061925111056
88.3513434875519,79.28966455691543
93.58788551097881,100.07222304700761
65.35133863152564,72.48372618611191
95.68983399040576,92.75246444997038
81.44506671878594,76.11903692608944
81.82980421469279,78.28624025557808
84.49423358285249,81.13868972683522
79.31552840794971,75.34810101216125
68.99106914733466,72.7810806738378
49.043886494912215,52.60974923852058
62.41827086090831,57.87460857493423
52.387742413328105,68.91407230346982
80.63220267317249,74.2343655976778
73.69805983054042,70.80909012731058
93.86343971196857,87.74201176705267
59.0674742610247,60.004492696569564
75.32670509763285,73.3291334419066
71.72945800336929,66.94044653609711
85.84321440392978,89.34484855010483
91.37397650834082,90.4650639729549
84.36999078109291,83.84055301567014
71.57310700385563,69.92990677344179
79.30890655587552,80.97391544691095
86.55504177298303,91.69371218884655
76.82130756923395,87.20866880823677
63.03227268352043,55.38699947682697
72.99827086703117,75.00898420774004
93.07337981943353,103.61997106600273
70.76512596738475,66.88092726329958
95.31471965943491,90.84582027106025
67.67387936845815,63.65762920405481
89.63638393386218,77.43020304008535
88.90374141206092,92.26729544336771
71.02499967618002,73.56653464384017
77.05545263115457,75.48765686844888
78.41655754731282,77.01348057443052
44.896702301906544,44.56743550298727
75.6475495812908,68.05781669049043
94.14418781737587,97.23381152344191
66.94071259843177,62.51941389968326
69.29888317939897,64.38356199912904
82.61308419108968,76.34702315327243
71.81099005717574,63.63693712062127
72.18205316118659,75.8381984196069
82.00459461097164,85.06897505773686
81.77393209451124,74.74551676736074
75.47257233376506,75.0482022868386
76.47664366410399,71.55057293134608
83.19635982095762,79.6652216493824
60.52327237827829,53.217869805868396
91.87887773297466,101.98731144494474
83.65820577220586,81.67630520872086
61.43765366439764,54.561373524099
97.54562739310701,98.38777997536222
92.08243505431702,88.17391441964273
68.4843410803767,66.38745701802367
81.69652069154833,78.65246273633392
95.61347590601989,97.0305661614288
87.87720031769457,80.95588542019858
76.44854429484256,80.45980372004405
77.73626497276318,78.11372735714482
71.12471566511533,74.76409034242408
82.77828754626015,82.22764011855713
87.60768612192096,89.14679700771153
49.33563801126745,55.341956330438535
83.97848860880636,93.49339330791398
75.96155899443391,72.15022268138055
79.16646320766309,77.60884230654219
69.6157915208255,71.71509460435269
96.20299149903217,94.14470717286639
75.77876697393295,69.22017076270899
57.49466109538738,57.90266614600188
85.10647900857084,83.83674975982665
57.58261153449836,54.4980780508573
76.16903639812077,81.53632206929336
96.17113604615969,91.04618934122236
56.32086944242661,57.113927828273326
67.73268788015486,62.580572099372915
77.71595549614841,78.73640339236395
82.72660548991108,84.75828219230257
70.18667667774254,70.58773209128016
76.90112516260756,71.97319414275671
59.259049229664214,51.85535599215982
87.1127248811521,88.55097498460594
77.60193633283055,74.07535762178904
79.70908113909013,73.74622381529869
66.93294814175931,69.95715361418688
63.13552629365445,73.38602367155144
93.70532748409347,91.01260557300151
90.68978920008496,94.55273234404697
68.49558701690214,78.76996438118398
67.01599356017643,70.07426681411073
70.51607769407886,76.78468567922295
88.03825443451774,92.0344144600655
83.21583690918341,76.96472697030391
67.40952576530451,65.31064551062222
100.66932505150633,105.25996729548126
83.98610184271584,75.08657175163022
88.76631193693363,91.73056275284259
65.58040093443705,70.23801341483073
52.08402283688937,49.050550881325535
58.56614641401959,53.83664776850061
83.2222314505525,79.1064940537652
57.601730760250526,53.50035052643358
74.79927788733605,75.34780951679275
85.19943261709464,79.752968074987
81.61510668258316,84.61024438118802
99.99200066264127,103.00662957085042
77.27934588724669,74.34409442821816
96.33618515876601,96.7049406180096
76.70200015397047,76.40421332129475
97.08313050253129,93.58289292216371
75.13037121857434,80.83468665285265
58.7471109659731,53.45659012731193
66.4975159940437,67.56247238596748
95.1898873355027,96.8901548889367
67.12436952878363,79.24832816083727
74.33289048310037,77.93973206698644
84.53904989200684,81.49492559761521
61.3371310165215,56.29081987157816
75.55953508083083,69.62919111478045
88.32568384180081,88.16117978755594
82.29298704797333,71.61447920409877
52.87193207316217,47.0732391650468
79.98146985522177,75.3330719018607
78.22365376554586,75.03437790051028
81.44333447247999,87.91100497012498
84.8158801030171,86.13408569805667
66.73975684167625,70.0510046339828
71.55994597467465,74.926122451722
83.56747544904312,78.653955666981
77.98231658569993,79.18255414686207
73.09471612593434,67.9785373465017
46.9627549557204,51.9814122848948
84.56878006052303,77.78109216815446
74.65187703237773,76.03680895876468
79.69507724935794,86.34885387186674
80.2533788193592,78.19525243108352
63.12511026931151,65.83443580816673
88.194573112359,89.26434332839466
67.81009802429152,66.69768544806713
58.906658825931714,57.66714290788987
81.34198295177065,88.6863522508677
95.91622318583977,101.85092946389788
91.27126329508306,82.19069163103262
90.14854252040462,86.38724152111459
97.99074600700466,97.81984937052032
56.825864350109256,53.85920059397128
78.60485607427847,77.19912047211025
85.1402743868443,78.85132486216621
93.42352602053917,89.65342952122808
68.17851988781122,62.45466082689496
82.41652290140465,76.49500339286918
91.99030470663267,92.46431587198857
80.3745711262592,74.82800423676777
92.38001179061507,85.32257800555064
83.22742074543596,84.14248250977272
78.73707682471724,82.46567186097498
85.34874650259587,81.79874672736146
88.43130804161738,88.02751801936242
91.81985192603344,87.47810827911988
79.5890200425168,74.18489869494692
75.50011391726049,78.62434821914073
88.75273856114272,93.59065645153967
66.68619211015452,73.99871458772856
81.17584472875258,83.99313234164195
80.32992270988142,90.71489639007811
67.44528258872859,72.1549803356658
67.9323029266672,62.36511333300981
82.87626041082846,72.95438459584999
73.94912556405049,86.10699964668954
66.16192080630992,68.51511297982245
70.41519406897687,77.30219479995667
43.851852219567185,45.73333731011318
81.62820907749312,81.12310681124903
85.23045517856475,89.22529735531658
93.0645777527102,93.77955380305391
91.59096301959447,82.59571619258851
81.22328794212392,82.60360053903304
98.88390688105635,92.71109309419965
63.52631912768835,62.618748743202474
71.88377105816886,68.00908395730224
87.66395825655191,90.47846213620429
86.88843475751004,91.40113745793256
61.9293969484956,68.84577258734937
69.7697006267197,66.82944430383652
71.11668181728578,74.08827159234593
48.263016963270445,63.617229289420486
72.74660762310121,69.54668488147024
62.63413259720835,68.4618437259973
64.41984238434954,69.7233173707049
89.62803382374385,98.3117975838099
70.69083488701197,71.96793790454677
68.59299057079922,71.70084745399889
90.26997734418771,82.21165026815174
61.34518085784217,56.04274258517206
73.5995182110301,73.95677661530601
76.06015672479232,80.98266610482814
71.08132176801651,66.22849850459173
54.07750810615757,50.81739584835822
88.62418842502854,90.2082240073816
71.8368636086545,69.63412780436065
72.36308489237284,74.54897100026317
84.16883642962658,76.14100750137075
94.33110792326345,93.41133160974832
98.9513683666262,95.87394012650574
69.44957200107976,66.00752148580042
72.14819569684126,82.04088751240494
74.78949760931901,81.56485478152912
73.11858639324625,84.25136728557527
89.16596807399482,83.20992753105624
71.35422004273028,65.82399873948101
88.92593833987887,94.3817143321369
65.75130786197333,70.18167925534053
85.94938539070203,83.66362799153273
75.39290188744224,73.23507440167036
92.4805083061941,83.95536835307766
69.9466420095858,74.72243791680094
86.06706084996041,104.50845244715525
97.03809085174179,79.73853077809926
54.687498663642714,61.68001217418376
77.68351723140762,79.42937406494599
100.80834805228929,113.29427377443979
83.22628266090126,84.86250906576402
91.58243997032056,96.42747052966816
84.08796938253292,76.51279891739895
93.4435797354781,97.0652656476402
59.60327320630053,52.416129381664966
75.50074888851293,64.15775960471532
96.58758702644245,103.14793903870162
93.81391629054849,87.26697217122825
90.19763063421334,90.10681152910355
78.08078914028488,72.02329813542798
74.4572782997558,75.60417738920424
82.94163926348325,84.66904097365598
84.80775823313358,87.81454245642476
99.17944830242479,97.89217146658062
58.857380781559954,56.23606144342064
48.88747937571182,50.27485630321627
94.13091977780807,87.39844290853341
94.56697827617897,93.4479559595987
100.20269067166082,103.96800451229423
82.48758456202778,81.06233555667761
59.1960120664958,57.858764074271065
85.51859053871463,80.95372409878094
101.53684380421127,102.88744269609755
75.45694652516205,69.7369503827557
91.3561160129331,87.56231383210465
86.84109952549537,81.82568815422636
51.09045925437858,52.633796023328756
59.48353771197849,69.04718138891012
84.83535754274368,78.35119160486279
82.70230300743208,80.3033238357558
80.68233933207222,80.08114971405342
78.33908589929888,85.13168949767842
82.3228695755704,78.90744327790998
75.81362007291268,73.24567682292059
74.36848534937234,74.55470518937356
85.26689674461063,90.33936653905084
81.97890397515552,86.30277411179134
85.22451070343703,81.0212391746046
91.33107364891629,96.4865955790628
92.86613575555766,100.5301826656169
81.66516476154577,75.84791085408963
73.93908433151469,67.80983160486022
79.93281275509534,83.37642570946055
72.57875537006802,63.57858680711653
62.79670004815143,63.401047573521765
59.740715213890255,57.46433773026303
66.90085249192167,61.01076355043091
53.80955345909737,56.28490638505182
64.85169362516554,68.30425532056438
50.01760403553943,51.27345207705811
82.12331584232871,80.46929739053694
71.70385734479339,68.04705633661362
97.48570038992771,98.14366891594149
87.48450360613104,76.95486001277553
83.31975416683544,81.34375699344184
86.94392470681315,100.53081927948224
81.55948381498416,80.99009955898126
54.803206301806185,54.884819898359154
87.03871755596518,83.51279574282623
77.24422937741582,84.50976328914267
62.33352527176636,72.9799779677819
88.27323142039177,68.94081245500318
100.13966745211954,115.79285153386402
72.0420552147744,78.35381542267501
93.27900291011547,87.14352513733029
80.08582045155443,75.12472968195193
64.2913618671237,56.84403354756621
65.07325331657674,71.50944416217183
65.05986433027367,54.402027371256665
83.83966287926538,86.56454248252793
86.50262978862892,83.80523161293942
74.06583767946846,64.7923850129655
78.75326402356107,71.89465628214997
103.42933993711132,107.57480917804953
95.63440298936328,101.85082479253217
80.09419812477695,66.0610714584209
68.93822111382313,59.8630307203862
69.22531085814668,71.20551234497059
91.58088606368692,84.00278241321794
81.24686769834553,76.67431901917163
65.45249197019113,74.83779092149588
92.43153517015658,95.6150091108867
82.50847827085079,83.67540167458505
65.35293445193653,67.40056254911968
82.3645806936727,68.11801303199795
67.46323722307326,55.7183811871313
67.6944549830099,66.10212026428967
79.90676271659139,80.87643776879702
77.83289794789528,75.88717912658723
98.92607230428143,101.82553247023449
71.3983583795694,68.81072282486093
91.91402316491886,93.97532517826798
87.74495317847486,88.87573003509084
94.76841800265916,86.04866986696194
55.977055199237626,57.63629527690523
86.5074679516709,84.09328463503392
91.29508726921947,83.93775971466886
49.090588018982274,56.946670649872374
90.162041922401,82.11632161064833
93.91235091917292,97.42895803193734
72.33600885294183,70.65779996917023
68.61409563685166,61.82741495725732
67.10075128096034,68.60655063676884
62.07807570261881,65.72487648991233
78.60626052151478,71.44472758582504
61.27259028386946,54.34011138684091
48.13379011606617,56.345747540297985
93.71087797061176,93.79628073680342
94.32354959449249,89.90859590392101
100.71033447910985,103.05454449097273
75.73140089416896,77.44535716858485
71.34010284374484,75.59535847868995
76.3506026132,77.1610531400268
75.20823613415675,77.67700231540546
77.69823145803579,93.54013184392399
63.241581719279424,57.95642714566692
69.86690951786937,68.60965847315846
58.13782586496142,63.06146100127838
82.94746809292963,77.60964116310234
71.95373176000358,72.33283739687765
66.2449474042835,58.66931341831152
59.78629731160938,54.72237113127863
74.1081435260751,82.94185734764149
62.827350899794894,61.47641739812647
64.15583985798301,78.56156327898759
70.6706848754012,75.26132157796043
73.63115363652001,71.8390502246529
78.62920659600147,79.60045113556842
63.67831550333361,68.35769197126638
73.55740994549247,70.81789080285216
94.21381519911445,88.21106702337461
80.15856877204423,75.6444749310529
86.70082875845546,82.05241746119064
99.54167295747466,97.03714542000392
70.31706085878274,71.07033328146446
61.16489204736557,66.66336141183702
94.9179849050654,82.70905429282907
97.3340497436586,100.16058336728861
93.22266349583228,91.22092551300109
67.84036551325174,64.7239192327432
78.84320767438844,79.64910424234886
90.45094512577838,81.28537654002412
90.05612420586071,83.29685422895083
69.42277160957454,67.65686576931215
78.89085834616094,75.95476736328506
99.82877282190677,102.09303941659981
71.69626012762055,69.16946443620881
77.50278833706597,86.79647941205144
72.03412727018141,64.10979947698175
82.97452098582043,82.58998692078609
72.47189128643417,75.04079275787821
90.10140820557953,89.06656720365505
73.95857925207102,65.81006953120522
86.50716529839889,89.13067979867985
70.47353929136989,77.39710832179081
84.67822036954263,80.39191611826416
79.74181482046197,77.35641735537673
70.81944150854243,64.3752602638301
93.87808554417099,96.52426963567171
97.54176638243757,103.58601324116188
82.17789578080817,87.57494211651988
62.23178260474704,59.48018483133185
80.38981317956484,80.381631286367
93.7791608953495,92.89667542102887
91.13398480105555,82.39540907498363
79.80842377635827,76.60509144171496
87.0352887199753,93.43157211219949
59.4992791483491,61.86859802751698
77.98675613289772,73.97117940723246
75.23880805217033,75.5967431824082
57.42517515293385,68.47353189927409
68.71772264213527,74.89206420836307
66.47239322963108,64.48220260408601
66.1135344019659,65.14500760689987
88.4440932956702,81.9498991596777
81.19328959563468,76.3181587554424
88.11009160427749,89.29324750424311
93.48087127922689,93.30391276685526
82.80340802515082,78.47467073934014
66.1998875468334,55.104857608242
75.0544636770047,68.94463846014204
78.1468791317485,82.1108719317057
57.540293920053976,66.65505678700004
80.45378870576758,82.44527902994336
90.32591390068694,85.22074929221256
84.03574794669605,80.71853936383968
74.61048435682497,79.25213642379978
55.47976813466155,62.262598007278235
94.99286711614087,87.06013619298436
87.51763743951292,79.80603451577667
80.62746619069557,87.17945972586499
67.92867591281689,75.48100123818753
84.48305805692824,97.78803053149633
67.2765690961187,66.74884608822546
68.91515024166006,75.49851094955233
94.25394039513343,86.12324338898809
85.17626667684499,85.0899080922525
82.29230576150734,81.99660203113486
70.59958179401826,65.80186818550808
81.50719830869251,85.86891308093624
90.76828911560227,90.47037303386833
56.39725052082373,48.074203171341296
68.98149536523681,68.08999446053159
72.32860744057965,61.34513005282154
81.24246978561345,87.84447284281165
82.12611607029638,80.01444087151505
79.14368145398804,85.48743321158832
78.18405708129086,80.26878028644587
90.28711780815331,84.65528569378901
66.37389760151156,66.72581278450733
61.8760937679557,64.62711334355996
91.42588455676055,88.32634988480305
84.04966969839677,75.26658327105164
50.83582949500974,54.485551798627085
79.5572052673569,78.3662652864864
50.07218488443427,54.06909213228561
73.00703097262296,68.38102435825317
63.69877634943778,63.93217757580033
62.269368147534934,62.00460514114095
75.29060002669348,69.02213156615679
86.44412809885941,84.82481667513224
82.68550613909768,83.38335927244657
58.87892214099187,65.72694702483922
98.91151202970174,105.90075717153601
66.31411506921883,62.09673172908717
93.67486337809362,95.15258001420789
76.2325662065936,80.81308191464501
62.917327430041745,68.64098753973381
96.68289358572659,92.91180753627641
69.60268573161616,62.8410391408856
78.41647786511616,75.19589154729172
83.74986797936668,81.12353156193797
64.58120700892067,71.9571984267862
66.08516305864985,75.64511300396791
84.01601455565915,85.75374104698872
67.45461300738577,65.69509802058623
59.27598527296151,56.14375783725512
68.04652846155822,65.17834387306253
63.356746216984405,68.39175320715908
74.50837154571052,74.00307553071505
83.61606111573073,81.79729985054382
91.83174263138157,89.36256211676391
85.02620909506253,85.4361560765662
65.76342369412822,63.102644716516636
88.396333456116,91.05948804790617
82.10508858716953,72.0619045787924
55.45097407847044,61.24932236207224
77.94765543791091,70.90516803521551
75.08301352933468,67.8245381946124
74.37417737325818,64.18268928266687
82.16703593722416,83.32577055752093
81.466911748712,81.76438357799474
77.13992062127316,77.5944532744397
64.73320388332732,67.80437123867998
85.81084349281701,75.63008571325238
62.31730289968483,68.14475443371663
77.27963196751266,76.45658545509488
61.092251349135395,57.70242695840339
61.35143493254427,67.52239610880373
64.75980319225846,70.10679496151552
80.44614747231307,71.2270773498929
90.75726879972068,89.94939077589049
83.01411656925491,82.2909701760458
83.25793499811279,88.1676752006702
73.39673495800673,68.98530869123717
63.42285065028422,66.30844544530524
86.03996004556498,82.35755529621358
68.1427870384915,67.89262315533344
88.14481714504682,77.10926177178621
93.5243299742386,90.24652465978536
72.11641148063158,68.89218046058494
78.4532347078206,78.81390775369582
76.8761564440553,80.0243333734548
61.40956753883047,56.32287446339575
76.83305642818202,80.78144218733476
104.1378618351328,105.655226077592
84.64592746761286,86.40325249082039
60.085339388891605,60.9034203841078
76.21355216531632,73.18492439219735
64.71666880302665,71.02667476792577
73.08224105245517,71.69089090998375
77.63722437704202,83.58672261151608
67.3160503866382,73.62587356085253
92.29017868701604,94.29186939442961
74.04226503571516,77.11704327173415
51.09510986207016,55.461877578980236
59.16328887849778,55.66956367404955
81.6828855187439,74.57179567144851
85.19659859216308,83.17985583541349
78.22277039168806,79.70691338840336
92.18791912831851,96.05737286343117
68.76838806691728,54.67883082936195
66.64769191870552,65.94599806064845
99.58192289521718,91.51714245059588
87.17275051112522,86.69140652431192
77.04288752515068,74.98522442469306
83.92606840123912,79.31414154526358
64.33606479531464,55.423263524358205
57.73840449058819,66.23370464328312
90.38989712933704,96.02935397455238
68.98281723536478,66.52128025771538
83.01301401643688,88.82688700998477
89.66477136503474,86.12264690156385
49.397652474737804,54.60350548346972
74.98737619265158,73.0294840530866
95.3800772862295,104.17841592732464
71.3907311963654,76.61485339342937
65.36167551450734,65.06150220910081
78.68813356513503,69.67333646964377
77.89712799583232,80.51894509762937
79.92496864628598,77.41479203639508
63.41739064739149,67.50299983198869
85.1500935657299,78.41137004873168
92.76674855945443,96.67042817509821
77.82740588979108,82.5732420606173
61.999991517519064,62.30816516814211
61.16759892414073,57.50636982304117
67.46975157821527,70.28158278174926
91.93543316057605,88.22983511470612
74.46338951379242,74.45702472601258
86.3568424516157,78.14100985025881
84.93845709879584,89.14427415783895
57.47771134694461,50.194800909624405
75.99696972364629,65.34954160785657
77.10478754849827,79.81274009046118
69.65090359850655,69.02939976673846
75.98661562898475,78.89756288255707
75.43254598614806,72.1593632121822
75.9890963273526,76.8605982534088
82.10961928823997,79.50294432312279
76.47723649585778,77.26919542690106
87.35725663722577,92.5943834576393
81.33241014674499,84.28769919702226
82.00002979116968,82.45763210676553
78.02205825756359,90.03502626094829
74.6711422472177,69.64302859686039
72.3811045430515,74.25897193152973
100.29851719893463,110.26812354542747
96.88185738876189,101.58773001298943
86.90470744145067,89.65724098979953
82.54702925368434,78.99512290038258
76.1059766350968,75.23239913286686
82.71479363356435,75.87997322985412
71.79513448991796,84.6809166894832
97.23613438324136,96.7533437081537
81.94488587837101,83.3956386115961
76.70351557335785,82.03152910567292
71.86782258883315,70.34197514237324
60.419944651181325,55.78561402382706
74.32224475375719,75.06794132561265
89.65046621048647,85.69128188565098
64.00798225746756,66.86846462341342
92.39059917603213,96.02565962648184
77.81643650674152,83.66095252840616
86.05188694160111,76.44727412092358
83.36789929455615,79.75570947217282
89.92694293424083,94.16379950686535
56.465538778759665,64.67526836186947
75.2648116445272,78.61316770320072
65.78129382616095,67.47485993425406
71.75535484101084,68.35545111854064
74.17647075827516,70.92742028618939
74.49442315021692,73.7758127607133
59.775863926204764,59.259053802171685
85.23334892776111,87.71419186215233
93.42248897577309,101.52389291717147
82.20523064864655,75.84323214301267
97.14725375294852,90.34798801734097
63.82467336520501,65.04391361617505
86.35850436334367,92.38386715215633
69.86166396847742,73.35264039798044
67.20030583355235,59.38022106784494
87.92519910849633,80.66514414754465
57.29773029662764,64.03050843125475
95.51705624107082,91.18860289807856
96.05785355611336,97.02214640971656
91.87997159466529,78.44927971018
83.62578660853123,77.33707686960452
72.06475487142765,67.11105931382453
52.93629699001181,54.43838273566407
52.32934718368514,56.215759330056734
78.134966645275,77.83289398033558
86.93804572100979,83.57163590845747
71.42900835663939,80.75335636934689
93.85230393499096,99.47649301687595
75.07871186887402,76.15038722975689
90.79086830504477,84.35292575312958
77.75358887984427,73.03161119872144
81.11416585769864,79.02374390729344
79.39616430062237,80.25856469230358
91.71816749383288,95.53087864932073
74.4486062521598,69.51758201782249
90.0862208663844,93.00906223793102
57.66699859007333,61.33866979965131
66.83408313062223,59.974201212302326
68.04345939245859,67.87605882339848
75.64097242697316,71.62833761346566
97.07689462153363,96.2916900373829
71.66906572096481,67.73937396096562
62.42617777098627,66.21646206399149
69.85303333956207,68.32501463505787
65.95445165999865,66.51588654270992
84.09767114288634,92.92727864387933
77.80461018090497,73.695372694074
77.55291754085137,70.61716593120651
72.06192150540765,69.83966111697781
71.13950833469487,74.76965210598357
81.23403594719052,76.40264823575752
56.39571499490613,61.58221341829098
64.5933053196688,68.83017272104128
87.30475560381952,92.63271650772478
61.94413515885261,55.297308750234464
68.68345844590817,68.50139437475319
66.973211966571,71.61644565745776
96.57066836657732,94.8567381293346
71.18111395744548,63.61129027661088
72.90963623840008,69.26847732307863
54.98074942398968,52.85264793512484
87.56281469701159,87.30026128769765
73.34229431548303,70.31296834474686
62.2578422796864,65.82703202253145
78.33196316832479,78.19996850372304
52.54417162998884,58.1583287542324
81.35380934511292,79.01841351856926
77.0595241570645,76.46038135344573
85.82154791045218,85.60692890462028
71.60538902074781,68.15343388102782
66.7040802811385,64.90947146019172
68.701915803508,60.08402243470819
97.82881858092773,90.64555694036129
64.67093002705721,59.700024325551944
73.85134735152903,66.83732344535909
64.23565992025237,61.66066115425818
61.57256964471032,56.42984393876784
68.59776270745336,64.41057416302219
78.17810628097735,87.13986481505975
81.83226036134033,76.63242351395299
71.26436805637867,76.03800424871997
67.72628086437437,67.53509055981387
57.92153915874795,51.11808583094134
54.50141769838465,51.94867995094124
77.23990721732027,85.41530679554873
52.703129205575586,50.514261124035386
97.9352413245384,100.37177911150899
93.43140594881983,83.50437383585128
85.35949484681133,88.56211319504709
79.41960227480917,77.03743337236592
74.83031296828275,75.68668590255722
60.29731293962174,57.018060221528465
58.772788065016925,62.617008130558176
65.04773551769507,67.9767596356848
65.2056752865524,66.67468107615541
64.214628086103,69.18197285678531
72.97002806573519,76.0696685993548
77.07851348404871,75.69622282249874
94.67673624536931,104.10287265303114
89.59594378140402,94.90603614987111
61.16736840325411,55.62605007285441
74.66232836683945,77.80410679775397
98.91806175296868,108.85363560265846
77.22375536621657,71.82344689425013
74.95768412893605,81.24002821202697
70.46471731603158,72.9975189581734
75.4984862766731,76.68178769654239
91.87739918365284,97.00219435163994
75.02194852581101,73.24055192104987
80.443234827741,79.60338380729844
76.585271556321,69.28728671970399
53.89393591098804,55.96357391602452
82.7579181086746,75.2623902772428
85.78258224478729,78.54803250159112
79.80431587781682,75.89378695345408
71.78744138384427,76.93943902935655
71.98216454232494,67.94105695002165
59.92211948001332,67.53441757330123
54.96214646673965,60.18374366635386
78.22304607421283,73.07641493476115
77.73959861325841,80.75625917454788
83.85120517180756,85.18751268521949
75.01432946702722,79.08837723836515
55.13736757583756,66.5411431833704
83.3486263698801,85.34132204426494
74.51536907790202,73.42973146340978
69.18599210759277,61.90650238391264
59.20008036045977,62.34831552647891
73.20261155862754,83.16797678389963
55.28837163868158,50.38893439009074
81.61390058413481,83.69098970251628
97.69391500658912,101.38358990147741
71.69125685035893,69.60474684415462
79.47112468823454,82.41462599855703
78.73692227502308,81.40686477024458
97.95341288738685,103.75615052965385
93.25535392464798,90.18267186730115
59.26908478434303,53.44162458236088
73.16909013661594,64.72625668517156
46.04036846188547,53.990042367054656
72.44592398750456,72.93600845499653
94.06879783646008,96.9020725213057
77.03368652485854,79.55196990834645
73.9153019699849,63.44948271945225
80.78724558377438,87.54975165807899
86.26039176016026,95.13577956395284
43.421831149391906,42.99046098915116
75.63333008556519,74.59134112611959
73.89715301145255,69.70452288206592
63.02583522085983,66.1110178519797
60.93139311487701,62.46003510387597
55.571130327970735,61.94005929185994
76.43296920623482,74.35070259845361
65.27235823132943,69.7871173788745
76.38507299693723,83.64579287764619
68.30972983705148,58.90999224045767
82.06669662303113,80.42616492280588
69.15669228129525,63.53109564369638
85.68360123384178,94.10138983524926
61.6767617999079,65.04319948939118
96.88964542856974,101.31827243248293
89.69649486979087,84.74031392816778
99.8855697647465,101.68325072282379
61.54302619403514,58.928619282625334
81.1541886808823,80.75382097640085
72.82632366912449,69.91689418307024
55.744488056665716,63.469080367467875
66.11906858056606,67.20209149399537
99.20563607122715,95.96112231808085
57.868750532419824,59.31962588036201
77.04564607796,76.61502734329136
58.0694245127353,57.59140292277116
87.3916404827997,79.2045037256674
93.9993296327191,97.58573422164037
69.5760076452803,66.21725132955025
96.52602989060678,97.08301555683826
81.54060897767816,82.85142999519167
84.63918548843739,86.29852542357463
71.12694551465191,73.81348455110422
102.63944738005829,98.47664376393769
96.37079064256734,103.94448760802192
81.87417706919886,82.54463676183111
75.15591786794282,85.83813977151902
72.93769115902624,76.75977031457066
60.94784997263464,62.89308146588212
63.62206699209071,58.67082729191313
103.25268749452356,112.47361254952578
51.74002259896098,50.72936666702504
57.411490222326165,53.735304708607025
62.69997183640833,65.50171504032738
76.29723669643339,75.55843403225987
75.47260446311759,74.03957335447095
80.74015265246435,80.0578263124433
76.85328688065403,77.55309374296242
70.83447539586892,67.9692832499413
91.62037041751861,95.16626260341951
76.65075394660158,89.69203073368189
58.809565801906096,65.50106768515863
82.37289830762865,78.94833668501623
52.498202179572644,60.347515232621014
85.4782328161896,84.90164442781781
89.42147734380173,87.03419895151124
100.30824183933662,111.5729051667696
68.00019175618291,66.71835783478306
88.82411354071834,90.06818165929786
87.89754426887482,85.32145887810216
81.21896826847738,85.7137314652297
80.2215028069327,79.60749669215676
84.69388251916914,81.1690796077026
70.70308821864533,60.96371042748692
79.46055046331303,79.94314270242589
75.62674331539179,76.42778129803567
61.52085821861881,57.66828353142989
56.66088007271399,57.90650967358755
71.49232251522918,71.91332981617882
55.12788064470213,58.16223040354701
74.21557866521663,73.27625419124443
83.4385092339949,79.60964352961633
90.5546392319857,77.37685826656636
76.36021933641216,70.31382670618947
80.88538333163419,86.849132533207
82.01848134597482,81.5620876703441
68.37485175172901,70.56898289586336
86.92290317425345,83.11474646415287
75.54333496842722,85.28812199062999
95.70844420082415,100.47053364048196
68.75624496595063,70.86635013266354
91.21589408284514,100.44546972760685
74.56349617065888,74.4289534698973
86.41394092698776,88.49336556812338
99.94722417718512,104.35043374929667
58.27686853794752,59.41484075922715
82.04989994385734,75.32305308536215
61.27193083544824,65.9954804259789
70.7327551540167,72.17512263094007
84.27452350456383,88.879803616873
83.88793421904901,85.13881196814712
74.20855534617843,73.38826704473682
89.12422290504483,94.5250954419867
53.20234640400876,59.76904158312564
85.24820793410453,89.58319414942738
75.51921528260556,74.13738439336079
58.827765074297744,59.29055066028338
73.79867508140603,84.71979227811691
66.08068072125728,68.76494516057623
77.7800389399552,75.86970500643423
80.77137514596156,73.04331828748911
64.3544335833811,68.8990488175305
70.8619165922695,70.34701615723938
78.94390447594292,81.38605935705074
85.47249953689418,74.41618617547041
91.9395509001323,89.23835684929841
68.23573509371133,71.90692055127602
75.04662960968989,64.46214562388847
83.21316937980826,87.5080167709189
71.73389771186109,70.14521653791041
59.49047642188387,63.288822692904326
66.5370636186118,61.89330569096767
75.05592384098283,72.45272613469459
79.4673752841264,73.75551686704428
92.34572956489019,90.75603069597321
64.57286599099193,59.77242479362235
51.44112233432893,42.525558000980055
66.7474878499501,70.05389443698633
82.22223617664027,87.93887849190935
77.86419923130775,70.44662540970069
71.98623675058597,75.06950437887458
72.45032342728105,77.57450128548703
76.8618884054058,62.93313279795373
79.01270512635361,81.63761506752434
69.94976870098755,81.62540032308745
49.57855878520082,46.42730773670007
90.90904787688243,84.16358201077941
86.03014979789572,84.51417424656842
79.66182999650316,86.6504274399888
70.36357338216051,66.52224452741513
94.49423649847243,94.19855218496336
57.70998851235653,62.38287091143277
90.94510373509978,93.80166078672815
87.94184390078976,90.84169015815178
64.37423581914724,74.98072732332122
44.55751892960329,42.6584202579492
88.5822075711023,88.84227973834216
73.80266580901794,82.5375079386948
94.03249343216633,89.50453743104586
86.12601962938479,85.11677270495474
85.38823418837445,81.81663109140932
77.46152949847065,80.92419626641714
76.94685054722844,74.3162711809237
89.72682637305266,89.22657128367683
66.54782335872794,72.04422989479305
97.45306133581224,106.41196559240541
56.68597738019663,49.30661239799562
81.63224144301763,85.75795659420149
94.61639197413164,81.1264878507182
77.11780321102447,77.14508785064703
51.701565651553025,56.61772636205475
75.11768745892697,65.02965798727405
62.412399840342616,72.05757874203861
85.3351768404198,91.75039751378675
72.223630042578,73.9762121859364
90.9379785296007,93.15723368831874
71.61997091637626,65.01754512494502
83.72501346004125,90.18933048407342
77.23185391796028,76.32516547198824
91.4727303389877,86.71687921020968
87.74984070995625,84.87123974304075
92.26045305394939,90.84287728602958
97.05754838236605,95.89075357831834
56.263787917463524,58.85374626110448
88.7358435419433,88.05197226880183
102.6383662647886,114.76424861343017
67.04264722943897,58.42617452245867
70.19448039865244,72.1694523646908
95.96016666425884,92.40008714702185
79.58504210766941,82.16722924412765
72.932659991581,59.89443633210824
61.38818580553167,66.44681281448504
76.17501637878576,80.1106304929882
68.57379722857229,73.41046308090748
81.785646317589,78.9048295736017
90.88767979927249,84.2307416107773
86.18258844200918,90.15746974713213
55.29131281081123,54.47219319144814
69.50044428845182,70.30774233923009
92.01340333590788,87.09302355555636
82.93482089442807,80.59232417814758
72.06138033820983,76.41956481579076
96.71510106570662,98.6454567954562
61.64851351836912,58.48117862644497
51.16900616711,57.67080013718402
94.73439478769572,99.89010034337974
73.94803959369173,82.95742086454898
66.72201698554997,67.48194163781163
91.42770136902104,87.72007897404113
70.77151220297675,78.77570619449143
74.51562851513144,74.76548491416523
77.07859336491201,80.45943022429536
71.32705740991926,76.79938319321894
81.06139023207568,79.04466754621083
67.70080093823502,63.154198514744294
100.36384279600114,109.89790520289766
66.03791818647441,75.41451440115026
74.46304077083023,82.95663443000812
80.98811844500608,82.45972477101682
80.40265266924311,73.6904737136706
78.09048433188326,75.85315557663263
90.06426456642338,86.3049345082159
101.92630743309881,114.77387254836393
83.00929847749893,81.94377622001504
60.1921640394983,67.28751476007287
77.39471696234617,72.83726109458235
65.41448656012928,61.957028809324235
70.5287169607473,74.70258537237817
78.09989345773458,72.340558725051
87.63419371114756,87.3834186387014
66.20571745619326,64.74997948470244
95.76746648426693,96.33458522189238
61.287579975338694,61.85613061287047
74.98031819581618,65.69696986769564
65.07148064565182,63.488643682617464
75.84191094630391,77.87989590227974
46.64280393079155,53.04559665666958
73.25808606142168,70.3756495440937
81.10251472131249,77.51555186266884
88.14686862690476,86.67779440199223
93.68887453073802,87.98477399586677
80.68157211532886,75.08285311165196
86.55724504111626,94.36416703161458
60.762233182034656,59.36588891471671
73.16871043830214,76.49056685766554
81.02185163274291,88.57461170018554
73.83593814937154,73.63999178408773
56.84007841740548,57.47321256020048
78.71579183820727,78.14126647694154
74.96504505341946,79.82547749957614
59.74317969134733,50.076433800191865
90.12558650785033,89.67138413450184
82.92807294632757,84.24955125747337
68.11095686233958,72.23316852027173
96.79047885284811,93.76297858625988
98.98169313943126,101.16373642434993
70.72023748510708,69.25175171997985
80.87260229527845,68.62056525891145
84.57058569282567,78.28946221685683
91.09762431716024,90.7505570495524
94.27965393884291,94.03702748299295
84.69291079207873,85.14557173201838
70.06832706718347,76.8895333340728
93.50959787791889,100.09415927366562
62.508281183970205,71.61377086927676
68.09589463952189,75.78408832965006
79.79422345689403,71.90920182704147
72.18812882289984,72.76491113003291
58.00451625887939,51.43247799460325
69.23140814205883,69.27676583158852
75.68589516254093,70.15749772281048
98.23454823857722,95.68252000328403
65.44139419824047,62.79826416892448
98.78147765736414,100.3338244743861
75.76060112139639,69.14650715278367
65.12498863433557,62.721941663169986
58.668264073149814,63.24779156811422
66.00725967552474,72.33542215141044
72.6189706360851,75.21177914175802
56.28690797902286,61.05130631391488
56.07097281511236,58.136104903638014
82.64303040866528,72.26920833446032
87.21475836028975,87.0217572274579
68.42128098722725,64.1434798993471
79.75970055202109,84.80610959186565
94.14537586644522,88.28450709005207
79.93039867975969,75.00557348297305
78.08589576782596,84.28944203021167
80.50871976418304,84.63555418668929
75.89889330070773,73.23657363556865
85.41694654478607,75.50852071189242
70.70495280679657,67.56250901928784
56.911934375436566,62.448653377561456
82.62995488259239,86.03791433456831
83.39995211422871,89.27214938617611
81.710230410068,80.5310969689473
62.56453510285326,75.26217960069616
58.22201814476683,69.41038851117871
77.06662083182205,73.66407357693498
81.17159095152405,83.44716605791214
72.66922771817043,83.87070109822783
63.52442917113691,63.96580818392233
79.85925367387243,76.3192261396315
86.8910117129034,90.61469056438517
70.18711437510618,69.86537795211214
72.7676246069634,67.15811057833275
64.11479817656391,67.15182437921597
83.66615168229116,72.61016684848188
68.89570278774133,67.28192128874113
87.69242438745472,85.21772501420881
91.61290329159961,89.22778026240971
91.03306573621776,93.26249010575587
75.06607782143236,78.3984199912992
68.82510833747634,69.78732502089795
87.24388513333035,80.77841971429241
69.41073415717116,68.6571594857316
76.03419858167948,77.07067159243633
67.40813824372296,62.51746130522263
89.4050794896732,80.13657773080142
73.31471936928472,67.46618222361728
68.34344455347782,68.03475927669008
79.67611570348598,85.2699586939547
88.65357926933244,85.95010779732931
71.93291017542413,77.45611254217508
59.55920949216787,54.73373746986179
91.71717584575585,77.97286255775754
94.3534286404127,90.65854623148023
86.92332046781824,93.1671628416696
51.75969146955083,57.854044715745324
62.21104532300603,58.12224372302375
72.47780731421251,66.73188575670149
76.7123628607333,78.56776909986432
71.42003499950953,68.3194383097178
77.76050698927473,77.16284378584054
94.065262527417,82.63298664729253
77.37349960801058,78.32070488777373
88.58264413920212,82.68944781305525
80.42066034706491,77.23208823081494
71.18812430302413,76.59871473161748
59.69382130258358,59.720806992735874
80.46846994622022,73.0403732039725
72.68551903539147,70.94788990780252
76.78278105930174,74.43218644107432
74.67826902051749,91.89822811717096
82.55295762159868,80.81974639122132
91.20369464711797,93.92556040197351
55.19811604191686,66.38435050885252
87.26333992831819,71.32922777331429
73.52958506576422,74.52696596723928
66.0322970773975,66.26668309077377
67.25544670056875,63.012524348073754
64.40917745295401,63.70715438155686
89.95888149782319,82.9939480387151
46.48025577669601,55.72508305118582
80.0858351622734,87.74449735862181
95.72543883447734,96.14683888220198
70.35675808944171,65.85226786961186
59.33398895010985,67.09551462839653
80.8242672996985,79.20292752867348
94.22923318327172,87.41742968946743
67.43644691360835,72.29452308585118
51.800009363140525,53.41775549871921
85.47048645525527,89.35060643954918
70.02494873826528,75.33270767868217
67.47238105623768,71.61864426508765
72.8313957842566,66.633735557632
68.89138851977222,69.0393623856028
68.3429423503703,70.48202608623015
76.1319403900804,87.10655388004345
70.74321618531074,66.33079768125762
90.8093209355044,83.65341245411065
86.33492493422482,77.42609380288305
79.38436805884587,76.8741328714989
70.74419403302105,73.35494157830247
91.50758585870122,92.45096177273282
75.31990047217778,77.81716185384872
65.04577526063883,62.217978072689334
87.32978904961703,79.75935941005407
99.08782817130069,89.64279172874205
101.00169921498028,92.48924032030715
59.28619131456567,71.96865022982921
81.29032918657498,79.31822387450859
81.61888564213224,81.22508989098102
86.08379045485756,90.99416833637225
73.08563564568998,91.54380799018594
70.6745929008043,69.24084221684267
90.21515979407882,86.68822050836957
91.6825974444627,94.19209969624013
72.1833116576399,75.65079681976664
74.4962858993285,71.34660157581214
64.64877579671794,68.68809659647785
88.29543958333164,91.59821745671138
82.45771961300096,89.09330234725294
82.11178118281732,85.60615573933983
72.72424629657341,77.36420074408572
76.52578390968264,82.27171474328927
83.96881772170117,82.35610918936092
93.11708549250226,90.87771532487737
84.16196179229556,95.73090698909087
77.11535731242371,78.81496588637899
90.40666495664439,92.45290335304097
91.91892969191072,98.28513416308384
82.88005676095241,81.49462624507484
64.44018436012314,64.79127811033993
79.03783959397374,80.9466426036069
67.27255622060608,65.86677972046466
90.64967066163791,100.28956939262565
68.88555107370037,67.98446666810474
74.55875610372884,70.9452212193284
96.0383526500787,88.15584177758996
61.25309956194639,67.36722274074343
72.10146829198735,66.54319205927828
69.60219032269421,70.54699994947964
84.10513896020336,88.24489425312949
73.39828057185282,74.29187880329553
70.65698215575816,68.9279412670656
80.31214131240216,90.19502141017365
64.847924557916,64.8158568583793
86.88519857366342,89.78370590591122
54.01870942983423,53.78803628600949
75.87068306683048,74.28699221384727
88.77473990262703,91.09524233276825
55.14407041581168,58.305262150751595
82.46858496364685,82.21379567178388
81.53761682986111,86.95305674605808
100.62034275525355,102.34676759407053
89.68490149221354,78.26926496378594
68.55323935879265,69.93922013794999
65.37307258068412,70.64459651125219
65.19572578748182,73.66186453075716
66.55112165742588,74.24450370073953
95.57773422196003,88.81879195206582
82.92965261689028,82.89912229556276
80.33565676134452,72.43710920888549
88.60066454554709,88.24909774387702
52.146162494755586,43.161869733706936
66.38282947085244,77.81228436445977
58.72800717530546,49.51859738448901
58.05153381222556,58.22287477070733
75.84539954466676,72.03481722925667
60.992220933729826,64.35466254808485
56.914767433140376,55.05208737915745
61.548147886225344,62.44588502080568
76.8177743387889,73.97748749877161
63.62684915069789,69.40524619882986
80.82957385244522,86.16863690805037
82.52008503713998,75.07246445723106
79.08777300496237,81.61695117037661
54.47215953409943,54.74433361061802
71.53459113339336,70.47424299492015
69.91881357259514,65.78280265936735
88.4047262806261,87.28524852383929
82.02506141872229,73.19570346810698
64.4269829764542,72.05889673157344
89.05509691626828,84.90029645331177
83.50142707992217,75.12120869013893
95.24956475653624,96.36712965002891
63.64432439332522,56.9796285939634
53.243847834888044,47.838145441296426
77.39121494038261,76.14292926136862
96.17876073166404,95.39447968521348
95.24283112919304,94.5477750143096
92.44296684319455,95.51472764140269
51.6844126405573,50.23357329479689
75.34492708944171,90.52629686178892
88.23545237593521,81.02531949656884
89.91046028192545,93.8536441293179
60.86949073159844,66.62269737169959
69.53135540772702,61.896331088547235
72.9826258117637,70.67294008671549
90.45141970289893,84.96927697805037
76.3153003138068,66.98542908923055
86.9053092096893,79.68266382796544
71.39303099758372,71.03947597997598
73.37861927236347,61.74809080448471
86.74245413070615,95.690585258721
83.90476714556831,79.87728404352372
69.68195751411167,61.94806227945219
75.17429599630127,66.75659901183714
85.83397662196668,78.92604199203888
93.26325394311509,91.6583214461454
73.7582196729438,71.78544883914606
71.90807352669157,71.67114695284023
59.324844761414944,56.31186211902124
47.196348137575114,50.55832031260226
75.09676064506269,77.94008040433128
73.73581922123553,74.33896138397954
73.35850985467646,75.08101435954615
79.35616249397285,80.74788305268976
77.38065478308621,78.08549227359192
90.74552565061542,90.89851982362458
69.46256431594966,67.52080936620786
92.70810289955507,98.38578846631653
88.34933518951401,86.97319191653983
78.67696661275085,70.91898956248937
80.50342780460839,80.85738469159908
90.34913118968433,93.08492251866573
81.72131432531025,76.83281326336646
72.65851834529083,75.18404941271599
83.01013431206782,87.98615542767158
90.44327194645005,83.90077293416468
76.67968819718514,72.56243193359813
75.48474878397997,82.1186263747331
79.13556403906871,80.25970588552822
87.76325829239065,79.65948995320055
69.35756159968672,69.08485388237166
97.10163132608452,93.49738259970499
65.75425209028114,68.24748874767656
83.08603687024635,87.78433771607654
57.61855762435861,52.654215484785425
93.18428884163882,92.1302343971432
61.015217303507946,60.64528564600399
62.623229533128615,59.01414976212256
83.5767163065077,86.35060710593834
63.615313094972876,59.97449811843744
79.5665279439133,84.63006658303506
77.33473967344769,78.46305643859631
85.23193264255805,82.33522185093318
98.48381873167625,109.03813300303142
67.24362060169906,64.91013063666848
61.10612054865556,54.24776305630787
85.32206227175215,80.00111736526604
64.90916691676017,67.43366938969915
85.76515891649191,79.83052896271931
76.9460084148633,72.56236883906894
65.00882250489391,62.92742439135942
80.82627420007832,74.89117818499366
58.38823599399783,56.082638847815666
80.97985872412076,79.16341146219726
88.2027702956721,87.59082205901139
79.45405525486615,74.68351798257825
74.23051529162203,67.46190926617419
75.63166348756832,75.48790582686726
75.96343216728737,75.11971564360364
80.4244385758357,74.22852099252118
64.31402546905333,69.16869808468905
81.57324706935361,82.36603580302612
87.6072561122212,81.54577228260209
48.80749724652236,49.49486442052149
53.16670538853358,53.60427068930157
76.47491610979351,76.7014437867834
89.47241817134073,97.81821591613806
92.67009427840135,90.65521839952126
71.19274927520006,72.76113840636059
68.49856666082776,70.054622758736
82.64391015873919,90.103398437197
79.61455556912871,81.6881259399325
96.80361866510134,89.78896335297605
82.74310229493231,82.01622564433765
61.66630296763768,71.9518145432429
87.60247197182147,85.69572930668872
76.37947818640892,75.65043665255695
95.26157294067153,99.75064370067324
82.28922220891366,88.22475165954337
81.03849985279653,87.12633332059357
83.35079090075142,84.09450527974712
82.19865279340458,82.80120959487357
74.10643245432267,67.23042734000576
92.51344034014701,89.95954136427679
66.43860607003081,74.11555924997089
75.68718281566751,70.61846067028567
63.00232492714371,61.2211816370437
63.259464063308855,76.37780568691278
48.69059464708071,53.22421916412742
74.34870583907514,73.13750963972392
74.19419657473927,77.26626304309424
61.1786087897413,61.969256308770206
84.22746193146807,85.04586765567754
64.30838356280367,76.33339021684903
66.26051263069323,70.22882792834915
52.19046613507252,56.36433457812785
79.24057804744307,70.10652722132669
61.636866213628316,61.17942629964687
75.05428970387722,85.15733599125367
72.09409334744616,81.61319746494587
58.69118443093862,53.01544211040744
69.37548461544532,72.85731148234478
73.94866332450695,71.31009038002769
84.2777356822376,87.85140479422273
96.34734208273737,94.60651322266223
86.65152615592288,78.65523021580196
93.28141137373078,106.32644739121142
63.291038617542846,62.77438978625581
86.53811104558379,88.64088225802732
69.8298442116553,68.7189010903611
74.61399205412422,66.39213259224988
80.33925875231576,80.12412009143888
74.30069181419334,69.86967433864051
75.85263881321616,85.63694078790326
55.51791792959643,49.673904097827055
72.18993504608557,69.38252941058009
99.46265404391808,105.30737012459439
86.6479003538989,85.55290295201577
74.56817877083743,76.69069065611009
69.01432645029449,75.08606767135042
91.03049327912416,92.27943477289074
73.49140300152177,76.13403726306008
71.35854023201011,74.25213125793907
81.5574710227274,84.10632195357458
98.16188324858484,100.4600501102266
93.12266416881789,80.33182338657264
81.79309982291507,88.76130363229485
80.35025619625225,66.70840785029755
84.83813823262189,72.81614094469987
56.89061290485551,52.72527481998351
76.63050304753321,77.89046424854949
65.07771137586143,68.95240554545124
75.28234645599414,71.91335110116694
83.08572315514299,87.87654356915235
71.1097317190248,80.58092007164876
81.12734106754252,81.31233853292521
92.89606435891629,94.55189396776284
73.49271739592461,87.1848487444522
70.82915200940377,71.78667406131774
68.96292449890048,67.63607118177951
69.1319025189885,69.51257823792865
84.42290728546226,78.09451650375635
80.74267394617436,75.75392228234318
80.37328535842678,78.6966383388817
100.94094328701483,110.69209273708182
82.77380650006994,93.36235273799866
75.55249641279124,74.98851106639081
75.64716487038912,70.09777182613917
87.75207174597753,78.05356258641824
50.262287369051926,49.62984905214688
66.37278793138698,73.79605051641994
57.64283445143553,67.91967337314156
73.01202987504243,73.87692252009876
86.56644686156764,88.80557929435184
60.08068876445871,69.87635726876965
79.22121747478427,83.9555258283441
72.68349981061478,66.58933171940966
86.58445027449153,81.39335699934696
85.17403530885055,78.25665111013943
95.4051986395731,102.65797641444443
76.01249774896488,76.3397582920012
75.6487630520115,78.74535638149533
87.27046753159924,88.64368267166321
74.52947512322781,64.77525571648735
81.69971695325572,73.77852152390095
81.82712198469277,76.8751621850204
68.20896908632612,74.17817007498643
90.67132956599693,82.89034744738345
92.6817807732898,88.57634162802721
74.81426222014191,78.48231028729916
70.9655458207477,69.39764779580678
67.41794074700788,65.12373007259282
75.33400469913997,67.49960270768113
72.2557126573754,79.9512708038167
78.05303185181582,79.87068272594512
67.29951070526535,57.72706790585735
78.0203462022208,79.94103796775113
71.91959365086144,72.56735997733652
42.82401604609442,40.68639043782552
50.668533582056405,50.922810075169885
78.2965510253064,76.82259233486566
88.96041734021469,87.05123960605292
65.31404372130586,63.90900847010836
67.58828087079888,71.45406186551848
61.725176251135935,58.85791537267925
86.70901492239342,89.87123678682663
99.83507989565268,107.0196525590805
75.82601491733506,75.4706064458792
69.44726790579892,68.20806623748034
76.50442534305714,75.59001760403788
74.36005769377675,88.22769883046755
70.44747982629316,77.90423461186816
84.63944178202514,92.27234076471929
74.73597445857514,66.69561838810847
59.772163299802685,59.42750532569862
74.88286727192077,72.4634623588121
90.21635447023547,92.46896361282977
79.95992903343407,75.14736701973224
79.02217918760242,72.81284402458762
91.22879435198493,83.89875986821478
81.24168829009409,80.42940023194544
89.81481506024755,92.81727918077269
72.80636016769759,77.05521387148057
86.81172286707977,88.21901497837847
67.94450151622708,74.68083650943802
50.51652038122344,47.73243287626537
86.74300002722877,83.89261015301437
72.31015031237176,65.61530785436798
76.82080470419969,76.2334132345465
85.52527353512009,84.97090460589627
77.41964860965385,82.70401316300922
81.61243588385157,80.7101966207873
65.67713325296654,72.97238331132696
82.75264529223521,73.41433241590778
68.6650749829414,64.64383336515888
84.95741735655328,83.52842257219189
74.22217470138347,75.36909143357907
64.4391026143536,53.35620777865274
82.38742630089959,73.0495294085363
89.44525901081282,81.40150785344908
74.94935832719634,76.17558721751608
82.38432452534933,70.18249174396907
93.6737371045228,92.9345104428466
82.09065181251586,73.6475657720344
57.779631781064175,61.08482677208386
85.68174824879796,86.60091138424596
61.95842898903191,67.2221652721336
81.98185209271472,80.34921821269715
105.17778872236582,101.91446756796702
93.68257749783906,88.76559086887112
68.08890634536382,67.40139167195629
68.32595325956991,65.54518620838135
95.89395933778712,101.02205739452337
65.11886306932493,64.23297581849624
75.12692544015187,76.23528905531893
93.24638346938876,96.52289360385272
89.11987191840545,82.71237077629594
90.95604550033627,92.38648657501078
77.12351950660076,87.95472494839822
69.43381581665982,68.53575139864773
70.76244858217576,74.57318649951756
63.182002255428294,67.4187104813015
73.7462550680035,81.08994251234702
73.59350775019844,71.2908731538944
89.67399739017736,88.51239222685031
61.24088944310507,61.470704724030746
63.803744451151836,63.15287264491489
88.57117081836421,97.4664816693442
66.02167508409077,58.93493187571833
79.35671590279006,80.38298091284541
62.87220290692059,63.16449958021387
79.7973699765557,83.57640218960624
66.81214248603526,73.11564240603926
86.01596410822484,84.13577331355603
70.40768609577124,80.12010649985982
76.04255925612635,71.32659061791688
92.21878065327563,97.17699651750796
86.73651244640936,83.20242631825697
93.01108317631542,92.32516348745338
77.80193887482213,73.50598328880429
78.18596909354919,73.82954332056386
78.34937681849257,81.28037998869625
70.20952246442315,67.47910560055755
65.59635975862892,65.48822327379374
76.43088747931199,73.37081299212407
74.67585041279767,72.03426455751949
96.6120736890722,90.23723148266231
88.30800631977868,84.09631327298729
69.00378711854604,62.33573476390244
89.40553597590774,87.86907629300472
60.78200971247447,67.83955550225586
94.56166664485308,101.90606270430362
89.35296465986347,84.24965968734922
94.2955671481813,97.17400998812315
88.70393273330303,102.46135929323569
100.1151035880996,89.24284647191895
86.08362226040396,76.06741685116627
86.9673257456356,89.10631623454728
69.61447075890013,55.37430411036443
90.50012134029775,90.1668993048141
69.44828030726309,65.71387016778746
83.5595740189066,88.76734353448593
75.62247886209784,76.82608287757401
89.91409985097873,93.55124331424139
90.77475286558305,91.83549230127268
77.24220618628225,73.91671919249545
95.90129155356502,100.41154981269906
74.02174340365613,77.59676090807625
78.19665558110407,84.94077974356868
54.1128822934014,54.24957152999023
68.55685112448258,65.29862004250248
70.2774183372769,72.21689929273299
76.79393111062042,77.45025696373435
83.64756582222351,78.50441318960105
70.95521368066507,72.25402131208067
55.149946127743746,50.67750595900442
82.77414060037896,72.98393148070461
67.69592057472406,70.20839054643801
54.25657731381084,54.990931069769196
92.61723400970612,97.01794886687192
67.52581345037744,64.82359413974574
71.62493908517555,71.51694809024153
63.191252216247435,63.53311383934984
96.02904224035659,105.1262946735304
78.60052063030946,73.13452879974251
82.81851328852031,80.06621732385418
88.19549223393717,85.76273844950505
59.81363325426359,59.99835605795438
81.90037533116748,78.86456324059598
51.73454638855299,57.800537209226796
72.968182944932,77.12283397769858
62.077773074571496,63.25035366505782
90.21725929261991,90.37292433592232
88.2723454405893,87.05144496486948
72.14868366341177,77.18089428958771
48.841982382411715,51.408150501110924
69.59448077793043,65.3882449794646
65.46496828009859,66.57769526783454
49.12976027760636,49.98390014492634
55.441769199409755,58.734279135390175
68.26550158638773,65.39229126310414
66.6439709753726,70.4710472040837
67.60250175130861,69.03371971340542
82.32337991295361,83.93760948390927
69.53351617340908,75.36609583376679
72.04709809511857,71.4405814328401
84.89379856518883,72.91939367727137
90.041935115965,89.59338971662666
68.93557921507806,58.09278886373319
72.4195097244851,76.67979260906095
77.074850557204,75.24396026228386
81.3198008070849,75.73652741397845
76.33075819224231,67.26168282668138
67.44324896590811,59.5004997105313
66.75226959934105,70.40552326263648
100.56233889715574,100.84051936018588
55.86762954789751,45.341607832911556
63.99215848686892,64.44777827908216
70.84335272628081,68.10774353081062
90.41080556072669,88.62194274311773
78.31884184846096,80.96737581043632
99.00195818111875,102.95625411801066
80.98827602888373,83.84028072813496
67.31110358228034,71.16850068587445
72.2496258081038,74.09994676782857
82.8837241053377,80.05089122852387
61.96584818090234,58.01416220153248
72.12230397332273,68.33922282959809
83.48052471900557,87.96153694301256
69.2183086368839,74.34718560036174
60.47553681580442,66.9953441152777
58.339775448412254,60.56914283497868
54.97939143375084,52.851930508214025
69.96499577827113,63.26980666128182
91.03903442046875,89.09024805406682
71.47924052357385,77.01545502471987
67.65105517488131,73.43914448854308
85.57480474765154,80.1537011863251
68.501310852929,65.81660481511301
85.59245243993001,81.36871047864025
84.60701315200482,85.14369292035772
65.56401559230639,62.20237597275811
87.9194356991768,83.39947165437151
79.71465835408732,83.16194550431672
87.09155665789743,83.37922264210508
84.61500504632713,80.52695004806509
86.5652610292876,89.6215452535065
72.16082562313798,77.35119683001267
84.12672775531502,84.18954250859403
85.45231053508437,85.64809270782145
69.96548024731956,77.39472880455196
68.11764208904945,65.66241404724316
69.87746016942505,69.979188844632
82.0471315652789,72.22457377478227
86.79110686403477,80.62039301075221
68.2548223545407,73.59718031110934
74.21094942717644,75.58748480602014
93.11631920482928,98.99259971466664
82.73634193587264,89.43174899646417
85.90676077578826,86.3837613814151
78.09722198840828,69.68585503865881
84.9279417961382,86.80081762203505
82.20096733268693,84.57830055830499
91.47413738418044,87.86123126304193
79.99578440889812,72.30235181158051
79.49465488533572,80.20544851588184
72.98552308823864,68.40754863186231
73.78255431618726,79.3261963840604
92.63631003029356,90.77702135342035
86.0468525059874,85.52404681876317
61.3363442674945,71.96518174507901
48.14784787753819,50.63991139955593
57.62780040715243,58.38532335059011
93.92492325533996,92.16858049992864
73.47071239584419,69.88657877580003
69.9653437707688,73.82101730710636
71.47719199005039,67.73576525202063
84.11084021233673,82.55245747259812
65.49682114453219,57.84356051451214
41.52875573628959,44.776688395499384
61.60296141609002,64.44397126503233
84.09062551597954,80.61943001130959
76.24938958343134,74.78046842339819
90.19300557244436,87.58077698817718
78.07567330744853,77.82688143436033
82.21804508336106,85.89417583953123
90.32872458322376,87.19078900234862
83.11269231096219,88.20689012233782
69.80613495873631,71.3931663181342
79.97510217294457,75.83663471306232
87.16209465826729,90.42920847499012
66.33162720832549,65.58044692317893
72.35735039596356,69.92679179399596
74.88131637774491,73.3543770626931
68.19595824022146,70.60823726949013
60.92384643555784,62.211038894299406
77.90950185406882,69.90249480860864
97.26377458194838,93.34521069583522
78.83071583107562,70.76370248601185
88.1862644859687,93.76218133058006
61.26265007219613,70.74749821519049
74.08624347391665,86.77445729639513
75.23259665764388,66.02419684280362
103.52075360843256,101.57633780921272
66.58668393682636,72.05640608172428
78.78198859919863,75.0136426272598
84.7724669641853,80.86335906079067
81.27174365703162,79.46363421202557
83.74080044298888,81.49912353528104
98.98077249018615,98.19040286905255
79.65318202520125,72.71451701477433
91.18241341385972,87.66023721454948
82.3292170973937,76.48550247913573
75.51979319288776,74.02722644655123
59.569691551953525,63.66649513693599
67.89220213292296,67.17475968605947
63.6646763956502,65.55078269239075
82.98540605921713,98.54230005018212
65.40479422673502,68.60355381271097
53.84061022776956,52.680426926761186
67.00612688559822,60.66135965407321
96.36763209449742,96.91062751503874
61.600436820712424,67.76557318591352
92.73766992543968,108.28237799452631
62.66540487527422,59.7820241423766
98.27054363190405,95.54812741105776
88.18940954933497,90.35378339706996
71.74885346319627,65.1113712370064
82.3314983232704,83.39391800841912
83.2463090269088,78.99514706486784
87.13284840309898,83.77055686206668
86.63811172506095,86.05122991518508
60.10874988618827,58.719664075188966
87.8683452587946,85.32778990553815
69.94589369611667,65.68543681523677
62.11982620648864,71.21203620214146
67.28392161985217,61.72606018768893
78.15240888287049,72.52974212124406
85.2062435279639,88.02871784620964
66.69039623315865,64.55121735070621
91.28609594533724,88.79224055819604
96.71013047659038,98.18308082852498
69.63279319264402,69.52289894590001
98.13792843803725,107.17817566917489
76.82194604406219,80.75859694298046
66.68652531147713,71.60014534000024
90.00734364291753,89.85028401110404
71.93628725478989,85.11171185958293
90.12208570153241,88.22896052599603
73.40181749717638,73.28630257739667
91.1840727986082,87.31083830501436
93.4210872235845,96.14952236097547
68.31660109909924,80.95344562598973
89.40100682067354,79.70378268912988
84.82069278025045,75.94587874021366
92.04276676431716,99.50362776530577
61.51575201257104,69.03854600710393
78.88757951566528,73.14797418744197
85.8965343058224,85.45757117729865
74.88621735667162,72.4594269602456
69.04320996913403,68.82522811345058
56.65527590231064,63.07757256925123
56.30611008309481,58.83412315020695
84.83826576871627,86.27698959812827
92.62858499567417,97.86168993460062
83.65156447459204,79.17845788133602
65.51005559701431,65.07922459248545
67.92474337533777,75.42877606059949
58.41609950770283,56.849258519779966
67.28168513123948,64.03964155173666
85.99936745426776,80.37852188220087
64.35659084728731,70.28695987828667
73.37485146916038,84.22401941311776
67.22165702019481,67.54122082933371
75.64413832451143,70.64749879540868
71.48889348533166,70.57304900433336
82.74356992068677,72.65238381827828
76.03575013361663,74.08160532510519
79.1709502061263,85.3377541841692
69.34554680139507,72.30559654831848
75.94129622718786,68.213383869777
92.49568607669931,88.05268194456771
56.74696991972658,50.71414806091627
88.30195931997399,88.7268532064919
81.67164420650325,86.63968015478216
53.53635450746173,69.32590917823029
72.21104222722211,71.76805021580942
77.19551013336144,80.33113168408266
66.0253731912824,66.61658343214984
82.93135265629671,78.94230050865053
100.79008976727705,92.38800760858936
95.00023648685364,87.33855729737743
86.45079043971064,83.98201126692837
64.72866536960967,63.97908118540299
82.29213596884331,80.5348137324597
82.29748101220167,83.28603691775267
80.98739732192867,86.76963951221211
82.028534496603,72.84606870338119
72.10446963207256,60.07635713092611
99.63349777538166,99.16741754928374
73.87033125833001,76.07331968421904
90.35265838995163,95.3603551722408
68.37880426080008,68.46799221521768
63.75780089459031,58.308722171028236
81.4062063712265,80.51263306265432
75.6593424634134,74.50338031441221
75.81240635820402,78.26542058626471
82.03229739022956,73.76699446863685
95.431155846311,97.93654778765902
66.53525847064996,60.22945084135406
78.9929275462443,71.29767836428996
58.47661324504693,59.543047753425476
69.55721923697732,73.66838822342618
66.69583963511039,69.94826461797243
75.61087936224844,73.58677218189227
78.76748870987907,80.54230615713338
48.4494158703192,44.9205083574149
76.94332116455709,80.78286012373178
82.229742036152,94.21418948886847
59.0347869162026,49.1950388556241
85.21892325661007,89.38200148244367
81.23644899226147,78.84381546048714
70.49407040365583,78.78777947386722
76.01801758222403,80.32568951610317
72.17713972726906,72.37079478115298
99.95059416998443,97.9691084572921
70.54618697894385,77.38011321840571
62.95098895494339,66.85346389126677
94.35162729406858,87.27278779986808
94.56553810472082,89.79753825203915
71.1804368121805,71.31035368547967
81.37102685366987,77.35005572878373
62.75557425015857,71.89205784429637
78.1552591798038,71.1938327364834
85.42684312270943,85.56943712831094
68.93453968183555,75.1642147379749
99.98176506715023,99.59529039594976
71.86782176527156,78.68585811984447
88.75504507813974,87.99355374530461
66.04300026912664,58.26161024603154
88.00926002807692,90.28568374667046
91.08377303995714,90.185951839321
80.13607229453531,77.80079700204396
69.27274319405305,80.67425988352365
85.9888195988975,82.44534586949219
54.38982407849591,65.50373149240811
79.15937805579615,81.24872221519719
84.06133226492689,84.34791173526362
65.45475549558476,63.5920795742156
60.49092958722101,56.249368134768126
86.31862636843356,81.04308481266787
62.103752636675175,63.77228487610711
84.713769937574,81.38161163767118
70.22938914223913,70.65780603986418
68.14178827018938,70.13095189047988
74.37142709071598,76.90263413520071
84.08694383502775,79.13599328357037
72.18072136986046,64.73703057258814
86.68330978967539,84.4015572046762
72.91385579393865,71.41654336050821
57.28235561924086,67.24330858043177
66.96132718031775,71.89895698446726
63.363769197227256,62.942349055284765
78.58208467981845,87.20532562052827
73.25659939857513,65.56123605662202
67.35262361597827,66.35233569823991
53.284702344560564,53.57563243530717
69.2375751021924,70.38500032937122
66.07645780724668,62.30362889745804
86.48075735551242,81.59402313123701
91.52184736692888,90.04171867444119
65.3318152392023,63.4538131276868
77.59310651271471,77.33445610959993
66.92927991686082,64.07717100360824
67.69444365134949,75.12882890693646
84.19006838793707,86.96246006834453
85.69324526721564,81.14135549266999
89.11908263376898,87.50349784341036
92.94004031976647,102.51269346068545
67.91275900829905,68.16785443012512
87.36565350079059,86.32457577548067
71.26157607507047,65.52034915206274
65.25639792049043,64.82677846050217
91.79726643119737,80.2547036381992
79.65177690969219,87.03946737291699
59.083527260026585,48.40240219525905
76.97459940399659,80.95853349522883
98.58262292957905,116.82815487953778
58.353185061347915,61.19449714136528
85.36454105215581,87.45271578278616
75.2173662426128,81.39612727954915
89.02783234500208,85.87961415311966
61.30481709828353,62.89586305965048
65.97690660540317,60.7019769633531
79.86541726542329,81.57914000713426
88.42971821364026,94.4377727531175
82.7572540371389,86.90240438166083
95.53687586688102,91.16697273498315
78.76229134319516,89.47238195030499
74.74256200243363,70.11834919732017
82.33465799986313,77.71350451865734
77.30592412199238,78.24477105221239
86.37142928948563,87.43924940541064
95.63176916441988,98.65941932269327
83.84955058488659,78.00757062600705
85.13427329306818,84.9667611352969
80.88359469280012,78.18414191444566
71.71572993011915,69.69582312917574
47.10241246476932,47.111340855311795
70.32231106598364,78.67269989143229
91.49293023066724,83.0002233341558
77.66099354884591,79.70372958178869
74.07668928993324,76.12207554616948
65.0903822495019,64.89953061004286
73.07809277342511,63.44450531810461
70.92063302736874,76.64711002682421
80.82259038133968,78.81266310248765
74.15028401322297,73.09036003929953
60.65054867586627,67.11450667003692
88.1885043430081,83.529561203213
82.71078333379236,80.81967530228502
81.08542855051729,86.60518539883279
82.02235771412478,86.25102896544281
99.03164491705074,87.89466763126154
63.06404100972223,65.31229079338796
88.96920532053038,97.30884005627101
90.01919026600702,88.3577217229006
57.444205778037364,62.524202340062956
69.64647213596949,70.72516139433638
73.48702206270801,74.67560193616708
83.34085209630665,90.86952078122965
74.39639089877865,78.30469706028319
73.55795018059106,67.45471814453794
73.241041207586,67.82202542884933
70.25488227801141,71.13273775913015
76.91396894741149,71.92298324576365
64.06646779474191,65.87553243902683
98.28829373083212,101.23085649830489
83.41117093668254,86.91606878396543
92.24968962950412,88.27799450422899
66.69620892614152,61.34204204496446
79.1748844947617,83.1436832882868
68.6030211830218,68.68486575839238
74.04762083601976,71.825835996812
79.36385786888006,92.99106766367439
88.45297331231815,85.15635367524358
96.10580702603387,96.69404379964227
71.06518999101529,73.61250010333012
65.24386025389757,57.73327632530501
59.60274897032861,62.40268188787549
56.951138665174774,60.858244978991664
74.93492511527653,73.95887633759668
57.06261845538566,53.583528488241086
84.00150309476341,88.4518642664953
72.883537990892,72.77726795988033
75.33583583770022,80.24761899994391
78.24751357579349,69.81711155488985
89.41609116576541,93.33151435318763
55.469819384444634,53.94532931431161
78.97962808701217,68.79908559942147
92.03544899160748,91.69784281372024
82.95331668840028,74.0711619445523
83.90018876057617,89.64698970326408
57.44024157897065,55.63142890737466
85.13612376966242,80.95502491416967
86.08158370194361,84.91982485411889
75.28845516427597,80.87799968335064
68.75649633220117,67.9673614918751
81.93956709786531,77.7983502647638
68.72084650752464,73.48911077801714
53.99689875839835,63.81224931620474
88.59722654416312,94.35692559719082
68.27439128087181,70.4754282849693
69.82033956794099,69.21616461597924
79.14953450752365,86.269088725292
80.94710691021676,89.23381800091938
89.55616158916624,93.3240916393351
89.11335232558625,84.75376842518739
67.49091878824935,69.16678010596489
69.82095912046458,68.41808612363715
98.58957001728565,94.51556454364459
80.94746175254565,82.66401483212846
51.003710704982105,62.62072302045734
69.3909132759016,72.4900797766539
58.93333842789782,53.27433715076236
68.91813344015783,62.78718944014046
100.78031385773238,110.47828909031604
96.41722462387827,97.20221760346452
92.44109486266024,98.48137612042488
76.43476918179653,74.73678313099754
61.58108756693379,68.60876149459065
78.97549767454232,76.09055932511166
93.68228083448533,93.18480561897341
48.50521536688042,44.39490429642798
61.33660039923947,57.501599258240745
70.57149727721676,74.00009055101563
75.60865618811599,77.50577223939649
82.02140988920057,79.48036101808795
62.88106556483532,68.92451911186949
88.45462066678564,80.69418570999335
91.08440892208598,89.98115235796138
74.72370676843893,78.73928186177237
74.3472115835102,78.046851557157
72.56477220449013,84.16103853787044
86.53460603090143,91.31602364454386
71.1004882645844,73.08260854672213
101.73757987075217,111.37532758698266
96.62469702764547,105.00433367232478
76.87939713798639,76.11434425739657
79.50816780422025,76.83210273771745
81.88792196793136,77.85923333041981
85.88381401713707,83.16565025479075
83.95862727643842,88.1247758265722
99.06172416398407,112.38613664818556
81.38152163293336,76.56798375886936
96.93338867430442,94.82637122900005
82.56223545701035,82.13528000676615
71.57175932640934,74.23907418478704
68.75791006167701,61.32012038653349
79.47181239030722,79.86365335146897
89.66513156110969,92.28644257841582
86.58474725367564,99.10356632820385
58.88052201732629,58.74644908703617
85.78992190918592,85.16200112294257
62.834622377093424,57.13065901553752
85.70886606808607,85.92852361972061
96.7695828170886,89.32994550716279
90.5601259460971,100.69785438673283
49.32841080279342,50.79639325999766
55.62675325520795,51.07395000701958
85.47116947711878,81.21341651444601
76.0056132094628,73.38600898901989
100.63405514365265,115.92285057790379
94.19238440878375,82.75356955330646
66.79888456256867,73.91882487192046
90.71898778231781,79.04106909935888
89.88734854074818,92.89033672361738
53.59613762029827,59.44860152785962
90.37387850984254,81.46519719985025
64.61284138389405,66.71921058077439
62.491581747893164,58.90888738986314
74.54265507373968,69.44545321372931
91.37596400044956,97.0995429595407
59.369621855448095,66.48431454625462
99.15054264779577,97.12020017402578
80.78016949087794,75.21958085649135
65.07904564143553,68.85914884069177
80.56399473420828,76.5908191428799
88.24316989209511,94.1279945402554
84.41425361965567,83.31639281461942
83.90547712434274,89.19362548892326
89.80813277713283,86.10126196284212
73.94469795696757,72.83848562680329
51.36723992732057,53.2150293600358
97.93923437881527,109.81101225150623
56.5614009511349,60.9436738023902
92.03744377444872,92.26480922241585
96.90624062027722,108.17701076407592
56.2240728723115,59.78712272953879
69.26157629568607,62.447803340509225
84.86924805236873,81.94650900986124
94.36958570325723,99.69634596430193
73.90078034048966,80.5653861397341
72.70393353505479,77.99225608805284
94.51616946002824,90.59840069150815
57.095661347138645,71.53036298499029
95.92680183948089,98.30572987902147
65.167180804825,70.8109792888473
70.73710081968065,80.84785225816162
62.20285471937971,69.19922026376315
66.9579478346481,66.03627901482886
90.40631536746741,83.97211511211965
75.06105088361682,80.77124028334495
89.69677782138554,83.8903469935768
87.0368430563282,91.43849888717665
93.65053158715679,95.64783284451188
89.65891609864619,89.6664973984897
94.13718800731034,98.96396942779785
92.01373817423291,92.1766759401822
79.69693240331723,84.62373606074196
71.00147452160756,75.78720853434396
74.79556837638354,71.90288152974504
81.89841012465226,82.24242194829372
57.89552556691677,54.31902949104793
63.21204806369877,64.76328569160152
74.00918880105456,78.55264540014535
57.20037338638494,56.41330524531849
81.45506896529369,78.94118380791576
93.66836772735724,99.8163727237828
61.10315333017302,77.06878585626484
74.61250212804455,80.44123225561793
62.13878536766865,56.52560411547619
88.79666921718358,103.10987474690107
90.08918869839835,89.79294013778652
76.64665500739505,78.11378850495505
85.09993982038858,87.64076386194017
94.87382051763538,102.8093775206912
67.17312081872495,65.03038507805371
64.35726851897655,63.63551238382769
69.18215689344387,67.33213068913068
66.82361995760846,71.37801730382088
96.63447591493582,104.9059107755262
57.13233868756692,63.06075789575973
66.80289006647965,76.77288480830038
70.00942555502105,64.81631970722685
59.358167202936116,74.18512540965075
65.37734716925166,68.43840309744002
62.301677815097655,59.94065077868931
81.56869764180777,80.84213506755364
96.13686785695754,95.26138262999268
93.32068085634427,92.15247316349395
78.08320634787619,76.93768755237558
62.20556005996948,56.74074033480771
89.14941043407323,87.07717907063675
78.40696974904476,82.15312566865873
82.87720824193407,78.84571362606097
62.40537036358676,69.77655968873403
83.51362755976031,76.97635212052715
71.1612758295083,77.24572599962806
60.30796414617002,61.021851145268464
74.81380394360467,75.1111624213592
66.51093675707656,65.77955006075037
42.362042883909226,43.29009261380422
58.817275222730196,65.05756601437083
90.63286159703404,88.79630512427808
90.83900859270148,85.26262772669298
63.80971853310467,64.8872442770391
83.39167675671494,82.08376473802839
62.61580613565319,66.36883660720896
87.71925289992105,82.61324333947609
60.68825688664221,51.72436004744359
75.74030404948213,75.57369053358182
68.43116850618871,71.99264158934875
83.55742619499345,90.96540859653072
63.68116366198316,73.37695694435747
101.65986510425708,104.89181213237066
87.50521320014673,90.4659485347224
84.12062271412955,79.3544068828627
89.42533004219621,90.22053449914054
98.85471932719527,99.88459077312369
58.19056549255806,51.193394245773646
89.83325868271162,81.73767080376602
66.8558799704337,63.78960203913418
81.58248201482128,88.82795891766463
74.21617568234484,62.26935449689946
51.46061865409585,54.85622757799816
78.72563088310426,76.72855035367706
70.0546759088234,84.93992412623251
67.65204659061804,67.08565931319221
78.14377673788368,78.58051550470462
53.502616007957506,59.938011029885295
76.88484984303439,71.1655187345503
75.54805493676453,80.28951115883525
72.51053078080618,77.56139288227737
84.22213759312997,85.5777709183255
71.6416010068107,74.76653703423075
50.15768920755893,51.47253809534147
80.0432675152889,74.55248646330338
68.63142699869397,66.12261564488502
81.22392975140936,79.4214001656905
55.484132360191296,50.266068609869244
81.8512546612363,78.4567575764311
79.62014161395975,85.17085879842475
85.80970518435545,77.67951821652977
68.63649714068241,67.18251963828705
66.96252407365039,70.83010038074104
84.24757437742473,81.18268602007848
58.068566320251676,58.46511743119037
84.59462118958604,79.21792727294354
96.49738834943177,98.82647233908217
56.1732575258806,52.78893409297705
98.4458421214196,98.63207552341224
78.59260977257033,86.77157972051236
76.23830748971585,74.68382637056115
89.56095451381614,88.69321905446937
68.66307996253389,61.546342883447394
58.993104113399184,55.53393727129605
68.12936118911847,68.86979511233285
90.2157629687753,101.30311147291256
70.26630928224411,64.04670760508169
91.71947327815957,93.0277521735577
81.81011472035681,84.96880773694974
68.58575124148197,62.11685570770645
63.24488026494925,63.15518079197815
60.79037847621742,54.28674377299498
61.837597142325045,58.3400099232939
75.98507736194473,73.20694123687973
64.41556008604772,60.18702757162984
80.5443857676773,76.9042887465185
49.074371286445235,46.76851491588099
67.61335009568532,79.23375011144745
74.00155955986445,77.47255989451
75.32569401353459,69.40695140700815
79.65516458722892,74.93058074251287
77.59082660763667,73.12850068069993
68.79649533231239,65.96606900412363
85.02310274912493,83.83707918949464
76.14922291237565,66.70874577784205
70.88138446909365,77.11156422870076
66.95449361318032,65.93528081677665
69.37729608307566,77.49567109817097
85.03585507157396,86.52931983229475
83.87310318381233,78.33394450148232
66.50692085678253,61.86556181670108
56.36154466855355,60.14221840406758
86.39434754310165,91.19963389005906
93.1100185039715,87.47783522407207
69.93217849912658,61.35338420506752
92.47625061581878,88.11575511679037
54.10927473368012,64.42739815420975
78.0294095963301,86.42547103114705
89.3949214821225,89.99712967633562
66.56121050364662,63.866696103422484
71.50364395296299,67.52243130788841
72.91296828926973,73.19303090162752
63.33957179361784,59.47145187536552
85.54625092814013,85.78988790660316
92.16639156364228,94.82017943499582
65.74100239117855,63.44183830459855
58.835689093766035,60.19278327156479
76.18827689648101,76.91957624168134
89.88517865528802,95.23946705623003
57.88967410946175,63.760140446737324
64.35968468654652,62.86615534649329
74.34770690054748,73.31291607693649
74.75980447926838,70.850921976583
69.43902843068402,74.76697461781075
81.22032835739859,77.12360735101198
98.73665674595537,103.23762840485357
81.76797080829643,85.60014198149918
77.32602118789504,89.84240871251708
89.60552609030364,84.44129458620361
86.72829424422268,82.5342949567488
86.05896623373111,84.23956398647854
92.50409464216403,94.13414671817378
96.85364852278487,107.11177505303249
77.17760770889541,76.17856816978872
52.67635486278931,71.39918217534763
77.51791920263186,81.10633865971317
71.70092396570872,71.59923983601435
70.1219616862791,70.36427174259673
102.79113205229969,103.72950925896438
85.08885489691419,78.69391512704279
64.48395846325387,58.316128775430464
89.99961224449768,95.86460819396413
88.95128758024994,89.96630932346027
80.66524323316915,81.10936780742618
93.44778762442162,92.243058352422
77.34612968669518,77.0798506544516
66.5665274280746,71.01062224566965
81.24484032507729,80.7553967169177
67.42348645097518,74.50954364895907
74.59438184720904,84.76366277114987
69.28299335186449,66.77909878987617
76.71482313749993,81.5423046828669
87.78186582362054,75.16948710312005
74.05760458193872,77.12374556931097
95.02205674885644,87.84762188873455
88.09740201351816,86.15829640476267
72.39505452454311,75.72544723505769
63.51835953340371,65.02660656481864
62.5768722538032,60.50471031426076
88.44205694644498,86.5609935637975
98.93688160849914,110.69811728478867
68.48932821152042,62.05490451426931
75.9646916307508,74.46710476885815
67.57892882535,75.10008067866345
98.66097920600771,94.62951560624727
65.64215242459298,65.77172052689467
75.78146475006807,78.59486396907877
85.78423724870655,89.7197939193599
68.24183707008658,69.87746875563042
91.94431060281362,95.52852854233097
88.98896555691545,82.39800754256898
80.1125575352611,72.00998216749831
69.53915312485589,68.06861253926166
84.99975234191876,81.39207796483024
89.32897837333087,82.48292490717803
64.9386354126226,61.359697618146846
98.12470897253608,98.64782013495817
81.37526948711715,79.06504045394934
81.61301261744039,75.17748902761238
60.39057281919165,69.73967010026824
92.39017170288776,101.9035735157657
99.6298623350709,100.43123230198765
60.81327303374589,63.690307586480806
52.890003690631666,58.257544335190865
66.38204912037118,63.728762169485684
91.70843988161394,95.66500501720127
61.18321282695252,62.885928927808884
91.12686643091614,90.1521815940451
77.41792212333623,78.46930589153789
58.55394566675306,57.206713899223274
85.76909879068032,89.40392577127831
88.71746286637674,86.20391021980048
100.2108826297689,104.56872768252346
81.25933224827396,74.93426166680348
80.90329677233974,82.88802578817425
82.31558668095929,70.97936573317743
71.84136387740874,78.41297162400667
89.0959846734885,91.83476197393433
88.31238327879552,86.02742971722095
87.39847857523765,100.728871502557
65.5924211150599,55.96393781797817
85.81526608367592,80.23076908078
77.87455715542872,78.04182415277319
83.45762027350631,77.7528406895031
93.94341478232226,101.62285344710875
68.64508786282705,67.61575453105846
71.86522932881692,65.00622086140302
92.79150872606003,93.84709391943359
75.05633418481376,67.14339788847889
51.09833067357589,59.56559206566122
66.8692901752147,64.83054813317528
77.71459749373054,65.99589394454138
95.84583894890588,105.50196360753822
77.971479691694,77.46134448078271
71.39155315219087,71.57146069734915
56.324275921048915,56.969860319941745
90.40979245025439,97.58215268062685
91.26889591831251,87.63466684299078
91.86393822126367,87.07188534941938
94.16516139975705,96.12566319044736
86.01634245428612,83.20639589960838
82.0794236759413,70.80960928647627
93.3603624698492,98.26246633789773
80.497059733472,86.7938849881705
79.7892771038218,72.95835717059174
91.82295996615404,91.18682328144712
62.49579512139474,63.58489008384113
79.37675118379543,71.62616680396127
101.56619040673566,79.88096442541949
70.99729181744344,66.5706358476468
80.98291308528324,81.39260578218085
63.8169078067991,66.64562490664942
94.34951033685114,90.82822913978006
87.34971489613689,88.94866548370955
89.9709149025756,80.08885317081271
85.38421429114274,79.14592488606174
65.91081911452426,65.63263201405724
64.1201236549895,67.63972065955701
62.88365766917303,64.51400222280311
80.10273123507426,80.1759926907421
56.90471943740442,55.885618373822496
72.57343595883742,72.03551999647189
54.73865122567953,60.003549383206334
92.46587837155501,91.8384648936747
77.71534858692138,74.57473946918171
69.22479097121433,71.64177588346186
74.48623776153384,75.08965116536697
84.3048752774528,77.22085354891959
95.21491892176219,97.42607122028157
57.73594812725107,58.15268787064075
69.86331627456372,69.60171678682784
66.87616400360363,65.66343473090087
74.5655666106482,70.69110875674987
65.29300389286993,60.079105120428345
80.86857636571341,73.79672129130016
54.574601936516906,66.32261394642283
91.31337559636191,91.68290057769461
92.4884344723678,92.3281585575692
83.60721286775811,77.33731131069585
73.0850610158516,72.04286732323783
64.42836679904926,67.10172276254245
79.45971310746367,83.29362550975328
93.10648085352535,89.67224447578305
76.87745343293777,77.20781642570437
73.26213963603593,84.76375403669422
67.71315658449366,68.28158617556883
72.67712157443101,66.59027160723686
64.53953469981674,68.10806819509322
90.88184115851405,94.22221666479336
79.85042855796439,81.34303287683994
59.83253775392098,61.986734699374445
67.6380325574189,73.17595157433034
101.58224125197738,102.56139603158991
89.74631149220377,85.79070361711513
72.29607584326399,74.72802274588369
90.41953004524298,92.6852397043027
62.92115595152988,57.33410955487722
83.8579183492159,79.88440685786298
52.283097357785984,54.64754609732639
67.35207224873673,71.64105956573945
79.96095562484818,78.83192766009495
97.28275560185965,99.93153699183608
69.44880101008448,69.65087141858956
69.23042344678704,67.49646459584626
72.94411985019424,65.70998545681435
75.01250031072932,67.81634122796481
82.40715587808805,80.35289049153633
70.43723199659793,65.40482067541477
89.63284042604501,79.94239827477132
79.4640168234305,79.7776037552102
51.52543586951556,56.18750330281548
90.45839123317583,90.10681122294265
89.25627553983455,85.02648097262698
95.71232021390755,96.95798360079944
50.53444119253598,47.30678636904756
82.05471987796467,85.6473379522782
70.1659976192982,70.96767293004267
75.74050887609589,69.54126566789078
81.7958472808794,80.22678099231871
68.01503630522909,67.5858440127738
64.78515517317003,65.07569495004174
96.09958040024773,85.97622205106377
91.8225335711417,85.70967252217298
61.62282620394132,64.37139156154106
75.96296719419591,82.64928859482293
79.76663378178603,75.79818104742719
82.39405544406539,78.60992706557448
56.001560727209934,60.821032003127314
59.276706315926546,56.423669520223456
68.68390134698133,65.21939170177133
68.24150434336768,66.61482294618827
78.19441872022,76.53087951569115
84.35821720753157,88.7646382833363
67.93478800829509,61.044419737417186
70.9410777962177,68.79362045180324
74.67844622312414,66.0870695845498
67.16110498423362,63.27408366937603
60.9442853200238,55.39464362503781
80.80965171745036,78.82648031845625
80.52390072737279,74.17173247176588
58.62798945492769,56.30212289876989
62.1155028924671,74.16661728221345
68.50349214069652,72.59479775162478
83.99329625895292,77.73913077102685
65.05296803891389,64.76279068833153
91.02092626308053,92.20804864555669
98.46735716954002,110.1141147880479
65.04965358559095,57.30873327932666
63.22649773335858,61.54091327464521
78.12291400085618,69.39504537903943
88.1261056755415,89.16864461126775
78.081159898479,74.64447633983669
79.43194057930245,73.33236308515019
71.37104176820739,65.802862853071
81.26333816256232,84.1927131750941
83.70984265288027,82.5136157323849
80.07420985087806,77.1370954352008
61.50042853299683,60.33153637884623
87.05304170275735,81.00533976907656
94.24298972229076,97.1387077416655
70.42508073089205,74.9424670634673
60.37891159017259,69.60271652722072
68.73416168729068,63.29941144462862
80.76796526227763,86.9588130982767
82.27750454682636,85.93490159503814
82.3182128369643,89.34254035976915
93.35662117663615,87.0410215971936
78.28554201606525,78.7566615302773
64.84415973315926,64.46793464668737
96.46297811387328,111.49758140914379
75.22474877775937,74.34482023077086
68.42022220561347,61.00825303550279
99.89258022066656,108.90739350325492
84.97845059282089,85.04344906288736
66.55704066613683,66.16738972337103
82.0167682154959,86.34214579362865
85.34719549550965,88.51800544375428
83.3059155581106,82.36269097702095
99.57053345248482,99.61546381492516
83.85623599226945,101.59487864682268
74.22121236118025,76.83453649391946
68.40840514464469,67.6893715337693
94.67711305939994,89.1162586479911
70.20237219500243,70.95696871976641
82.17518978433763,81.84965176635521
59.48037207479072,73.0306245396206
70.56590868583505,65.9583132343334
71.57699951489299,72.44244414050156
84.75377055146284,79.07255547633144
89.3894649554061,85.85303882903037
62.846048493245576,66.74840820481208
76.54128008733421,78.86164022170426
75.93635680211939,70.04627751510371
62.098648015551504,60.45564321775773
70.0878219943631,73.28809922893774
66.82380582578655,72.3426217695905
55.721775621151394,52.11635590268924
67.08222659111735,60.57224491122976
65.80027905237941,64.11153921773342
66.449138347118,62.933430924494914
72.45879171506641,60.50488792210986
85.2254972392971,73.92578426504724
79.15582063333926,82.8077722950564
85.65569019963489,75.26341672501319
90.21198011141747,92.42980040748492
74.71625304259939,72.73342842910988
89.19539221923682,90.05944460321751
71.05070102794748,69.58983150706831
73.83040274541344,66.98036818402083
89.03436435840761,96.25138049416208
95.89682696117849,100.08974859694008
71.23478473870105,63.52856588879624
77.34312953442283,84.36548177697325
77.42493773930023,77.79052461915798
80.69855100906479,79.33457942607676
83.00846697947266,78.48319134214043
80.9228270163625,86.40282707402224
96.09603543177592,98.9306887920356
70.68059835110539,63.55787542844789
82.70117273368717,86.66101749199656
71.57206025621578,79.42925110981315
68.80718509899913,69.34322231768941
68.56897356081498,75.24250547649063
90.91502017963718,91.19693386246827
90.69539781963353,97.7402949727915
80.80865780878503,87.5168010988487
74.90260560239652,72.65467425455665
73.02802558808453,86.05088590925938
60.65652729592401,62.32231438125695
81.79222713144573,92.75340335467706
69.86421435080014,69.54899935904272
63.85449015949984,64.45974214767583
60.313751500606166,62.92307240592411
82.91069040026827,86.93925296918928
49.00612615699402,63.80843188572556
66.62250296823517,84.13802127892293
88.15758920822371,78.53682599313174
82.56914945483761,82.49332269879355
73.35633908367005,69.13873969694005
92.93278071155893,86.79779409724785
70.72250825953435,67.13496555965436
63.295035549043625,72.6797273718637
80.56130113153756,73.7777273369375
96.52435888571624,92.0463453209432
102.4955621284363,109.76509612452108
65.3858131557937,56.652843400389706
82.48374826357593,84.39937339689044
74.91925641356379,71.25736366748845
78.85503443066234,78.07355785482264
54.5939355749926,56.592137018632805
59.084801858116506,65.25626072363416
87.02282467897335,88.36609137533034
84.81450221420441,86.17792789670696
74.61540085035683,70.1020760667333
68.41658302695022,70.21404594005995
70.43940002915497,75.9551019097531
69.99159415211608,64.07846035846345
48.125820382416386,51.15073482401625
89.79401602851674,92.91756966115331
67.33157509562452,73.55100970245826
89.10888491736489,78.63330121683896
83.69027944556676,86.01987334247126
54.568231206643425,49.60719095874251
92.37504620449876,86.84808084465992
58.148007656236274,56.201116398146205
93.54044667006082,79.35822860318913
86.0297117417138,86.06840155372167
68.12776020155422,66.84606776556492
74.80259049748628,67.64380951468746
80.7289221204688,83.10470257926093
89.93343851140331,89.46472813731674
85.5944401839336,87.13220779200883
83.11128048688165,82.28645825481867
89.10410650859167,85.01380059339387
82.83719793422581,82.4648712153289
103.05830966193616,118.5343605152561
90.42995124213115,88.64441729722446
65.74005028425657,69.85463872087902
65.97110355968285,77.3454370058046
53.06782939183562,54.06274205802336
72.43590656397173,86.4300429473115
88.46540632515713,83.67602056291281
88.19153115465372,82.90956555074993
45.32018082281104,34.15169747241189
82.44685090996303,85.14812938864823
78.34282803108928,80.67634240391116
65.46317369819924,62.68212178296439
78.0249775955304,72.10574389194608
91.26984145361239,82.52507205545211
64.35894575273234,51.62948748370276
92.12661213289275,85.13616938795228
90.43966331257484,90.99371385074502
78.02348116549359,79.41021942821398
62.53654897946977,59.610119745682155
76.22484069273563,77.29846312903531
61.28449149163146,67.27873027275285
98.9563940596108,104.67358781304776
88.73769830437305,77.60081401652214
65.33956733903047,62.09563435443064
92.42853345855958,87.5073141600369
51.45875709631436,60.71403804464198
61.765308773382515,63.2860788457959
82.57569616651143,77.74005545386736
80.4507210355768,83.91516589651799
86.44405482252358,87.46559670647068
85.8081017182746,81.9543922796769
70.51619109908468,69.91447525716806
84.85558640772257,83.89673192833486
91.52835657388422,95.49036286266836
66.70581238759078,73.98519858435779
74.99823469960985,71.00150945881923
90.92186846402795,98.75471429930577
59.85253323787907,59.78809683889711
72.05445323174489,68.02837972971946
86.99712609696294,90.94744831291942
88.13273135406217,86.15682123546429
84.91242288531177,79.86382278846443
52.585818395087124,57.80638930760515
69.56532573638455,62.74504197623362
53.33620653457239,53.374863338222674
75.19107018718111,67.84654508810081
80.83338675350107,73.59915958382626
68.76308786808933,73.5271119450424
84.51119438744112,90.64730225309076
76.32100734595392,75.29475598908834
65.88848430860212,64.18208353522053
77.92433102075816,68.20115526910652
72.98714291166368,79.23025159920623
71.77194484134742,79.11489741680872
74.75020771761241,69.75377747882212
72.44680613868204,76.07221278565999
87.81011600376658,90.89202931951738
98.47589071768031,103.76673855315052
51.85121016314917,51.68924860747376
71.71088143007756,81.13841104513175
65.65799185549938,71.16980185479687
70.00493265817227,66.59045646236648
75.01827971977931,70.92696001644516
86.22784675034457,91.99393590934805
63.95078505983587,67.83314054779967
90.53147807414754,93.2937119079307
71.63715933532809,69.36159166179434
87.33377209413361,81.24059593953417
68.13026932119732,69.77988632095717
74.69111553122094,77.60959036835503
69.4163995089391,69.67535203866473
83.8026895702286,83.49806836736246
72.69069837089953,67.36982345533669
70.71960227765078,71.47076329495215
94.44988601483942,94.5128838530909
90.60018308839041,82.74158157962549
100.4316363818707,110.56041291162029
79.18085850029414,75.86834675412189
75.07173414596336,72.40016248165821
73.10459864731706,74.12692385769654
65.29871341878524,68.38408253740201
90.23374246737899,84.13902052880407
89.63183936837619,95.29559561274408
66.46024196177514,65.22786634217718
88.71333045487157,88.92063628366834
88.30539515954888,91.45984876963095
67.86453816930224,65.11851976751319
77.21901323231806,65.34083436105482
57.29682232659375,55.67626084082261
85.94272457064979,92.30906752369988
83.85494289798751,93.28064387081326
66.55809516042783,71.79933965575357
95.7464208892913,96.2557349345979
76.42241410851202,79.1970302171976
90.59451683485084,87.26530022124459
64.01943322316815,58.73870563138496
87.47866069421133,97.61902795010155
75.39403098519448,67.85152679077925
88.54484320084629,80.71799471782928
67.01829565319012,69.55768720498439
66.45841049139338,61.840723531882716
89.26907735415323,89.24072990858328
95.89263031458853,89.1197315257296
63.65068810167374,68.40710275241487
93.8793650163035,112.92115594800688
97.6045323475946,103.73783492048507
71.21964356200377,65.07612702981118
65.77922279301129,64.28914404048113
86.65895558864806,85.72841101605772
99.22590746979263,108.37583809168007
94.60197086766799,94.59077833789934
72.58829616638454,68.15498059204646
74.26260505629566,76.4349634012193
55.54635033588121,60.599083857045066
67.09921477772356,76.11273176387984
79.90134416041754,76.48546919538514
93.6048494522548,93.76750638622752
94.6326298879659,103.3262772533558
75.88350418628507,74.32732412406685
64.3022743662683,63.75703397664388
74.30963251636652,78.23705383528502
70.62129551540303,73.58022568073257
68.35597579985296,76.19736677373595
96.25754769406618,103.41569106583532
67.24545247998931,65.87093535143516
93.9959188078689,87.78789967497323
83.60626422133494,83.66220663856369
91.09235317478218,82.17081519621244
70.30112487063307,70.38120988293197
65.76721338447051,67.32990530165257
59.016020183216824,54.01625095156947
78.60599105919526,76.11821453159035
61.9888593333857,69.47933125408701
77.77763263208305,79.5314662111948
88.92807964167467,76.7448337959309
70.46591494499098,64.50063119277421
59.43799082729297,60.29453890508114
79.66805795446801,76.6645753494934
58.83504952488559,54.38578212865586
66.79141379529698,67.93895147962843
73.92450451904136,73.28272004041094
70.99756134087757,65.48849430623021
72.15422246662888,71.00170915586109
74.6356870329293,69.17975039537367
96.31138431289509,104.60033610785592
63.22935463811222,62.88443061118191
68.3760499127825,64.63342536322806
88.11493571387425,85.25649143569711
71.32931755588551,74.47893293556369
71.01826195624932,72.30023158451469
91.0555939593087,93.12179895860558
89.20536919937429,91.93745059040545
79.16769560112391,82.72050920588957
78.58874127059791,80.69005963399894
69.73792230093781,68.62794744019419
79.94307502744078,70.74270775254138
94.11881381445087,94.15191655097458
66.41448575244671,66.81914856585047
87.62811672128355,81.74456786000204
100.1775689870314,96.66514068407872
95.22930084106484,99.72072201076826
63.529504944013595,66.19673656498583
83.85515903295058,79.71417824096305
96.49260606821477,89.63797543534328
78.6984292064607,78.74489728170221
101.11169280765013,100.6698947347042
40.63124643136402,47.410698202426545
74.07154803107274,71.1281292871735
73.14125725792285,65.98912069717682
63.721345185254435,60.306385410736596
67.81892904789265,65.53337102079894
81.79123225488789,78.4280806893228
68.26220002904294,68.63277412009397
57.174690369812126,57.830974620041104
42.00397342564812,48.574710993376584
90.56358530973543,96.75585425152326
69.96177521843887,70.25818877033007
86.01390685518417,87.14123220823953
82.90861327802605,89.87194988653667
79.63989237447676,76.13871198074506
73.92648121824222,79.14082019517807
83.8741920899221,86.8243408662595
67.32372421763137,69.22428802586599
74.01341311205672,78.5785865692663
74.66772720823128,72.61301740735735
75.36384376159137,74.9635897182743
78.02794879249394,81.66957969498823
95.16636359814983,101.34024256645945
87.44137338630806,85.34809307438881
70.54855525765863,74.05050097822313
66.7702092538036,78.0406482986954
60.96667798879965,67.5200469815391
70.52976264714177,71.14803851599922
79.77439979809068,85.65661280099835
87.32546370169901,84.83766684306876
79.15595059127725,76.70754466859886
71.11944272108902,65.00665016232844
59.47334246615508,58.54759589673758
93.62303519793986,95.24553086244711
86.24495847459133,89.3565454973546
56.785917443337055,57.70916634180254
86.97817128102938,83.5898525168187
99.8025702500995,114.27810184719148
65.66417957968088,66.8089350448182
83.450231981983,82.94816955790384
71.47788212673908,70.72910008805661
83.4726339815583,76.56346950651772
61.68525509990111,65.9138378899457
59.949031227769936,60.557624824121135
72.61472204817777,80.95859728259461
83.11148321288543,83.7979879013785
76.6976088950468,88.70206931482808
76.9533813408166,82.79208818252725
96.27994692505757,100.09037277750927
71.02875088845629,72.80870721734412
53.5858182144164,49.22004435302116
74.37179995811844,75.79211423859113
88.6865256009592,88.24996551746013
99.55151184431865,91.08203962699291
58.40991566287699,60.29908886371441
87.85153985911876,93.1462455063906
68.06032774260147,70.54584641613594
75.5344934059717,74.36056326381396
66.00942301049365,63.0127708211052
70.59563240197728,71.72292393214212
83.92347947320008,80.79393038468167
75.9093148517214,72.38234064891691
68.93484731336633,67.26695752766035
95.80815488086918,95.03837696831657
76.89562620308713,71.67614689397269
67.10627539988546,71.87950820219373
91.30634255913901,81.40536998082167
87.74486846044083,81.21289810581844
88.12061347714834,80.06095595638178
95.75119192079849,99.12980266416436
82.56350885513679,86.70689535849449
87.1564839126855,79.4998820003335
94.3659826308216,96.73918110395216
64.61550269237942,65.47826949199276
82.6024755940842,83.90421748246474
80.80553305825818,81.19670992842474
85.00874840076716,81.00383846097235
71.66621479815626,69.13412787803013
75.50003346240865,71.32614097553613
86.63746627548686,80.5769659031213
89.15318245962673,81.05951688900785
89.18719198156973,88.41854950159743
77.51607557075,66.52424999272762
90.68277227500198,84.2392518015912
50.57463634164061,48.966819540663344
95.74690264139198,88.60591067927852
83.54096575137828,81.18719266782615
93.22319005354105,87.97696467407941
70.34681832552013,80.57431791717306
94.28786189899843,96.96212775224024
87.51273162255168,89.10361592038804
90.07812669817547,83.54099178035054
73.63946841330804,74.24757297375065
76.34316005771703,75.3811325993027
61.338694079036024,64.31418589130327
71.00887052632248,69.7000781624031
61.02565067040504,62.626785935841106
71.34155342492325,65.0347776328222
88.90002403573307,92.47509922895904
58.54697563401753,49.576244018730286
57.55604243447179,62.25066062809891
74.1912526462431,68.26814187239594
90.62279518258276,90.41159117466445
80.36423656653507,79.86002862718442
86.99066109219194,87.66361993099324
94.2096743634865,95.23729364331669
62.80886933129233,58.03183938515519
66.33941133031784,65.13628300463677
55.03985347301227,54.891208324602545
77.31521441285159,78.42795397693946
66.01438033317397,60.26245311998979
83.38609932790234,86.84957127794804
85.10452421867393,77.12708612647089
93.23185734982596,90.78789784382643
90.79254973765322,87.12230379742489
83.51464123331436,84.27631259648625
77.00199518674131,80.34049661838438
76.02692404943355,74.39196874584295
77.34853609004675,83.42184344063863
74.2456401256817,70.85789489075185
60.73180618984161,63.8475441932556
83.94501540124011,75.93852748677898
93.28496694761803,92.617502876387
74.90777229115824,72.04037068350947
95.14370739855595,104.33522118633361
100.87163426475905,103.85254427289777
65.61455386320857,66.87874960257241
57.48390778325097,47.41073988929002
79.96924906574402,78.83160921995244
76.98402859540344,72.84280443910414
54.2624892476263,56.93042433560269
78.23152709622516,82.89017465410204
78.39493520418755,84.92137449476431
65.4463312748815,68.08567167332501
67.91527066210205,66.77472444101545
63.323961311018756,72.86946103222223
77.78733977714677,78.63157377887741
83.53658346652078,77.44141552824452
61.80881840953603,62.27307504892953
93.4882945756509,98.1626378957024
81.09152910006038,73.37934828192198
93.44932200411435,101.10176142312113
87.4606379009684,86.00939089595613
66.58659282997354,66.29030626225409
86.14458400292432,97.36572820655785
85.4193406971564,84.18923671142795
72.52747763669753,68.51553864622412
82.79263227917912,80.23277194775517
89.43297167061422,84.56342795139692
77.25489476534607,83.16988363191462
63.83317266168247,63.57876368301193
89.60277455437524,80.38910272491837
60.868965974138156,62.71306217420991
55.7383842009156,59.05923820189976
68.47826772065586,68.61246374533603
56.656601220414245,47.59209965559975
95.28512187257316,92.55347762384984
69.02829281650205,64.80474922652127
75.69289058685975,72.86225461281686
75.75280376071406,86.87244774506416
56.37130669934631,68.42103459944511
82.72010464794285,78.80124154259344
93.99627228569233,81.50167803430735
80.64474002067533,87.8216681786526
73.35352376149035,78.11418493592981
62.46971018172005,68.0957711688525
83.62202617309825,82.36969775615236
78.70333209657743,78.9672861666638
67.07020743859776,66.64305618256596
90.29443016851175,82.26401072831518
82.59643733247168,73.57199527413192
70.99721261788609,64.162925227881
79.61897477990833,67.72569995178178
71.54742324065222,75.92307533428777
73.6130609243399,78.97255328535496
76.53168506226088,80.04319016350382
75.71645065900137,76.07689266027599
68.44905299539465,74.06872172551121
84.54087954381595,79.46757724713171
79.08113305493164,74.87051760561435
60.01821126976202,48.45873955710816
92.5706831955062,89.3942216966904
88.5008537036019,84.50445655915023
79.21263763369109,90.19732051186386
80.2928483090864,81.27998892834988
65.93498970459947,69.1269008097067
52.096416910785436,43.719865594262515
58.78057810676074,66.77823193305599
59.59656049277195,63.16496824174497
66.58849753068537,62.21521056610453
77.71100954318146,81.13158875026367
64.19949109493744,59.80325913863532
52.026232273495694,42.45225246209898
62.28565228444476,60.03003435163175
52.96252225374317,52.635537489267975
91.03835113988437,96.13146460637572
82.21349937302801,79.52851287359057
81.8064203034608,84.07604659884633
58.48911467173867,54.51446193422401
77.70840035990454,81.42293088744056
63.230612921261745,54.150756397677725
80.77304447738983,77.7938289221974
73.90745772722417,66.0017612154718
93.8622597680836,95.92188095912375
67.37765684552376,67.34937572785566
68.20500718902758,61.386141004351046
72.2111777713448,73.63678596985227
85.00578997949177,82.59478515259298
75.20179959858706,73.94490565307183
58.86805856163409,54.13534969050073
99.04671288511385,97.37590095743157
81.77221167599015,80.97374636508906
56.78206632705925,53.61496750616056
93.09842534982413,98.10418572527107
78.39816983468775,75.25414565121261
70.44211122428511,63.88434013393986
95.35235295181835,103.07257655407763
82.88399524147279,83.6813364438686
85.1770786984179,84.06874229544275
76.23254584980738,74.00087199651782
75.62746249892541,72.20669927311891
81.87711289115168,77.31871024645048
66.43609230971789,65.60753528668843
55.51344161603893,53.997803315693304
96.81334936397408,96.069127964883
47.75326062577151,50.02353126700853
82.61255889165116,80.27930695285716
92.94082107888603,91.5134599796555
69.75343469309016,73.5791505780139
67.170017117733,72.35128114909965
77.45762284709045,86.6633101621454
78.23770595116646,83.43102681383436
62.81167371775955,56.75406399696612
53.13250581221344,52.00844429660867
81.81823926446812,89.05301339426933
64.6550134480887,63.577676106482514
82.56899778142501,76.57891867712806
58.99693829289771,61.61762844903429
94.06838243099607,95.61081674753078
87.30464968100263,86.57631152561709
48.19466249171726,46.49314442500434
81.26957373558079,82.8599370671275
94.78168072959245,99.24830000908533
62.202885342692134,65.0887663681675
63.94745169036465,57.66577598138433
89.5699423706038,88.06007809173246
86.36530049388553,85.92772879802712
81.58299522812253,80.16436365629936
71.55215735412149,69.23746468672002
79.66434338811513,81.23041559249143
72.64306600077751,76.67946129399027
68.41665750012754,68.03608800430848
77.90409851858148,80.13385628244541
78.40573790012014,79.99118368611605
73.42350485783754,73.14350318736415
75.16975391645076,72.62137721315081
73.91656787800387,84.03350502488497
79.64042329375982,78.89069830972105
87.27307627508861,81.30128730183048
88.86259715751117,96.87303474278539
71.6391409438001,66.77168196231816
95.56562591055955,96.79246778505211
81.54520184558427,81.52859591671813
83.62339244167751,85.1609496652649
54.87158067235704,61.993834548690074
66.32513664281235,61.75135935366477
66.38042703472772,70.55181243160959
63.81080968082266,52.76401373829442
85.97258901616834,90.03998057674522
70.78279040374495,74.83180912918638
62.48320278315707,59.17803432993998
87.77737369420738,84.90419809410366
66.1214462903792,60.94048131773578
72.19777912505707,71.64986598654563
56.398497920921365,61.18846190325321
72.19728455191908,65.21753625479299
70.60026969132315,71.75470079715271
63.50183323308945,67.64678211765715
79.44067996930859,88.35833492928377
73.45722634381234,70.37405678484323
78.14237650753759,76.56408935153107
59.54910852648934,57.34826548561149
94.35182245831504,96.619419695332
84.03841509564451,87.63301979492726
92.29019566303232,82.59056422690816
90.25089975295992,93.76334722946528
78.80250519190777,76.49223002390518
86.60563142529323,83.43864384657267
82.93054916360416,77.0091423642885
75.00385619887437,76.87984048128887
88.02652051148331,88.68877048721423
55.245730361749594,59.192565182009474
64.47279385055054,67.3831005500331
66.60944529008663,64.23491680282953
65.86766539688801,63.53120535462952
65.6550527741018,57.78931896180315
77.61916815708021,70.32289149575011
52.24909333707256,56.68293246249196
61.489895422225345,62.28636031712204
72.57930202247377,66.63926456047551
67.46845754216181,71.04366444854696
66.70763044554268,61.12935362372239
73.13563453214776,73.06154426056466
67.34789301243136,64.89623676885695
91.04854126334467,82.29485235932296
88.50203194212597,86.24037139223033
52.10612129553513,43.444621321047016
85.87121058833478,90.70997888646029
94.01396240410988,93.3359190672421
77.75997574622365,80.30589870884411
80.85969582548921,71.11281301403204
60.996423731346034,64.50545947815755
80.28641446216314,77.9431610541535
78.36936254209927,81.570916039727
60.94412124501459,64.06322939110207
80.4961923622663,79.1992553434933
92.27177868159913,95.15595057634197
71.98228004095972,68.36266101371629
47.842135611294275,46.78606450323129
77.1965597017933,79.3146297372113
51.13798662144247,47.93839869195865
70.16110263534682,66.12647373848847
80.32993156704993,76.54372599708793
77.43839151798619,77.60563973130118
88.41572128397746,90.65787625453164
78.22155352139944,77.48623873316646
94.47224547294886,96.64604263237254
55.21270141752911,61.41664400385532
82.35059838434933,73.62660533964888
86.79794789974828,90.78912366533046
84.85806874285599,81.70013542513972
86.20856048823386,76.62194496494418
65.32351900972813,62.6472539585181
55.67491757894668,51.22683376343097
74.4247218987421,78.95699260496949
67.08373639460065,75.3407196022126
58.823607383843935,57.14655228038001
82.31467551500657,93.09507072844977
100.08668017434312,90.50754850138759
71.53964968150426,83.95696548394866
94.29014245933183,106.61793299180171
89.40553013715117,90.05809831435349
70.00497048707835,66.70615471585756
77.36329191692198,72.33148224715663
75.1609134131997,79.4673585381598
77.30016674581557,83.59043175329913
72.47140561708399,77.45838135604333
88.07821368032576,95.95587189793959
54.62498515092923,55.98648877536867
67.20795692431376,56.641568508987895
46.71275475517139,40.317455469229564
68.03046343869708,76.27572712395354
66.03922935050736,63.66595557476544
64.54223591024495,63.613763095194464
72.13940172260892,70.16185364617542
68.50777280264745,70.57053472306215
72.64916931399938,81.68258907225614
94.93135534638418,98.54285485489177
81.68900498611985,67.95090087427617
95.02754799044737,104.74160342333852
96.72314877819659,102.30417056515303
94.21756079816566,87.96033600369111
66.02638784804522,68.37477264441995
66.55785798744446,74.83792312583822
92.8838427999349,97.76555689384217
69.12432006969397,60.9499503903104
78.30761273553655,75.60100083450864
77.21391147470554,75.68229027516828
66.5929435562272,77.4316957271477
73.99274572778575,84.51416984912139
92.4841787416436,93.7076046182229
75.43376320629454,74.9767734623504
50.9824431888808,54.54793658073322
73.18368997638314,72.32120439516737
82.25498331799872,82.35077587940701
74.80894459459948,71.98734587181436
75.87453762000754,78.88859822865301
97.30477663323946,90.45003567331989
70.41207444099868,71.8312343081044
61.96579970857238,67.85036952603265
61.197938553511094,61.22059335934191
80.35286686577783,75.56183884573746
69.40618247129088,69.6119812900015
83.56288426633733,81.54136197344818
86.94928488132099,76.91626693721385
84.40248959384674,85.03129603872658
66.23059017491062,62.07671051330979
89.04954358705915,80.28901994485257
70.6917283693083,63.552301742759575
85.53167612315274,90.97956156576015
95.78900246060891,100.32610136409433
90.1222399080676,71.27704615068977
61.00678646909575,60.489320345282366
70.76707838015423,72.87047854722954
63.26946136401593,69.60326552940455
75.71840111201473,75.47935993195826
69.57595475511752,68.3950585058168
85.83686300506096,88.62206818795914
54.46965328634677,52.54756923886925
82.05139420177272,75.23100335817463
89.69592086943359,93.36580634609786
70.88331054614274,69.52933949766971
69.53844481098716,61.300181236671776
58.24982718833493,49.960206125813485
72.49968395926929,75.85814390378899
89.19673299717151,92.20971168667364
95.31603237736464,94.94686276037501
67.95505295780791,69.2558879217857
99.4903026809479,100.14776637029456
79.50785451841797,74.28183412637048
70.52202409986734,70.15659914508898
82.53210557859741,93.71605827963448
58.823695501085375,63.197825858396705
88.74965849880742,84.50008558058616
58.633602404844126,69.84008761396754
75.92021565617434,83.9704096197498
72.26883822121235,75.15736117972284
84.44806567704426,85.7059545628779
67.80784160072093,78.20208329342692
59.3685937200907,63.970233098771196
54.11266023474506,55.6045227581863
72.97837929649263,70.39233607929587
69.21636789433636,69.40850039411211
71.49735467150812,58.531748732361805
93.80716028605346,84.91062153282259
84.71863017244925,87.63938696678211
79.19642846066196,83.95809790613004
83.401199382199,81.10668827412333
89.98180409162724,85.57596149338362
94.46165707143486,97.70307927950373
75.07593230889819,66.47327831498619
93.68375761115584,88.76523685486492
90.14284146981544,84.92015363975263
89.16530473792636,86.6220186640964
66.30627627090553,69.82115514288333
68.81706556915024,75.3436772314366
79.31360861953172,77.57545316845616
98.9979106656267,97.2140040033333
70.19802796679267,68.96399375451512
48.00629496043255,47.160134144732574
68.99708478007899,64.6968725134299
84.38962859238657,79.31326364666415
69.49271681925077,74.50096593624296
80.29439123630911,82.17354548679877
85.9969472309651,85.09977530027203
98.22432609726344,94.6681583303313
89.54557212275154,92.38519859849093
76.95928071701921,78.14793606728324
54.610240742277654,57.6988299028705
71.94671004656266,75.35419182988309
84.43382711108026,72.95790414969976
91.21415360478093,92.52628826511435
95.06972323922956,89.35963531505499
66.22912095066182,73.41979241038925
72.66451201272695,79.539575373404
50.41065605297793,56.19512532260726
80.3830280062359,82.78175694610817
79.63327272877417,76.08051388147527
81.8459059994534,84.50214577507302
64.53790943842223,72.28815836322887
81.65461760124688,81.55555265111173
89.48267170531278,90.43753249861818
80.81127275871539,77.60479053252817
90.7082092310648,81.17795194534499
52.35702001462616,63.151784095306475
94.92462834823925,90.2697750895431
76.75354056297563,74.7174547171612
101.55283509984608,98.81695475650916
71.96468350495559,70.82550642047171
72.0738077738685,71.13010694890892
94.16175800301868,81.82899085876144
83.01599544086434,81.31354763983619
92.75160033421041,98.04172840027779
67.86678958490943,68.70291796784157
92.58035316122698,91.5353691519206
84.63313631311571,86.89392019111897
47.24265087072836,48.95822412678877
78.74129445334361,79.97131641007181
63.479630980307434,61.02688951005558
76.13310781570753,73.49881076691794
76.750528293981,68.02524510139828
82.65607400764033,83.84630247191691
93.55784550012889,99.4995239824946
75.04698329559973,77.74750009344905
47.75887923332087,46.00392013916132
71.14460690983736,70.9226519851716
56.29338412238657,60.01441036364573
78.79612211331548,73.51653002759492
57.930474430499395,54.913969644736696
69.77195213984076,77.17504335996117
86.43801828442804,91.4866072575455
88.25297854301539,81.7159863858184
71.4856994446801,74.01088112279419
83.18342757918981,94.30903216493162
74.37603727256997,79.28076252886234
72.92133009009453,66.34016973076196
67.1125001013191,58.02782725383075
87.91327297733879,95.5251130688103
73.89025931645482,66.75065046208657
64.53920293420829,64.54448224583349
99.34682831055603,97.44045558862993
85.25492772394291,94.19072315702269
63.33117352221061,54.608973669619765
103.51926505908929,122.58963942608891
83.1919117965735,88.11364954928136
96.08644001466614,93.64851335360235
61.93692178483125,63.15320684218762
84.10663953414485,72.78632626903558
80.0277427003424,86.77918907941627
95.59358868156895,96.52895119650545
71.0302318464063,64.22555478547362
75.80930985855257,63.80874592926923
60.98546984202373,69.56540325773983
65.17887494083098,66.59284761657781
64.66877595869258,63.0110856993885
87.53640507966263,83.74728453192678
89.54219766294607,82.6340179512151
66.75798232704493,65.41548203781115
76.54023495602186,87.25553656409618
52.0512623073123,42.79806004308472
73.30987324708286,69.31388870316115
65.28439752605335,76.96331524441098
100.90543507330032,108.61181988576246
64.79952411037637,63.2722228193583
75.48219319150029,70.30582850072518
70.97531000426899,68.17359578903132
59.72479223037589,67.70854325434394
76.36765070364807,74.16048749169607
73.88198960882198,87.00677616805561
98.48069365172644,104.50053342280582
90.18077492493784,89.56316652137306
71.40339853046046,75.4850425081048
79.10433995504229,69.8688961843952
88.0928239401004,78.20969455717088
76.90613711517823,71.82590484714044
87.14503362497274,79.5097297141097
69.06141748788002,68.76062266381805
83.99024976378657,84.39506773122345
88.74244176794012,83.47252051080878
65.5009459154759,71.82314862213106
87.36256099590094,93.02035346449426
57.287583177579684,51.022513374079836
67.99469012659502,63.09768543529824
67.99047159389804,71.85749775674523
61.47316509219964,64.43321184437617
81.84280215163392,77.42684008249141
63.72673638438199,63.02838896352077
79.22358343040139,76.04655078039748
91.55271263487298,86.58647640990002
74.4299255589242,81.41076639196093
65.06340345019801,64.01905903624986
66.0666360283515,61.5809151074984
78.71050089620721,76.61114955752748
69.51021952023449,75.52004136001639
75.71469866978846,80.99034432001189
72.6608106826245,73.57896339445213
89.94943201256329,85.12460712352198
81.79014234680183,84.95135176338476
71.45328154922717,67.11906069861041
85.3897427077538,81.6950732721755
58.33622022295234,65.28096290664443
89.42550781444417,97.41135406286767
97.13049981898298,95.76443132728646
74.11749262909461,79.82780216957934
65.99323789327707,58.957805119126206
71.30511783560759,75.71010397400362
73.72830975558168,79.8795121987459
90.96415570754387,94.33900437151567
56.01115533599345,51.92200390990987
79.96327999868431,78.97933830426774
87.21712807380896,95.60397679072992
49.971204522993034,55.674750113832296
92.36226182979563,94.35469780965664
75.15084645673795,77.16920759802177
69.54893155009806,73.46710032096829
62.81197422891562,69.18954538385648
68.71097944691395,74.18597568687858
73.10629360781773,64.8797418739575
75.21636465540135,73.34062732676576
75.99902923102182,72.8017832115607
69.19302956375022,78.40548028060282
98.74345472166075,103.5537333675024
98.73518020072375,105.77473181518185
92.79849343034527,91.60433447033432
83.53421996367791,81.24991745257519
91.83631042045903,89.29252702355588
75.55258337857161,75.95415998350344
78.6800233005831,72.23306849966005
86.80233936921066,85.70568793415364
67.84192388867321,77.29337205520581
75.38403775650917,70.40651196205937
60.53576514585446,60.01247552052791
63.84076016285695,56.41694797960337
69.53091012651811,71.36721827611976
91.25157567458187,89.75579202212336
67.42356334641201,66.78638527352655
69.66005810214412,76.22507477808695
65.76794392030232,63.4349059204441
90.80638246961348,81.28896921062385
79.03726241577395,71.8435651387435
74.85127930080286,78.94820396283512
64.11034529417559,61.01447986461467
70.72398290217205,73.83706489186768
82.00161977044591,77.14891417499581
73.82163527698594,67.69074758253053
60.73360952929688,62.95273928694631
75.85658929176994,63.22614349021334
79.70226229237569,80.94139646867728
81.73502873152023,81.51546166402898
72.14425909937944,72.51749920823829
67.66185530348528,73.53478943634742
88.84657164791042,96.89860335187883
86.03970245364025,77.54978438580198
68.71549476107069,76.27543634664929
90.94295496950406,97.13184624344385
50.20797795165057,63.11246406468982
66.2885975550965,70.68937324911542
95.8020111758082,90.60514605972587
62.37939505812777,69.65865214734944
49.615697681599606,50.453386053090796
67.20814754285718,66.96049414759243
71.45658789694009,75.95675941779717
64.23527991887126,57.29432550742819
74.41693789559154,71.03903305201554
62.942780970206464,60.79447020975059
57.90468860112431,52.747155287866875
99.65224325445435,111.57484769720625
57.67172248544756,65.13695134487804
78.34960591531356,70.91479118431276
75.03155586390682,73.77675043353521
65.92307920869294,66.7789300297836
78.84130119549047,76.06680969124156
96.00292794020613,105.86202408689604
97.43114684697733,98.7271273216692
71.49480692315296,78.200634564181
70.61214584782518,70.37074393338216
82.04161734627571,79.65551926664716
69.65007182567705,70.19898389276378
92.22898397589142,81.50909140723488
98.06153115740567,92.09528239803032
96.77197015251771,103.88625078990239
76.69329676337875,74.49055634510418
88.11602254596323,84.03713752461479
85.90817899416601,91.59364553517517
75.01492252080574,81.5938295387937
75.63174510669133,75.17519240155188
95.49778661724767,93.87714333075672
77.50918960480857,81.6206604900198
79.38599349795177,76.73467870131212
94.82365928211841,107.32344183189291
72.9206750197123,69.35799130889774
55.704863510738264,42.45382584370089
65.29363662116056,61.073970574501615
90.793650739376,86.56724373695998
73.99105895294275,71.3561489411702
75.21981684432144,69.7532092087518
80.8266383056489,84.46612476460733
77.68131512495941,84.37504857532389
89.54018148942457,87.06945586606001
85.08515175620059,89.4220883655942
74.86074211984133,71.5038802487123
68.216480520286,72.57102579908437
77.54811066513047,74.34172769719929
96.5079213930804,94.72474245411664
90.82192862260945,87.93152740069938
87.15336412702473,94.27297599088557
80.81702555544082,78.90088214507497
78.46472348265777,77.43599901490545
80.13895768374717,74.40487208051651
89.6379797378017,85.90984036170556
88.33066538753089,84.02998759233836
50.92558667933168,39.79010418488764
63.30388790260144,56.0106021512635
66.78520484142271,66.6782384176117
69.34120684586368,73.66899532444098
81.57493036755385,93.22178646269043
54.694017919812104,50.80908751078785
67.69047622507047,75.03915223191737
93.39079331268924,98.33406301369318
88.61990406404331,78.96586433114182
81.96186407876878,75.96499864011001
76.7277716205953,73.18476324626266
79.99434354678472,79.30770639591316
71.50208007296752,103.12099867026605
84.41651995754793,89.09800587506757
96.7933411996297,99.50605742798625
74.6898605837019,72.49853688108395
66.64609991518876,69.20808761054305
48.39174862554617,47.995996735986125
88.34895074927526,80.52759079530702
68.7052849282082,70.58325696869402
82.62307542984034,76.06316007694237
86.40129013885698,83.58383840728175
88.81283195193663,97.18563650010913
82.63891911048839,74.69735967537488
63.47592793932321,68.4293533101225
88.29427621133425,86.14110545183553
76.98939273638864,80.30233449006752
71.56197996687362,82.35695112547516
62.18082742590704,61.75704779179559
79.9968447691508,83.05935275443893
98.3381812501553,93.34633958065123
63.540808963527034,66.77488248526117
64.38486731776905,70.06424743288596
58.85869919004843,58.69804127693203
82.65617159453403,77.7023982113512
89.69561225437913,87.45660965376584
81.2528190133042,90.13299865027156
92.61912209901965,103.413327067162
66.4464881697854,65.25154154530406
88.30897323205913,87.01219139353941
75.4523478537205,76.66591906876525
96.63052586963384,96.5319950763487
65.02087408338872,63.70378911480975
80.19431604254707,78.49881898050955
77.56581276484927,83.59707506477896
95.51827348354998,97.75209045542583
57.667177216313085,47.96619557598371
73.23526950972345,69.7120391695204
84.30848882335788,78.37394459158996
74.21943502159941,76.98728233654754
68.29075449538779,65.94379793595556
97.69737910647616,96.97336625467231
81.84266275128707,82.98383684446797
74.11932528161806,80.72700058188363
49.017580946252856,55.62817733979939
85.48759311638361,81.70547145800347
73.0166221288965,77.32311571033631
92.41836161920585,92.19711997856778
65.61684961196276,65.27873061375402
52.46766351054333,65.16696366448568
67.30605755643953,63.39831575567519
70.31517884539802,68.01978531926656
71.007764396157,63.4675533334374
68.97980693208153,69.87557518538438
93.71803117698741,102.39439547952003
91.57462027848938,91.86991952973835
52.176194287152434,54.544165575108444
89.00700104460472,100.53376570842025
66.28345766237088,61.89078499316031
83.09365110446969,83.49836350796242
97.2308933997632,109.37532729269758
75.0928707185202,76.79035629797828
72.06307201768486,70.14280847941865
71.17325652270969,70.64386022154434
92.11406959208821,83.93049223530046
59.35175899922055,59.13658267846483
85.97447234553799,87.36971191043239
72.03060374924284,72.75662196734686
68.09760562389528,69.7770291681437
73.26206967206423,77.27739635041685
73.17550803974898,66.10120533983111
80.59455720127691,75.02658138307467
64.82171348348987,68.51458739748156
72.16247058369191,66.38279012180064
68.79156086279573,68.74011890685509
89.52242619074265,83.99004978083164
64.5671154146283,68.95470159773433
85.2321342991257,84.92662570084133
75.24272528740894,68.81119135146771
85.0348220546234,79.79776225087974
64.27980506093618,66.80362764304842
76.97435784668612,73.49928265977013
60.78184218871161,62.133008665684386
76.97440639944679,83.23945791226623
85.1175132273013,82.363405751527
63.566837974160165,56.55183468815159
88.43527179514335,77.14752179563799
84.73691837735326,93.69683760808459
62.303242214552064,69.20766469216372
84.90872122871987,91.55550030534451
60.20320457651587,64.0077091416347
69.58374843279266,64.01818544944683
85.33027063215349,88.58327428936228
53.23637082225859,50.821501068462595
91.93592557594113,95.47389624320817
97.47325932901046,98.22610473497852
79.16408812578888,72.82331150827143
75.59576712002722,80.69349244003183
63.84546942977182,62.37646239817841
90.15199452185614,87.05398663071546
70.29984802352858,69.47979146202552
84.40777114422801,84.24743792981408
75.40881843295979,80.6138539220743
88.23080324751508,91.6981036959367
62.73112974262127,64.68561301489979
74.01050849930982,77.81087730155956
74.6361793888857,78.70397646921487
64.67702411108085,66.02542098094409
78.65829824724412,84.73416067507068
90.9324966807555,94.34020965173488
67.4414119826528,69.20094623136295
76.18475124419648,84.12322862180393
70.79921225804938,64.9981767368193
93.30935015727952,91.07900248695961
87.65394583776985,90.25691181889577
66.61479682005671,67.18858774294266
65.72331704026857,69.83613471373242
67.27141673111419,58.71336464485459
92.84615561139394,95.11951841209068
46.031008991655966,58.02842693010164
55.411416089152205,52.955638700672814
82.53659977753716,76.66858955425764
78.81273849743125,82.87233397074095
73.8163882499661,76.05292422387262
86.06197770929319,85.37965768519487
99.73400361831557,103.66573430326393
100.1517618352313,109.88961117616714
85.83830644183493,83.60071556969415
100.19760365659953,104.00534213218462
60.926838386985054,67.03136204283902
81.24523344715121,76.18354250543554
82.94107403862463,77.1987432168878
88.39198031406255,85.24388137851209
87.47949387647833,81.2555335574352
73.2352336402088,67.91970749897814
95.09344127724556,91.40524502433284
98.28180914182315,95.66937502606774
61.029026407522,55.717464532033404
78.39426691133116,82.98412531943076
67.23651727285262,61.476034908657965
88.89224456681659,85.67813056302536
63.44651931806566,63.169578777199746
88.30840747576843,94.3664497693404
75.05607068264068,80.44901023985733
100.12980985566935,98.25966297031434
80.09666509797395,84.66751675269633
84.58688955250607,94.16380697587114
74.67583922045273,78.26215872025449
78.51603352577972,86.01834215991757
75.17430517226451,83.08227470579898
80.97204778454622,65.54093815890306
65.89163272686824,58.29294059196691
69.49006403327968,71.11756594298697
56.797188773438045,61.96895646159453
68.48516924387933,70.19351158529616
81.50016009315148,86.55949850457549
70.32301556140035,72.1687845389596
75.07236154771971,74.98033305882726
81.97776187274842,78.42170743019791
90.25298665794188,90.32932122293356
63.98803235641999,57.05003986825903
68.12832402815654,70.7868520912643
61.49368583704276,71.3994945320078
94.25053234733154,89.10930753925288
87.66925095365096,89.04710930882737
87.40994833500288,86.78153663168428
51.38128156206752,61.316232240604826
82.59740564028006,83.18743208650915
78.36332019155222,79.55618976618422
82.00205912000881,82.24069677664326
76.67759915246457,81.22422119197809
91.49195882548486,83.27656996408155
77.06518750824912,80.05035553576312
50.66021725529985,54.27668162649382
86.58250632690192,88.51933922653389
88.99935218928832,98.22634835349919
78.85601433928065,78.10109121228432
97.93915369999294,97.17977785215325
81.29906516320166,77.62061618361298
102.15266909418708,122.312214667465
69.55662430970492,69.92844933087984
86.7391394795098,89.14899822618206
75.88886820549365,63.532295471449764
