student_id,career_success_score
STU_010001,61.924075478638784
STU_010002,75.91271745652635
STU_010003,71.01078713501505
STU_010004,97.22057130628623
STU_010005,77.1176253162728
STU_010006,74.27416544040499
STU_010007,73.844008554573
STU_010008,76.01486899984477
STU_010009,71.60697004079042
STU_010010,54.80888289200264
STU_010011,95.26310872947826
STU_010012,78.38256741734345
STU_010013,81.69534094627711
STU_010014,93.56210803043687
STU_010015,52.944916789240324
STU_010016,68.28043302888548
STU_010017,56.79366022723541
STU_010018,61.949076442687556
STU_010019,90.47007402715741
STU_010020,69.07616308948252
STU_010021,85.69650296133102
STU_010022,95.99154734274394
STU_010023,94.12259913985527
STU_010024,67.52126309376689
STU_010025,76.0212767010377
STU_010026,87.77792404608029
STU_010027,72.79006611178795
STU_010028,87.96996553177739
STU_010029,99.77725249317682
STU_010030,61.73176643368642
STU_010031,66.86630206609541
STU_010032,91.12263677908652
STU_010033,59.534049355925546
STU_010034,90.11151982599732
STU_010035,81.98361832669495
STU_010036,67.87630048461567
STU_010037,66.28334479336591
STU_010038,90.4841763508051
STU_010039,64.61908471512676
STU_010040,81.55969837605342
STU_010041,91.22817187098677
STU_010042,59.16222960373763
STU_010043,82.02714512136214
STU_010044,70.54928556991601
STU_010045,84.3005053282256
STU_010046,57.283334100366915
STU_010047,68.57486910036128
STU_010048,83.28524994525456
STU_010049,52.27798745717158
STU_010050,59.98803179081841
STU_010051,75.5984818325726
STU_010052,63.70750662499886
STU_010053,61.87335491825114
STU_010054,67.91467909765636
STU_010055,60.45564397326926
STU_010056,59.03328481451733
STU_010057,65.26533527470814
STU_010058,100.0
STU_010059,89.78042694646611
STU_010060,70.95782036602881
STU_010061,42.33152172895498
STU_010062,78.12404314791546
STU_010063,63.016562548562305
STU_010064,88.9745008261144
STU_010065,57.599576246941155
STU_010066,62.03446456747305
STU_010067,90.61817608455674
STU_010068,60.71473715300016
STU_010069,69.27454165942387
STU_010070,61.32219541884619
STU_010071,94.71959724611239
STU_010072,69.14007757981668
STU_010073,92.72026065564796
STU_010074,61.480428348275936
STU_010075,77.84267922147717
STU_010076,98.09940867894922
STU_010077,84.70286355749069
STU_010078,86.55988390256708
STU_010079,79.84555334947596
STU_010080,80.2827879755212
STU_010081,63.619925920071736
STU_010082,77.52863766515026
STU_010083,80.56297649299376
STU_010084,78.72715558778063
STU_010085,74.64971337625673
STU_010086,78.02141043587481
STU_010087,68.42437650859765
STU_010088,68.6214997984111
STU_010089,86.71106862118991
STU_010090,79.22131863205554
STU_010091,57.11559614503554
STU_010092,72.38838698334608
STU_010093,65.70812952366704
STU_010094,88.44486291364021
STU_010095,57.121093733911394
STU_010096,81.10855556748496
STU_010097,69.16076776406595
STU_010098,85.4333707132117
STU_010099,69.06106899573622
STU_010100,70.62004783938306
STU_010101,77.02872441940185
STU_010102,62.788525980396045
STU_010103,94.01925591896178
STU_010104,52.991399379553414
STU_010105,98.258933765657
STU_010106,52.5416924973574
STU_010107,82.58438580680914
STU_010108,79.44080705956885
STU_010109,67.80858444317917
STU_010110,80.93924160931208
STU_010111,86.84606086468489
STU_010112,81.40340869742289
STU_010113,74.7536981404605
STU_010114,81.20607484779231
STU_010115,79.00467569191251
STU_010116,87.99967341605006
STU_010117,77.11378656787792
STU_010118,91.88481078495968
STU_010119,67.9923214561688
STU_010120,69.28467994315845
STU_010121,78.8823337607565
STU_010122,75.97940492771164
STU_010123,91.28778055328242
STU_010124,72.76098286765294
STU_010125,84.77701301612795
STU_010126,76.51224822609194
STU_010127,61.72481989774886
STU_010128,90.86563180091257
STU_010129,83.3170589470313
STU_010130,71.25578022896156
STU_010131,62.31243620552581
STU_010132,69.83740428408966
STU_010133,79.62976965958423
STU_010134,67.84695550319792
STU_010135,44.92466726578663
STU_010136,68.90451799331045
STU_010137,60.523078554184906
STU_010138,77.97621504400175
STU_010139,82.01611929543175
STU_010140,90.0800451276631
STU_010141,58.84484537773268
STU_010142,85.27383865740606
STU_010143,73.11327517601926
STU_010144,73.85551234753318
STU_010145,92.92267104176341
STU_010146,79.3939628549391
STU_010147,57.928663397959724
STU_010148,55.865441644280466
STU_010149,61.245811743843305
STU_010150,93.00947199489312
STU_010151,72.24541423809323
STU_010152,85.37421184809918
STU_010153,74.4027551282337
STU_010154,80.09111311939886
STU_010155,66.47062154953372
STU_010156,92.60818376406755
STU_010157,100.0
STU_010158,73.61481346995028
STU_010159,87.7593698972152
STU_010160,64.27459965316555
STU_010161,94.66691358905963
STU_010162,100.0
STU_010163,75.78635059819642
STU_010164,70.942312649567
STU_010165,72.21329263610812
STU_010166,88.30974734699744
STU_010167,85.26377082794856
STU_010168,75.98428446318374
STU_010169,72.28786724038484
STU_010170,91.34203715744636
STU_010171,70.25372279534379
STU_010172,100.0
STU_010173,65.60647793104746
STU_010174,76.39564626614332
STU_010175,73.4443729812986
STU_010176,67.21528408004869
STU_010177,90.66199598701422
STU_010178,81.65701919235771
STU_010179,80.83550220289062
STU_010180,79.13294026308519
STU_010181,78.61969454706394
STU_010182,77.65709592895858
STU_010183,79.00261588266719
STU_010184,82.80168535864384
STU_010185,63.22435199524095
STU_010186,86.73056936111699
STU_010187,67.30342321948096
STU_010188,92.6797977954849
STU_010189,72.58440191363438
STU_010190,58.58384347024919
STU_010191,48.93112706247685
STU_010192,83.91410746687755
STU_010193,62.38545300918726
STU_010194,87.21132568867509
STU_010195,80.9399669197889
STU_010196,71.71599804529986
STU_010197,75.86111609490891
STU_010198,83.31105645221203
STU_010199,97.77574461656135
STU_010200,70.55877177108745
STU_010201,100.0
STU_010202,79.34480120753126
STU_010203,73.22718959387642
STU_010204,93.25478888513649
STU_010205,85.87677457710775
STU_010206,89.2854163493896
STU_010207,49.41287740240604
STU_010208,71.03564656057014
STU_010209,65.7396156623932
STU_010210,91.98421254774026
STU_010211,76.48886966375014
STU_010212,92.00422045854138
STU_010213,88.00580263780918
STU_010214,64.44126069106098
STU_010215,69.16971622844585
STU_010216,57.84228992685273
STU_010217,82.36594725687975
STU_010218,55.417637992634795
STU_010219,80.16703203170111
STU_010220,66.6771005407186
STU_010221,76.66287578526098
STU_010222,58.72570092003164
STU_010223,75.56027016756919
STU_010224,100.0
STU_010225,58.82330344592201
STU_010226,84.46865813137187
STU_010227,56.03020549552083
STU_010228,89.55534954757155
STU_010229,72.26221603218698
STU_010230,62.87617924909097
STU_010231,53.00353321237877
STU_010232,94.62325066554816
STU_010233,58.38882719975125
STU_010234,80.3616301501303
STU_010235,48.28878758604232
STU_010236,96.11637716693976
STU_010237,83.44559886568854
STU_010238,75.38810863595101
STU_010239,51.53834870172603
STU_010240,71.59364484774555
STU_010241,80.47927132686654
STU_010242,78.26613192159314
STU_010243,67.5819670248213
STU_010244,86.67632032555865
STU_010245,60.324226283489566
STU_010246,47.09283688801535
STU_010247,95.68731453888871
STU_010248,80.21132319868347
STU_010249,66.87806259109944
STU_010250,94.04045445434912
STU_010251,73.39133428519084
STU_010252,100.0
STU_010253,62.43790118601872
STU_010254,93.1970877307203
STU_010255,67.09941169701703
STU_010256,59.33243715627411
STU_010257,74.6836924507207
STU_010258,80.7063323123061
STU_010259,79.22860724153803
STU_010260,61.38828001174117
STU_010261,62.50678018411418
STU_010262,57.76212652161128
STU_010263,59.109424226459254
STU_010264,100.0
STU_010265,71.82377019948328
STU_010266,81.75920240701755
STU_010267,63.07059562661247
STU_010268,85.04274494388005
STU_010269,74.09170924931767
STU_010270,91.36185228156012
STU_010271,80.21133430358418
STU_010272,62.64657976911853
STU_010273,77.17248879076969
STU_010274,62.575709694791115
STU_010275,90.50991090160122
STU_010276,62.60054963724549
STU_010277,81.59627398633225
STU_010278,83.60904774810778
STU_010279,65.76573788661382
STU_010280,65.74088596186846
STU_010281,61.060660156046936
STU_010282,67.20343225488769
STU_010283,87.07860863072864
STU_010284,69.68304794623397
STU_010285,56.13511013146396
STU_010286,79.50802417600592
STU_010287,93.91709414842349
STU_010288,62.278664871539306
STU_010289,56.705250731499575
STU_010290,82.24758116807048
STU_010291,49.77549833640255
STU_010292,85.93917503839303
STU_010293,70.28509149792298
STU_010294,59.98101877185357
STU_010295,69.68779073168054
STU_010296,84.75012363236198
STU_010297,81.2553243889183
STU_010298,96.20222618975778
STU_010299,93.08668956264232
STU_010300,65.46834124663062
STU_010301,77.83902953022215
STU_010302,84.08158733357688
STU_010303,74.86985544150853
STU_010304,55.80979744591956
STU_010305,79.81589373687035
STU_010306,64.43757530393947
STU_010307,67.91283622277295
STU_010308,75.27640090353295
STU_010309,70.94549973061909
STU_010310,56.42467359311857
STU_010311,65.9419872079743
STU_010312,76.9229101685494
STU_010313,78.33970522776376
STU_010314,82.26475934475293
STU_010315,90.22218783678349
STU_010316,92.8299163361481
STU_010317,86.95378714636341
STU_010318,71.14098192223024
STU_010319,91.4322714139159
STU_010320,100.0
STU_010321,68.65445890392364
STU_010322,93.69905689825804
STU_010323,73.4793049554385
STU_010324,93.88244002609177
STU_010325,92.1482888716261
STU_010326,78.57660904083971
STU_010327,67.71240943206392
STU_010328,85.10832761782005
STU_010329,93.62159934690631
STU_010330,81.14931519053067
STU_010331,96.41443346912037
STU_010332,62.24693291675523
STU_010333,100.0
STU_010334,73.16008832205245
STU_010335,92.14104508968246
STU_010336,57.75769857566502
STU_010337,61.629648414372
STU_010338,82.06102525095858
STU_010339,80.97406772594199
STU_010340,64.25532907717408
STU_010341,95.59559557722717
STU_010342,59.42043927120908
STU_010343,63.64622818800866
STU_010344,78.81147744905311
STU_010345,81.01222841720737
STU_010346,90.35403681609861
STU_010347,52.7685054453359
STU_010348,60.16068119699288
STU_010349,84.83165764215352
STU_010350,82.68918170440303
STU_010351,73.09820121726803
STU_010352,70.77337199550385
STU_010353,96.49153612765359
STU_010354,70.0948843359589
STU_010355,77.84737347278121
STU_010356,86.108455374614
STU_010357,89.59729097747197
STU_010358,79.23556989822472
STU_010359,64.07248925101081
STU_010360,69.64171913893458
STU_010361,97.87521762864418
STU_010362,73.16181839192957
STU_010363,78.12802431754362
STU_010364,96.00658023199215
STU_010365,84.71471305159987
STU_010366,94.87035596875337
STU_010367,68.15745598293533
STU_010368,65.35733058908015
STU_010369,90.59643389191086
STU_010370,83.81976146337084
STU_010371,66.96266734995899
STU_010372,76.84878940764595
STU_010373,70.36311781339502
STU_010374,84.4814189077613
STU_010375,98.78451399251696
STU_010376,56.38077311098249
STU_010377,77.63615157946295
STU_010378,76.14791016462681
STU_010379,69.04332282869119
STU_010380,63.06500716249421
STU_010381,67.88221768745763
STU_010382,89.21676150459437
STU_010383,81.02505357305186
STU_010384,89.15254243176082
STU_010385,81.11503777721217
STU_010386,64.54287977984906
STU_010387,60.39737555590524
STU_010388,95.62215964876302
STU_010389,67.99707843885336
STU_010390,57.812560520942924
STU_010391,62.253563971429244
STU_010392,76.5108935595827
STU_010393,81.71116955115899
STU_010394,70.23996265874855
STU_010395,78.35569889388772
STU_010396,81.09166310677982
STU_010397,88.3935615201258
STU_010398,86.87770416895864
STU_010399,61.766685002588105
STU_010400,71.04405895929527
STU_010401,47.79406417149785
STU_010402,70.54847100745425
STU_010403,77.34835361922877
STU_010404,87.14760633461091
STU_010405,79.88122688492795
STU_010406,74.91561555386129
STU_010407,92.37560258408554
STU_010408,67.32180869693931
STU_010409,97.6720282163865
STU_010410,68.84841975036788
STU_010411,89.02818790122001
STU_010412,98.54894317829742
STU_010413,84.97993145788175
STU_010414,85.21304860875539
STU_010415,88.21807899149371
STU_010416,80.72093066839615
STU_010417,99.87538461613504
STU_010418,74.06477497426546
STU_010419,95.56954357200992
STU_010420,86.59853870485794
STU_010421,84.0770895881631
STU_010422,71.20940781304283
STU_010423,73.60385349101269
STU_010424,53.47120055269742
STU_010425,56.26520744415588
STU_010426,78.02285226369439
STU_010427,62.39248684154019
STU_010428,72.10920070137558
STU_010429,55.64511824248022
STU_010430,88.35752642770598
STU_010431,52.929809148951165
STU_010432,68.13290511114278
STU_010433,72.63512995386871
STU_010434,89.4492214041533
STU_010435,60.97933411299313
STU_010436,77.32503714860664
STU_010437,53.57399193492547
STU_010438,100.0
STU_010439,64.90709802072679
STU_010440,85.91755069837
STU_010441,56.80571242953694
STU_010442,70.48275324887669
STU_010443,81.06764999352383
STU_010444,66.66957693531833
STU_010445,70.20546137514503
STU_010446,48.96870586051895
STU_010447,79.21337012860579
STU_010448,71.5292378667867
STU_010449,69.93784301456107
STU_010450,59.770390664627925
STU_010451,91.2245084111028
STU_010452,80.47929717877348
STU_010453,70.90868969289266
STU_010454,71.5231473411063
STU_010455,51.34742216912593
STU_010456,84.42801705628618
STU_010457,74.55664160581539
STU_010458,85.37265988758729
STU_010459,74.13591261211586
STU_010460,68.65142649052312
STU_010461,71.79466454434727
STU_010462,56.483263698655705
STU_010463,85.61627168528236
STU_010464,89.2310671696787
STU_010465,57.805654947547595
STU_010466,67.17414891844265
STU_010467,79.74724053082733
STU_010468,70.50998320074704
STU_010469,75.02425464353065
STU_010470,69.42855489291499
STU_010471,100.0
STU_010472,55.77025538086643
STU_010473,85.58533070933665
STU_010474,83.63602530868228
STU_010475,80.48502067647134
STU_010476,64.60092152243199
STU_010477,70.50209644174369
STU_010478,94.48060692747086
STU_010479,64.68959305606822
STU_010480,66.26030372970762
STU_010481,63.58802196739727
STU_010482,73.3003354223758
STU_010483,92.34920262303737
STU_010484,74.94935379099407
STU_010485,47.81839901612832
STU_010486,72.99045201808877
STU_010487,95.08202520624938
STU_010488,80.24618806086994
STU_010489,83.08672442877486
STU_010490,84.17390175410073
STU_010491,76.56947037728176
STU_010492,73.24938815370537
STU_010493,81.56723705788154
STU_010494,58.98501080875522
STU_010495,41.87819353720189
STU_010496,97.20433093157429
STU_010497,65.40857866475629
STU_010498,74.7025718922685
STU_010499,65.1349931794078
STU_010500,69.17062920425766
STU_010501,72.51355246500232
STU_010502,68.61049200113116
STU_010503,76.81160624526817
STU_010504,71.13940653261717
STU_010505,62.15658227073847
STU_010506,88.83731441589026
STU_010507,66.35477327671639
STU_010508,63.32783191286512
STU_010509,80.02356250519107
STU_010510,49.206473157952516
STU_010511,60.7740114811058
STU_010512,71.19218222164184
STU_010513,94.55198703244892
STU_010514,78.72712182440871
STU_010515,84.64477437600915
STU_010516,83.0865608351975
STU_010517,99.9433783725382
STU_010518,53.80429424498328
STU_010519,84.60867572126239
STU_010520,87.15231350034507
STU_010521,100.0
STU_010522,72.42500850774755
STU_010523,81.72234012400686
STU_010524,91.38290001339055
STU_010525,70.02731158802045
STU_010526,55.234933049767065
STU_010527,86.90153433125359
STU_010528,83.43202436834518
STU_010529,50.72495694356063
STU_010530,73.1839362081599
STU_010531,67.54223040224754
STU_010532,57.039475553429114
STU_010533,83.04539608499927
STU_010534,79.2027677955178
STU_010535,85.43455887351757
STU_010536,78.2567440049561
STU_010537,77.81262289547858
STU_010538,75.30417044380894
STU_010539,60.43607236169247
STU_010540,53.02206434980482
STU_010541,86.81997422991948
STU_010542,100.0
STU_010543,82.36737311325594
STU_010544,71.4272410027899
STU_010545,78.72330330809523
STU_010546,68.46554862565817
STU_010547,75.27869551700148
STU_010548,100.0
STU_010549,64.6458550227374
STU_010550,78.47774237723796
STU_010551,62.91979231561305
STU_010552,97.57983884335569
STU_010553,96.22314104944331
STU_010554,89.80909970251888
STU_010555,75.89827949134967
STU_010556,61.257105617402615
STU_010557,77.11278366587048
STU_010558,78.0057247604165
STU_010559,76.5399219169826
STU_010560,74.8773746070148
STU_010561,97.6118761293843
STU_010562,58.18473911791264
STU_010563,61.436148921937075
STU_010564,65.01120627385723
STU_010565,90.59928936234279
STU_010566,60.94691896855775
STU_010567,73.3140589613071
STU_010568,79.81036749439197
STU_010569,92.58164244014765
STU_010570,58.49237385625234
STU_010571,89.97187607778801
STU_010572,70.80115660417589
STU_010573,96.90302693371018
STU_010574,74.47387351850017
STU_010575,61.22920161891837
STU_010576,55.93323391213728
STU_010577,61.292838224836956
STU_010578,67.81327994602378
STU_010579,83.03872303201163
STU_010580,61.57009516237332
STU_010581,50.45815394227655
STU_010582,74.1438933974618
STU_010583,76.88214731201718
STU_010584,94.34647231656727
STU_010585,78.10689271769779
STU_010586,100.0
STU_010587,75.29136065969217
STU_010588,68.5357290586886
STU_010589,100.0
STU_010590,87.97604978785984
STU_010591,73.43818423382122
STU_010592,95.41642114027648
STU_010593,85.73632231478268
STU_010594,56.633207598517686
STU_010595,80.3429839523423
STU_010596,75.31699846285068
STU_010597,58.82947578915119
STU_010598,94.65637675459857
STU_010599,65.80377331037688
STU_010600,66.09507717896405
STU_010601,82.26566636426439
STU_010602,71.96949540903408
STU_010603,80.68911230365956
STU_010604,75.56340185256099
STU_010605,64.06572620697698
STU_010606,96.06110897663777
STU_010607,80.93871872532587
STU_010608,63.26178688769954
STU_010609,77.91770482351076
STU_010610,79.16899143221022
STU_010611,87.67602632291188
STU_010612,59.30681163911463
STU_010613,92.11276679683947
STU_010614,100.0
STU_010615,88.58536803546954
STU_010616,88.72078551526582
STU_010617,56.74178135219559
STU_010618,82.97223701150553
STU_010619,97.8102507546913
STU_010620,67.0170655628287
STU_010621,66.76480987853141
STU_010622,57.64259982572736
STU_010623,86.19321181672463
STU_010624,63.62060692767784
STU_010625,68.39082774734199
STU_010626,87.97737978028078
STU_010627,89.32410007169837
STU_010628,60.323684530190505
STU_010629,81.3052666237587
STU_010630,77.7109562317188
STU_010631,92.54904743094208
STU_010632,69.08712334759677
STU_010633,75.76605588930553
STU_010634,79.47552359818576
STU_010635,61.682282304985804
STU_010636,82.25437639025266
STU_010637,64.36603799666206
STU_010638,73.16445904143808
STU_010639,64.30117047228914
STU_010640,61.18343531844836
STU_010641,64.04102664176283
STU_010642,98.82501024267854
STU_010643,88.77048435236019
STU_010644,72.12619671186462
STU_010645,78.42294432141927
STU_010646,95.0133874155123
STU_010647,67.0413829145594
STU_010648,74.64931850999992
STU_010649,74.88742253080237
STU_010650,87.12071254870943
STU_010651,79.89745339319254
STU_010652,64.7869079097161
STU_010653,86.28020826400159
STU_010654,87.2419740864095
STU_010655,86.53537970414212
STU_010656,77.68602245301125
STU_010657,77.57212206420614
STU_010658,72.4782075886993
STU_010659,93.21337842345649
STU_010660,91.96587212525027
STU_010661,72.72007766593083
STU_010662,94.94404022179565
STU_010663,66.29541001963021
STU_010664,75.1586555558507
STU_010665,62.35934746436372
STU_010666,96.32827418810571
STU_010667,85.93599914566269
STU_010668,69.50666007835825
STU_010669,75.56108316341037
STU_010670,86.2741925931024
STU_010671,65.70929402074601
STU_010672,57.066325839019825
STU_010673,88.756024277803
STU_010674,100.0
STU_010675,95.18407371286942
STU_010676,79.78647932089575
STU_010677,79.09435861476642
STU_010678,76.68624776465406
STU_010679,69.37137096359746
STU_010680,94.63695558182292
STU_010681,84.37553722116043
STU_010682,52.52309015101774
STU_010683,72.6956877303132
STU_010684,79.50637089391654
STU_010685,84.91433371659974
STU_010686,76.19635668574519
STU_010687,63.77110176203402
STU_010688,99.08207100326565
STU_010689,89.49246811359406
STU_010690,100.0
STU_010691,75.6802179025489
STU_010692,89.37881963998093
STU_010693,73.28866242977757
STU_010694,66.74001894812508
STU_010695,60.900500053873344
STU_010696,55.252285966669135
STU_010697,70.06849141836554
STU_010698,89.83161532905511
STU_010699,85.83464027669557
STU_010700,91.80361761530851
STU_010701,84.1318611824789
STU_010702,68.22780884328614
STU_010703,99.95229739929633
STU_010704,100.0
STU_010705,76.8609442155636
STU_010706,92.32756377863357
STU_010707,76.2702705473053
STU_010708,76.88252447132938
STU_010709,62.20125988139655
STU_010710,60.04669107441087
STU_010711,100.0
STU_010712,54.19624087112557
STU_010713,89.04306283475479
STU_010714,64.25603120166129
STU_010715,80.04803975135195
STU_010716,55.028429627377974
STU_010717,84.63146722368454
STU_010718,77.6930251813416
STU_010719,81.25897262354658
STU_010720,53.291121811151214
STU_010721,64.22072441968632
STU_010722,100.0
STU_010723,71.36874582383243
STU_010724,82.43510589887075
STU_010725,63.79754457470101
STU_010726,63.61367843162488
STU_010727,53.03635474664117
STU_010728,71.35415890076965
STU_010729,91.93199123086883
STU_010730,95.13618721449367
STU_010731,68.8887437566223
STU_010732,75.87348808004562
STU_010733,97.20949791915095
STU_010734,82.09760675048688
STU_010735,72.94367206916921
STU_010736,64.62983019058392
STU_010737,67.97376625121453
STU_010738,67.78441501918066
STU_010739,70.82089063114736
STU_010740,67.42585740822175
STU_010741,83.07805723408909
STU_010742,66.55833798369348
STU_010743,98.84829955102848
STU_010744,78.03781911506353
STU_010745,65.82901617384965
STU_010746,72.06624664676167
STU_010747,88.06333408698285
STU_010748,75.5457698115819
STU_010749,86.39455598657192
STU_010750,77.86861667623306
STU_010751,76.32172364499236
STU_010752,64.74928028407507
STU_010753,76.09212593674252
STU_010754,85.60985996523951
STU_010755,62.152294811527995
STU_010756,89.97823007719303
STU_010757,56.17059227736854
STU_010758,84.8782129679589
STU_010759,89.72307399710046
STU_010760,84.47717057850316
STU_010761,72.82563053239096
STU_010762,74.47321785720457
STU_010763,63.13638715950431
STU_010764,51.99738783665087
STU_010765,83.69623058954402
STU_010766,64.0901345220452
STU_010767,73.15023785088005
STU_010768,55.65378150825076
STU_010769,89.78678436752466
STU_010770,69.22648214756549
STU_010771,49.93059765882764
STU_010772,70.86171897520991
STU_010773,86.76760206277581
STU_010774,86.89124349564148
STU_010775,93.07000701537119
STU_010776,45.406010769469354
STU_010777,80.2916791867087
STU_010778,55.745555875114334
STU_010779,61.12183523069665
STU_010780,83.27698359628477
STU_010781,80.52598078832263
STU_010782,84.00302381730737
STU_010783,50.57719437674939
STU_010784,70.83679617551418
STU_010785,83.29410769594169
STU_010786,81.78807104039817
STU_010787,73.08754901030669
STU_010788,68.69308110657474
STU_010789,98.5077592766895
STU_010790,61.99149442001281
STU_010791,58.240383361400745
STU_010792,96.41382481383202
STU_010793,82.26817423377017
STU_010794,61.23139854511744
STU_010795,81.30760625848568
STU_010796,79.33033365278872
STU_010797,54.67327816941544
STU_010798,62.27015222530805
STU_010799,87.26359063874266
STU_010800,63.86956100996419
STU_010801,62.26633576143847
STU_010802,83.41617511263983
STU_010803,76.06104857841521
STU_010804,54.0145512580669
STU_010805,70.96901329841599
STU_010806,82.40914143894827
STU_010807,94.13026316945388
STU_010808,66.05082084364419
STU_010809,100.0
STU_010810,84.53522723822859
STU_010811,71.46213599412515
STU_010812,80.35550091462024
STU_010813,94.83243789286215
STU_010814,69.1501327222234
STU_010815,88.42766351540877
STU_010816,100.0
STU_010817,89.42319398157672
STU_010818,84.1048033115212
STU_010819,78.99307775842351
STU_010820,91.74631835347606
STU_010821,98.82376821594491
STU_010822,59.690022415600495
STU_010823,92.03374005255922
STU_010824,91.37525807003986
STU_010825,82.64033974683908
STU_010826,81.42992483524787
STU_010827,59.769952408093275
STU_010828,68.9671090119728
STU_010829,71.36672681978884
STU_010830,75.7810030753485
STU_010831,91.09499841912219
STU_010832,93.6945925070568
STU_010833,83.52951677741314
STU_010834,67.34106466723671
STU_010835,79.39973746730642
STU_010836,84.20242438812292
STU_010837,77.39842621379641
STU_010838,91.81341211676109
STU_010839,67.82726642168866
STU_010840,79.55516658983564
STU_010841,87.13173216270444
STU_010842,88.09654890088534
STU_010843,74.48294490829178
STU_010844,56.06984720887971
STU_010845,91.0128543050788
STU_010846,81.57707825320385
STU_010847,100.0
STU_010848,74.30008162238511
STU_010849,77.47419672555834
STU_010850,61.89550608906178
STU_010851,93.89906580027575
STU_010852,62.72503019763275
STU_010853,85.07084733328112
STU_010854,90.69755629557125
STU_010855,69.23287440588713
STU_010856,55.14536998513459
STU_010857,68.3178040638986
STU_010858,53.68461370978824
STU_010859,67.38595156997046
STU_010860,90.79223212562793
STU_010861,75.36502363178884
STU_010862,65.23382573011156
STU_010863,80.2124141284021
STU_010864,90.12105101491211
STU_010865,77.4114225398586
STU_010866,92.88326056539174
STU_010867,54.25871548883721
STU_010868,65.31909751851342
STU_010869,79.08632138885721
STU_010870,66.16962489185775
STU_010871,86.7190296820363
STU_010872,81.18521171965003
STU_010873,51.690304976326544
STU_010874,67.46626001818883
STU_010875,83.18567626332975
STU_010876,67.72300128943716
STU_010877,76.03209114561312
STU_010878,75.92106036760758
STU_010879,64.3043707823639
STU_010880,81.4230231522459
STU_010881,99.49244040870839
STU_010882,75.37687713864624
STU_010883,78.19031320196848
STU_010884,62.15502831132369
STU_010885,64.94087416452727
STU_010886,99.6962795571059
STU_010887,59.0310712748573
STU_010888,86.21532416484914
STU_010889,93.58502262543774
STU_010890,77.11019186633432
STU_010891,98.21645934548035
STU_010892,82.84774154254002
STU_010893,70.07291549509443
STU_010894,83.42696415506502
STU_010895,69.13970637793871
STU_010896,71.5525252688273
STU_010897,67.37716500981179
STU_010898,84.20284883376051
STU_010899,62.49631925557151
STU_010900,65.51628918038249
STU_010901,60.77288065139744
STU_010902,92.71162349382982
STU_010903,54.4758437975497
STU_010904,72.09696630375987
STU_010905,68.48799359607747
STU_010906,53.47322915592936
STU_010907,96.3888738637462
STU_010908,85.60526448784735
STU_010909,84.34019581751468
STU_010910,79.63663556682567
STU_010911,80.98835571947136
STU_010912,91.66438388729968
STU_010913,77.27075093913088
STU_010914,90.04039666068856
STU_010915,74.1364829114156
STU_010916,69.42985630976696
STU_010917,81.48449002320574
STU_010918,78.8255477100136
STU_010919,89.57558391073374
STU_010920,72.21455689248687
STU_010921,80.14888725622846
STU_010922,76.81780214024626
STU_010923,89.7298774400685
STU_010924,95.75614221835583
STU_010925,66.72873280619682
STU_010926,90.17494547095866
STU_010927,63.556662013542805
STU_010928,75.07679096244978
STU_010929,65.89061863429113
STU_010930,89.37853729003255
STU_010931,74.91296076629392
STU_010932,87.43403506870993
STU_010933,73.40396205820444
STU_010934,88.21111831574818
STU_010935,70.70748528133105
STU_010936,64.12703311716946
STU_010937,73.21395035755225
STU_010938,61.86451703217611
STU_010939,81.41618570688223
STU_010940,53.27288715047487
STU_010941,96.39673469008169
STU_010942,80.18142852885126
STU_010943,56.08916876255171
STU_010944,62.38925285884619
STU_010945,75.57392391730339
STU_010946,85.49482254712271
STU_010947,73.3141504227033
STU_010948,93.18809765845894
STU_010949,94.95780061876815
STU_010950,65.07873971211531
STU_010951,72.12228008955043
STU_010952,58.29169329921996
STU_010953,88.94210121061975
STU_010954,55.643188590583335
STU_010955,60.13270549371279
STU_010956,100.0
STU_010957,85.5070603572493
STU_010958,76.07595651952992
STU_010959,84.66041523386848
STU_010960,83.58142847781882
STU_010961,75.41123241887091
STU_010962,92.16501736555115
STU_010963,69.10795062234045
STU_010964,77.62516898370033
STU_010965,65.74766107533812
STU_010966,59.320500198125856
STU_010967,69.44812441407556
STU_010968,68.29221761937221
STU_010969,59.03133160006776
STU_010970,83.83173397378688
STU_010971,75.99348809057966
STU_010972,76.79281508302132
STU_010973,76.25512713405779
STU_010974,66.71488281742363
STU_010975,79.85393121237342
STU_010976,78.95729983183067
STU_010977,85.31825701622269
STU_010978,95.81908369266098
STU_010979,73.81505549505269
STU_010980,76.39020966116864
STU_010981,90.94457372784744
STU_010982,69.79359766209662
STU_010983,74.04168521905744
STU_010984,76.26309957856368
STU_010985,53.947262139115466
STU_010986,90.04059140530238
STU_010987,89.90031198317018
STU_010988,68.81168594124463
STU_010989,84.17317063382576
STU_010990,80.00352968121645
STU_010991,62.702646388665684
STU_010992,81.5237692877859
STU_010993,72.65533261913495
STU_010994,81.93013795033276
STU_010995,100.0
STU_010996,59.59776724562039
STU_010997,68.14486840080674
STU_010998,70.0516891103899
STU_010999,68.16947590586022
STU_011000,77.12029911766953
STU_011001,60.65526230365124
STU_011002,76.88351229718182
STU_011003,62.23100963954545
STU_011004,83.34736841609231
STU_011005,73.47785342849356
STU_011006,80.83393118216875
STU_011007,65.39343605357655
STU_011008,82.07119161539521
STU_011009,96.3858557668051
STU_011010,96.04236406886008
STU_011011,68.80449433185727
STU_011012,82.10368970882826
STU_011013,54.96204794088841
STU_011014,62.966477639374645
STU_011015,99.3980586450726
STU_011016,61.40689355724054
STU_011017,76.1620888391089
STU_011018,84.94295513711266
STU_011019,64.34836819967407
STU_011020,88.60564695937083
STU_011021,63.30471950426798
STU_011022,85.28672796275274
STU_011023,72.13153285883503
STU_011024,77.74323641679445
STU_011025,67.25443314465099
STU_011026,74.0937311198033
STU_011027,72.86156933082704
STU_011028,91.01442717929409
STU_011029,79.39016787698444
STU_011030,60.65213896499061
STU_011031,59.53612649224637
STU_011032,62.5832468279892
STU_011033,56.63354654051723
STU_011034,72.23192854530978
STU_011035,89.29291104313336
STU_011036,95.59853662254386
STU_011037,93.7515097939884
STU_011038,84.59485010632368
STU_011039,60.896891932499045
STU_011040,76.76059570928439
STU_011041,58.59498705894295
STU_011042,62.33056566448818
STU_011043,70.16526014763642
STU_011044,61.41220281964283
STU_011045,99.38048618997753
STU_011046,82.70712825041943
STU_011047,82.69000822221564
STU_011048,62.11132943554735
STU_011049,82.12980217338367
STU_011050,77.82349352711164
STU_011051,86.39517171194773
STU_011052,100.0
STU_011053,51.62331760742116
STU_011054,72.07025185621046
STU_011055,61.09633380473443
STU_011056,55.59731520610775
STU_011057,84.95575948502912
STU_011058,100.0
STU_011059,99.16050581767409
STU_011060,67.52105276054574
STU_011061,64.85547164474204
STU_011062,61.779782038969074
STU_011063,85.37338489625131
STU_011064,73.85901446051152
STU_011065,71.81425237116824
STU_011066,71.72140149795445
STU_011067,87.86593203960796
STU_011068,95.01032365479318
STU_011069,93.90756937320523
STU_011070,65.81438343999092
STU_011071,87.24207115546115
STU_011072,93.4592021361556
STU_011073,77.82364515727265
STU_011074,88.30780317996576
STU_011075,68.42023837257216
STU_011076,98.93996405110497
STU_011077,73.83188971649747
STU_011078,68.93818615381356
STU_011079,67.39760472724383
STU_011080,60.79716688242513
STU_011081,89.14100309076018
STU_011082,54.456314817031725
STU_011083,96.02859904744817
STU_011084,70.60469493190823
STU_011085,88.37109344755696
STU_011086,65.25613147737747
STU_011087,73.36109559670055
STU_011088,75.25744069008566
STU_011089,90.70226515554857
STU_011090,90.30532651164863
STU_011091,81.44794486620394
STU_011092,65.71678601666737
STU_011093,78.41413672051661
STU_011094,59.44683698819199
STU_011095,79.15293489322478
STU_011096,59.06316486205476
STU_011097,87.36998667225717
STU_011098,85.12553704148338
STU_011099,83.58163721166154
STU_011100,61.78435995051191
STU_011101,61.65826887747585
STU_011102,80.87204430207902
STU_011103,65.44537714788733
STU_011104,96.25853246822577
STU_011105,77.01076604420058
STU_011106,83.92788587377143
STU_011107,59.47200164273197
STU_011108,83.0278061478593
STU_011109,93.74075519340695
STU_011110,100.0
STU_011111,74.75942791111693
STU_011112,75.73312310944273
STU_011113,81.99480031166287
STU_011114,92.58890033822841
STU_011115,92.24665781768014
STU_011116,83.48732802945993
STU_011117,69.50951041555574
STU_011118,71.62608554453216
STU_011119,80.63037783231107
STU_011120,79.70045555625805
STU_011121,74.18489846715697
STU_011122,63.383441899412375
STU_011123,100.0
STU_011124,61.27576410262225
STU_011125,100.0
STU_011126,87.14803901712557
STU_011127,73.53562517632457
STU_011128,66.01457828729528
STU_011129,88.80672768420908
STU_011130,60.437922875730976
STU_011131,86.9006897623462
STU_011132,76.26252073380233
STU_011133,83.47855482762431
STU_011134,57.43637406815215
STU_011135,55.895954505824875
STU_011136,95.39932169241196
STU_011137,76.89656675488806
STU_011138,100.0
STU_011139,71.19713436459124
STU_011140,86.5454845952916
STU_011141,52.12989827422
STU_011142,97.38719210333517
STU_011143,81.98146394419528
STU_011144,65.29307733446468
STU_011145,68.56833615079586
STU_011146,66.63785349995196
STU_011147,93.39826945095479
STU_011148,93.71702700051019
STU_011149,90.38083274391612
STU_011150,82.3688822459162
STU_011151,95.25058899967091
STU_011152,63.0217811190911
STU_011153,74.99174235385703
STU_011154,73.76589231001353
STU_011155,70.30554596111335
STU_011156,75.52644415330367
STU_011157,57.68229418399331
STU_011158,70.99857619343412
STU_011159,67.53771623396236
STU_011160,55.66782292094909
STU_011161,92.22407508528538
STU_011162,70.74168129773538
STU_011163,70.9319215049802
STU_011164,86.55396023410535
STU_011165,77.6155113423993
STU_011166,76.84662502232284
STU_011167,69.20333933309088
STU_011168,81.68050783729016
STU_011169,88.17342742980698
STU_011170,66.49728254678898
STU_011171,74.54943370464555
STU_011172,100.0
STU_011173,90.8754983926936
STU_011174,69.0436384380634
STU_011175,64.32374101371211
STU_011176,78.72348784428058
STU_011177,71.27579312403569
STU_011178,93.01562332607055
STU_011179,84.553472180643
STU_011180,66.53525548124365
STU_011181,79.3044803187819
STU_011182,93.82007270902679
STU_011183,57.106521748229085
STU_011184,81.1916551285883
STU_011185,77.3154394212353
STU_011186,49.07315289826315
STU_011187,80.73185261143223
STU_011188,78.00354847665982
STU_011189,48.19073854073965
STU_011190,80.8896022110298
STU_011191,94.65897993375286
STU_011192,79.73506109432407
STU_011193,68.22413324385211
STU_011194,82.12245347968313
STU_011195,77.89325777662538
STU_011196,90.38282322908869
STU_011197,97.59237159440308
STU_011198,79.81947578953837
STU_011199,90.59275512884611
STU_011200,71.09677321065577
STU_011201,54.89535456656776
STU_011202,65.48869732796292
STU_011203,78.22685410667472
STU_011204,85.32496005450513
STU_011205,86.51066734451717
STU_011206,81.13413291967053
STU_011207,59.74903250756262
STU_011208,73.94841927681766
STU_011209,76.7837872926588
STU_011210,70.36679588227732
STU_011211,77.23132051633998
STU_011212,73.71517194964648
STU_011213,85.0141984000573
STU_011214,59.03503896290367
STU_011215,94.19728696436336
STU_011216,59.13113233672445
STU_011217,100.0
STU_011218,64.96223376609872
STU_011219,87.46327193737874
STU_011220,65.56729911807301
STU_011221,80.73550681403222
STU_011222,91.93398683721203
STU_011223,66.55695191566393
STU_011224,98.66227519802048
STU_011225,48.29824977580631
STU_011226,82.86926050108961
STU_011227,64.82070411036403
STU_011228,95.02283556807548
STU_011229,81.75693443981383
STU_011230,78.50801818938592
STU_011231,92.52008764982565
STU_011232,87.00251056558047
STU_011233,72.56494467926925
STU_011234,79.24657687117758
STU_011235,99.55406151775252
STU_011236,63.95760681794589
STU_011237,63.920996635638545
STU_011238,69.96885702583694
STU_011239,79.61392557996959
STU_011240,90.00536512007544
STU_011241,98.48991040444015
STU_011242,66.41422431086934
STU_011243,65.81184934444042
STU_011244,55.647368788066544
STU_011245,73.5606441676989
STU_011246,71.60940290103579
STU_011247,87.75163058634939
STU_011248,70.08669624290316
STU_011249,68.27788055015316
STU_011250,70.37736221923076
STU_011251,75.0863988864629
STU_011252,77.71959995014522
STU_011253,78.14706197092654
STU_011254,100.0
STU_011255,88.04100786348305
STU_011256,77.433285108259
STU_011257,56.55228841876526
STU_011258,78.56206687724841
STU_011259,78.66139581243726
STU_011260,100.0
STU_011261,64.48486346963739
STU_011262,90.32482961265598
STU_011263,59.83930783200796
STU_011264,49.818312862353935
STU_011265,76.04151933765752
STU_011266,79.19238342842591
STU_011267,90.45928628817894
STU_011268,68.63596696031605
STU_011269,91.29627908111854
STU_011270,74.94405129604154
STU_011271,78.52454931439611
STU_011272,90.04515381327178
STU_011273,75.65068834970992
STU_011274,82.8877199086668
STU_011275,74.44025676376795
STU_011276,80.86163675875063
STU_011277,72.14453486692922
STU_011278,73.01520239311756
STU_011279,100.0
STU_011280,78.63158676515653
STU_011281,70.69565140767119
STU_011282,89.14758701547144
STU_011283,79.02928048884341
STU_011284,56.57062879305981
STU_011285,96.0995687192766
STU_011286,79.20285422441584
STU_011287,71.11785043910314
STU_011288,72.53742089834199
STU_011289,63.59574692126834
STU_011290,71.62519693850125
STU_011291,86.05895455087504
STU_011292,44.32939569849986
STU_011293,92.69583068909503
STU_011294,74.68940820101453
STU_011295,77.17791074151761
STU_011296,96.42385076958813
STU_011297,69.91241258756098
STU_011298,56.9404772243243
STU_011299,85.31061142957476
STU_011300,93.44359174458525
STU_011301,100.0
STU_011302,71.15424352989277
STU_011303,82.21368859499354
STU_011304,82.8423862960881
STU_011305,71.05095634084323
STU_011306,73.08769634309823
STU_011307,61.99841066364279
STU_011308,51.18630630302157
STU_011309,78.70174530499312
STU_011310,52.6082167978949
STU_011311,83.74749698874835
STU_011312,69.73762330721499
STU_011313,86.79069569239309
STU_011314,63.67963753908363
STU_011315,81.82897479912288
STU_011316,59.73536682829548
STU_011317,73.95600239679258
STU_011318,61.14910674863778
STU_011319,85.47520713248579
STU_011320,59.42607124239352
STU_011321,88.57609572923958
STU_011322,64.06228105960433
STU_011323,50.48659644894421
STU_011324,64.63434002827819
STU_011325,59.99892396204781
STU_011326,77.80005610083496
STU_011327,78.04970107821904
STU_011328,86.29004252004569
STU_011329,62.17692325719949
STU_011330,53.42619613113271
STU_011331,59.69057601754267
STU_011332,86.85367885922564
STU_011333,61.298102646638114
STU_011334,84.2162080433013
STU_011335,68.06933706570359
STU_011336,61.359709763243714
STU_011337,79.56373095353494
STU_011338,91.2331030538955
STU_011339,73.01467208418323
STU_011340,76.82842264296268
STU_011341,99.60048807104407
STU_011342,81.6090327891613
STU_011343,82.80428969182188
STU_011344,46.163833271107144
STU_011345,65.09830934839837
STU_011346,74.16826694208429
STU_011347,100.0
STU_011348,78.20541301746381
STU_011349,100.0
STU_011350,67.44552932538649
STU_011351,75.16294876401541
STU_011352,81.07375484407412
STU_011353,70.16168595648858
STU_011354,91.80773730568545
STU_011355,68.14888249266745
STU_011356,85.96533243118276
STU_011357,68.07762079780979
STU_011358,95.52203862655806
STU_011359,100.0
STU_011360,100.0
STU_011361,68.31058697727117
STU_011362,79.97426130819684
STU_011363,100.0
STU_011364,91.28971374340976
STU_011365,63.62481729732848
STU_011366,88.49985853826192
STU_011367,71.77186190410023
STU_011368,83.94080727771224
STU_011369,74.59439157621915
STU_011370,82.75772239168656
STU_011371,65.46043173286127
STU_011372,99.13720957957015
STU_011373,66.45284587011459
STU_011374,74.77016783711395
STU_011375,89.51265463516913
STU_011376,51.3874156445264
STU_011377,100.0
STU_011378,85.2751391055895
STU_011379,84.36291045587797
STU_011380,71.26644213677302
STU_011381,65.27905091724597
STU_011382,79.58308257933832
STU_011383,91.05116922496201
STU_011384,71.95561802113791
STU_011385,74.87508277583375
STU_011386,65.61648846371536
STU_011387,56.95841444593424
STU_011388,63.210646362948154
STU_011389,60.458269175535534
STU_011390,93.07648200842566
STU_011391,55.52098213985194
STU_011392,73.12656728661467
STU_011393,73.45572908432571
STU_011394,82.81545498438551
STU_011395,83.5523053045365
STU_011396,87.52922449411984
STU_011397,64.36116761945121
STU_011398,100.0
STU_011399,71.08557596391323
STU_011400,70.40466059640748
STU_011401,76.72180032740432
STU_011402,75.03438095837363
STU_011403,78.28651496782734
STU_011404,100.0
STU_011405,79.62767701097835
STU_011406,84.44248990551513
STU_011407,97.37363275165971
STU_011408,76.03270183753831
STU_011409,87.12241719981004
STU_011410,74.36834113121404
STU_011411,94.11505623583163
STU_011412,74.80940806928979
STU_011413,64.44893598649281
STU_011414,92.12892759496718
STU_011415,72.9634273745696
STU_011416,99.69854196459899
STU_011417,75.24163390566413
STU_011418,62.16896813634044
STU_011419,72.7594514974678
STU_011420,94.44572275918723
STU_011421,93.69509393967547
STU_011422,77.84351605544632
STU_011423,64.18495549115319
STU_011424,71.93789909468764
STU_011425,70.32264920529984
STU_011426,99.10911333190917
STU_011427,61.62003363157838
STU_011428,92.07447455844871
STU_011429,72.2684695653999
STU_011430,76.51684161628872
STU_011431,77.69076766104847
STU_011432,68.36206759422915
STU_011433,96.2412102988185
STU_011434,97.91328605079492
STU_011435,74.31703479851203
STU_011436,87.99215405704292
STU_011437,63.17942004386815
STU_011438,66.06511795970955
STU_011439,75.00506408453815
STU_011440,67.49202907928705
STU_011441,75.88957673979398
STU_011442,76.83432982531536
STU_011443,71.84614146648182
STU_011444,74.80919885383521
STU_011445,70.91276045135328
STU_011446,57.132676092196206
STU_011447,93.61939790387639
STU_011448,63.258692597051734
STU_011449,71.06038814609569
STU_011450,82.12242525442149
STU_011451,81.09511187339605
STU_011452,71.75834017831197
STU_011453,72.13103910742288
STU_011454,65.00400834089217
STU_011455,50.02416552607092
STU_011456,91.46872502601799
STU_011457,67.15338114208669
STU_011458,97.22658577271046
STU_011459,73.5701005895455
STU_011460,80.92383226745115
STU_011461,77.76438159569716
STU_011462,84.2009846770659
STU_011463,80.39739456111111
STU_011464,74.75442410448522
STU_011465,63.8395296872106
STU_011466,82.83257542332743
STU_011467,75.19535871196574
STU_011468,66.94747279274235
STU_011469,74.3361584388363
STU_011470,97.46890574290374
STU_011471,60.317348003840735
STU_011472,69.88917868355928
STU_011473,77.85578044584338
STU_011474,93.17895802952204
STU_011475,87.5850846175697
STU_011476,91.09489169919831
STU_011477,99.46205457057945
STU_011478,48.03632967398428
STU_011479,61.90997307519105
STU_011480,97.87211069677214
STU_011481,70.58132991015295
STU_011482,62.287261654326855
STU_011483,94.8321274417424
STU_011484,74.10087745873153
STU_011485,73.512328475465
STU_011486,61.22740365851145
STU_011487,83.0624194417837
STU_011488,74.19984989331086
STU_011489,70.79340168241801
STU_011490,78.63633727408255
STU_011491,58.74158152310075
STU_011492,81.9892079082449
STU_011493,95.26161782933134
STU_011494,82.12419381127818
STU_011495,86.36706810303534
STU_011496,95.11121927722114
STU_011497,75.65722327019944
STU_011498,75.91684998251448
STU_011499,81.90852634630026
STU_011500,74.300333205519
STU_011501,67.92760594836433
STU_011502,48.54484360989142
STU_011503,88.15329080451437
STU_011504,61.817438818922525
STU_011505,73.50502594796443
STU_011506,58.028952326355636
STU_011507,68.90868353364958
STU_011508,83.24341210215043
STU_011509,65.90183095832629
STU_011510,82.61197586259519
STU_011511,99.48311331034586
STU_011512,50.735822079862956
STU_011513,75.80615365547831
STU_011514,78.51439391470261
STU_011515,67.21276594453839
STU_011516,82.11533410167193
STU_011517,87.23535619866966
STU_011518,98.52275932226264
STU_011519,61.558155427578725
STU_011520,51.21797272528041
STU_011521,52.4921907226063
STU_011522,100.0
STU_011523,74.9209364327904
STU_011524,87.92678402763512
STU_011525,98.7508630689708
STU_011526,84.52650763286164
STU_011527,84.86889453619217
STU_011528,84.14874924073365
STU_011529,83.14736118336332
STU_011530,62.971949090548435
STU_011531,76.85217214617397
STU_011532,72.71228566181783
STU_011533,74.11903253920713
STU_011534,75.11458868821998
STU_011535,67.10460822944374
STU_011536,56.535254446318234
STU_011537,50.91812414471919
STU_011538,74.70067401491814
STU_011539,69.62746974433658
STU_011540,75.11087571906099
STU_011541,81.1594972274934
STU_011542,63.86558716584824
STU_011543,79.5017318294444
STU_011544,86.76754229655332
STU_011545,88.72729239313757
STU_011546,60.24478681531572
STU_011547,92.31750137117582
STU_011548,82.00230236582279
STU_011549,63.17976920345593
STU_011550,81.8299781596239
STU_011551,72.51307690858815
STU_011552,57.777937866964734
STU_011553,75.62078904668327
STU_011554,81.48738882370793
STU_011555,83.29379297862546
STU_011556,100.0
STU_011557,61.41910001032558
STU_011558,100.0
STU_011559,92.71263398068585
STU_011560,97.2416846543203
STU_011561,67.68542462593089
STU_011562,100.0
STU_011563,95.80372443219926
STU_011564,56.128559342473906
STU_011565,71.15570788369888
STU_011566,68.49774827916966
STU_011567,60.22579665675828
STU_011568,60.18559537011153
STU_011569,78.25594670969734
STU_011570,100.0
STU_011571,78.85744783201169
STU_011572,86.23912629319973
STU_011573,76.05914263665007
STU_011574,69.95152334351205
STU_011575,71.05072493763463
STU_011576,74.6300349409927
STU_011577,64.49356357791392
STU_011578,67.10264223780872
STU_011579,67.67133376472599
STU_011580,92.07920421158924
STU_011581,59.64738133933625
STU_011582,85.3851317429293
STU_011583,66.84040773084581
STU_011584,86.28501343940259
STU_011585,85.98771271469849
STU_011586,82.32676508884492
STU_011587,98.23234828294191
STU_011588,90.74554484281107
STU_011589,82.31911028867131
STU_011590,68.60455717230612
STU_011591,65.91243169033108
STU_011592,95.67101397262272
STU_011593,73.9500255112368
STU_011594,100.0
STU_011595,96.37137383108087
STU_011596,77.4359014405366
STU_011597,66.1918457155255
STU_011598,79.52471064523668
STU_011599,62.56929295081913
STU_011600,57.52631752054377
STU_011601,72.58187044618572
STU_011602,89.86694752613812
STU_011603,63.05177327376079
STU_011604,81.99274281047708
STU_011605,83.46489594599187
STU_011606,63.330068802315694
STU_011607,95.44112312827616
STU_011608,88.53911201708186
STU_011609,64.79989760070806
STU_011610,81.14000512033282
STU_011611,58.13516233506873
STU_011612,81.77370849733965
STU_011613,66.6436273176047
STU_011614,61.97197283070284
STU_011615,94.42176675660899
STU_011616,92.85677374302385
STU_011617,69.9570386521314
STU_011618,72.35773115807775
STU_011619,78.32286135713443
STU_011620,58.20799121871893
STU_011621,70.51148459974657
STU_011622,74.05115483885226
STU_011623,62.25029524394384
STU_011624,84.685575654186
STU_011625,100.0
STU_011626,79.0269127004618
STU_011627,68.61686930978338
STU_011628,68.41037845165344
STU_011629,66.64445368592072
STU_011630,97.23478639263286
STU_011631,51.89749391002398
STU_011632,61.31093451520805
STU_011633,100.0
STU_011634,48.74345837602997
STU_011635,92.56196572194268
STU_011636,64.38374656182285
STU_011637,73.483697560943
STU_011638,83.38791895649297
STU_011639,89.86273698453563
STU_011640,90.50749807264583
STU_011641,76.7857931070048
STU_011642,78.17703744107668
STU_011643,61.30519503888614
STU_011644,91.63221302307834
STU_011645,97.0541742131337
STU_011646,76.67784786661066
STU_011647,78.26383639719967
STU_011648,77.77393432382337
STU_011649,86.9119642381676
STU_011650,92.18036720048325
STU_011651,64.46367952492899
STU_011652,58.95220066860385
STU_011653,100.0
STU_011654,67.51376264184037
STU_011655,72.98937416794583
STU_011656,61.00017673440233
STU_011657,42.04394122536867
STU_011658,100.0
STU_011659,64.17231521555004
STU_011660,83.8831443558469
STU_011661,100.0
STU_011662,85.98937665366903
STU_011663,95.07263181563793
STU_011664,90.53191066600029
STU_011665,62.95362335680569
STU_011666,67.06409379118567
STU_011667,58.90374646710549
STU_011668,75.25667998139392
STU_011669,61.06835924693165
STU_011670,90.3050326928774
STU_011671,77.15721061156201
STU_011672,91.49773891635284
STU_011673,73.88237819862451
STU_011674,61.14217252796425
STU_011675,86.04876098312079
STU_011676,72.56317111954765
STU_011677,80.77346986577055
STU_011678,52.39796037950909
STU_011679,96.02870359710957
STU_011680,89.5331086409091
STU_011681,96.62837610614875
STU_011682,46.91650090307833
STU_011683,72.00242584281378
STU_011684,61.133175021056374
STU_011685,58.99083550157468
STU_011686,73.82385447320185
STU_011687,88.07163891991269
STU_011688,84.12326288319849
STU_011689,71.7163305776615
STU_011690,73.5453643575686
STU_011691,100.0
STU_011692,78.0136869098122
STU_011693,86.70110607855148
STU_011694,90.61708248061498
STU_011695,91.68530213480597
STU_011696,88.81184752118268
STU_011697,66.27733391757322
STU_011698,67.86069323307903
STU_011699,80.43333966399469
STU_011700,62.70581835368169
STU_011701,79.01611520186266
STU_011702,85.16899686250908
STU_011703,91.0092594453747
STU_011704,83.54645287802268
STU_011705,77.34211856219564
STU_011706,92.93668529553241
STU_011707,70.63224796717923
STU_011708,76.75671614459041
STU_011709,84.0702513186661
STU_011710,78.77716412867055
STU_011711,82.31149623051903
STU_011712,55.23708203692165
STU_011713,94.30003742414048
STU_011714,70.6090324282366
STU_011715,87.04094562756072
STU_011716,88.16260889743741
STU_011717,71.93999891122223
STU_011718,86.01527673245336
STU_011719,76.92111254331391
STU_011720,97.17026553332917
STU_011721,60.950908896420515
STU_011722,63.3285740713239
STU_011723,74.85440292237689
STU_011724,92.47448227819943
STU_011725,76.426491999966
STU_011726,57.37195995341999
STU_011727,61.99650462423622
STU_011728,55.76046864708685
STU_011729,75.40357883453636
STU_011730,74.65764010238335
STU_011731,98.90410886594742
STU_011732,86.3552804140157
STU_011733,77.3927603538152
STU_011734,91.50114610064627
STU_011735,77.12750887276387
STU_011736,69.65404672316544
STU_011737,70.20888205075342
STU_011738,89.74617177643263
STU_011739,91.17563499554379
STU_011740,86.52280071164584
STU_011741,79.54153134478119
STU_011742,61.540192995586935
STU_011743,57.64932039070726
STU_011744,74.30748929148989
STU_011745,60.651275255439884
STU_011746,70.6869750883857
STU_011747,89.94221252165397
STU_011748,72.50977647593531
STU_011749,72.82309267923667
STU_011750,94.72967258171813
STU_011751,66.54519759520042
STU_011752,69.1944901336656
STU_011753,50.66390601923024
STU_011754,81.41770442103608
STU_011755,76.41792509225338
STU_011756,84.58745841611962
STU_011757,76.75492512475229
STU_011758,97.5545763324052
STU_011759,73.02452598295558
STU_011760,85.17182442237801
STU_011761,88.47213306992957
STU_011762,74.15734708105767
STU_011763,80.96072436780418
STU_011764,63.74491659113022
STU_011765,78.39086519320541
STU_011766,49.52049990887819
STU_011767,61.18372196945769
STU_011768,91.80559967020089
STU_011769,63.473889592498125
STU_011770,96.92471585898635
STU_011771,66.07187029298449
STU_011772,63.688513271712694
STU_011773,62.44473053052798
STU_011774,62.148216329440686
STU_011775,80.90547310893976
STU_011776,69.05668690850999
STU_011777,76.70762696474587
STU_011778,91.05443966976542
STU_011779,78.65708142559366
STU_011780,74.34381774398229
STU_011781,60.0782933293322
STU_011782,88.917250950205
STU_011783,74.20185472237102
STU_011784,71.83353568424353
STU_011785,66.7803630996831
STU_011786,81.6724168715402
STU_011787,69.2611167989897
STU_011788,71.03439576283189
STU_011789,62.57394693863469
STU_011790,82.29999961253706
STU_011791,96.7674204345027
STU_011792,81.87930106232888
STU_011793,62.654751799094825
STU_011794,57.29387896605381
STU_011795,60.9795752412319
STU_011796,100.0
STU_011797,62.614428884796965
STU_011798,63.893064446242775
STU_011799,100.0
STU_011800,69.45344894984306
STU_011801,84.69386702138176
STU_011802,89.01437656397452
STU_011803,71.7679834648087
STU_011804,69.31501694875878
STU_011805,67.30687627477074
STU_011806,66.57955406026552
STU_011807,84.69097996584786
STU_011808,89.01962462719328
STU_011809,91.11713594009024
STU_011810,89.50062686576554
STU_011811,89.6782342104338
STU_011812,67.8644737930252
STU_011813,73.54174391814122
STU_011814,92.13128249872597
STU_011815,65.37898707243788
STU_011816,77.23657046048973
STU_011817,98.8252703868775
STU_011818,78.5947405610607
STU_011819,72.51647259137921
STU_011820,70.47709100376483
STU_011821,69.74651427734004
STU_011822,100.0
STU_011823,67.77692940659446
STU_011824,69.4377908359888
STU_011825,79.88762446366815
STU_011826,69.361660691797
STU_011827,72.66304115509917
STU_011828,73.53839128974604
STU_011829,75.61137317534394
STU_011830,66.79947999663197
STU_011831,67.93682868213595
STU_011832,68.34516957082378
STU_011833,66.0281356747549
STU_011834,65.41496815437404
STU_011835,76.11139337486566
STU_011836,74.68379885764628
STU_011837,71.91656182926077
STU_011838,69.49112471100692
STU_011839,87.78189674204968
STU_011840,78.93999801174918
STU_011841,82.06430522019018
STU_011842,57.83174533714552
STU_011843,57.83039941340303
STU_011844,89.63151989390859
STU_011845,69.12715228287404
STU_011846,90.73614073561517
STU_011847,71.58056558102574
STU_011848,98.12397602851594
STU_011849,78.0531692088678
STU_011850,69.84732394415936
STU_011851,88.72903412892238
STU_011852,90.41746741764821
STU_011853,84.79992198281103
STU_011854,72.16682711227553
STU_011855,88.92730067395492
STU_011856,83.39223272462829
STU_011857,80.12114913140472
STU_011858,80.80367342989807
STU_011859,73.95995996334752
STU_011860,72.55992575254545
STU_011861,67.27634557855968
STU_011862,71.11361360315149
STU_011863,100.0
STU_011864,51.79885723547565
STU_011865,82.26693818964036
STU_011866,64.00297080503589
STU_011867,87.61178528359555
STU_011868,79.1712060947491
STU_011869,73.38181602447864
STU_011870,92.09397731579512
STU_011871,65.14111532455078
STU_011872,67.92563950048758
STU_011873,79.26664268928228
STU_011874,64.14775864098327
STU_011875,62.43526376714753
STU_011876,68.51898621581425
STU_011877,93.47932707221965
STU_011878,55.039965887355365
STU_011879,77.59961856597681
STU_011880,61.82282503520938
STU_011881,58.82902203735573
STU_011882,83.54633610617277
STU_011883,55.837092392495904
STU_011884,69.96548614041994
STU_011885,60.10642211994029
STU_011886,73.69866782702147
STU_011887,78.61029248861988
STU_011888,80.46965989362246
STU_011889,45.673390897609934
STU_011890,59.202063055536854
STU_011891,81.23085881799942
STU_011892,100.0
STU_011893,88.61889179290587
STU_011894,72.26640654974028
STU_011895,91.48160925398851
STU_011896,56.09777879285038
STU_011897,72.06698248826676
STU_011898,100.0
STU_011899,57.18169208881828
STU_011900,78.03024262415694
STU_011901,74.16215199179275
STU_011902,54.35678414698947
STU_011903,73.47993477973229
STU_011904,78.96433643236409
STU_011905,73.33775209084025
STU_011906,79.9600410832703
STU_011907,80.61706209196062
STU_011908,97.17372892883455
STU_011909,48.36048677063228
STU_011910,88.96076134988834
STU_011911,72.67871153063054
STU_011912,92.36747882879287
STU_011913,70.85461370878089
STU_011914,89.31422912990682
STU_011915,75.25033834404331
STU_011916,70.16834123794608
STU_011917,85.27337819883381
STU_011918,78.20287636748482
STU_011919,100.0
STU_011920,75.35993437100386
STU_011921,72.08746833770903
STU_011922,81.36878209390815
STU_011923,61.27006192796233
STU_011924,69.26240873715109
STU_011925,43.76974046750302
STU_011926,69.78379055716411
STU_011927,70.87920386390839
STU_011928,70.718918304678
STU_011929,82.88136541399884
STU_011930,86.56466309020256
STU_011931,87.59039754213471
STU_011932,67.51899615655303
STU_011933,53.91083069407284
STU_011934,83.8266949727133
STU_011935,57.4067015991712
STU_011936,91.91904472252759
STU_011937,68.82165962324422
STU_011938,58.99603171676709
STU_011939,93.0127408834461
STU_011940,80.077641138812
STU_011941,80.63589648464576
STU_011942,89.8498481882756
STU_011943,70.25429499241028
STU_011944,67.46347812080525
STU_011945,74.38730173456223
STU_011946,99.46434365622629
STU_011947,87.24450961671938
STU_011948,62.46560541738191
STU_011949,79.05436245880855
STU_011950,74.41566329208722
STU_011951,91.34687296179752
STU_011952,66.76529111019623
STU_011953,53.76069088887843
STU_011954,92.4826188126887
STU_011955,60.01400580769946
STU_011956,94.82226885014965
STU_011957,61.763565774311274
STU_011958,95.44741195779378
STU_011959,77.98286192987672
STU_011960,92.2604201988934
STU_011961,91.83262810621719
STU_011962,78.49169876113021
STU_011963,85.89233809455101
STU_011964,67.84811651987275
STU_011965,76.4863523058376
STU_011966,91.65374986329793
STU_011967,56.163574691097025
STU_011968,89.06194930447508
STU_011969,58.73332727957421
STU_011970,79.63086249635691
STU_011971,56.41422050416824
STU_011972,88.8357856767417
STU_011973,65.6187406158116
STU_011974,94.90147596803244
STU_011975,74.21046047303979
STU_011976,69.01572855535322
STU_011977,84.33633311468742
STU_011978,62.991814341565274
STU_011979,79.69966801962245
STU_011980,79.77307966048663
STU_011981,80.13307945087753
STU_011982,96.05302733396253
STU_011983,68.500860352423
STU_011984,79.60281779352395
STU_011985,80.05885613759808
STU_011986,68.94738180338031
STU_011987,56.00527040027622
STU_011988,77.68385007425177
STU_011989,72.4629673950438
STU_011990,92.71517811090986
STU_011991,62.99747427080736
STU_011992,46.26703904422661
STU_011993,71.48646570428524
STU_011994,65.61578548054682
STU_011995,76.72178663688074
STU_011996,68.86867694539247
STU_011997,87.27310883004911
STU_011998,93.02371644695062
STU_011999,100.0
STU_012000,88.5418690031345
STU_012001,87.57479992272448
STU_012002,73.73946445702994
STU_012003,77.79429853134017
STU_012004,68.88949126180594
STU_012005,74.71434876789256
STU_012006,94.44194833238403
STU_012007,62.142454491954936
STU_012008,76.21634189142053
STU_012009,71.45729299146677
STU_012010,44.28451399423585
STU_012011,59.03450479400861
STU_012012,74.05500476907812
STU_012013,70.55626345275499
STU_012014,56.70136008749181
STU_012015,69.79681609673317
STU_012016,54.5953338542562
STU_012017,74.31225858118962
STU_012018,89.16585034556009
STU_012019,95.97503306621839
STU_012020,61.36043052375929
STU_012021,65.2791022971048
STU_012022,74.55754006066356
STU_012023,74.58133114579935
STU_012024,94.12678806706779
STU_012025,86.84203363625642
STU_012026,65.88420632002318
STU_012027,95.3931997984518
STU_012028,95.0709173555368
STU_012029,62.24814149772017
STU_012030,83.88855386118044
STU_012031,90.6896600221932
STU_012032,66.16158627009177
STU_012033,67.1092810675749
STU_012034,97.83923192209076
STU_012035,69.00597400078875
STU_012036,69.63041700405351
STU_012037,82.31687649895484
STU_012038,63.387997736440965
STU_012039,68.73543022968198
STU_012040,94.60395276368519
STU_012041,72.5723800949347
STU_012042,87.52243009976651
STU_012043,69.22276687445384
STU_012044,72.98283794167536
STU_012045,53.78140245662368
STU_012046,86.35348561861434
STU_012047,95.16043833522885
STU_012048,54.911746432481806
STU_012049,74.33396751089082
STU_012050,75.80169026430961
STU_012051,38.2692849491075
STU_012052,85.62512943859461
STU_012053,84.04849728684378
STU_012054,67.68779128791519
STU_012055,78.34661833349011
STU_012056,98.81287496671212
STU_012057,90.74019849335411
STU_012058,65.00726844519775
STU_012059,55.49616241405468
STU_012060,74.10959569018114
STU_012061,62.20976470481634
STU_012062,91.72897369468147
STU_012063,58.2865234035866
STU_012064,65.11946691879596
STU_012065,86.31668473549911
STU_012066,74.30380078751193
STU_012067,78.24367808493493
STU_012068,63.344867890402085
STU_012069,67.72737261433478
STU_012070,83.04070197361214
STU_012071,73.99165632963845
STU_012072,73.37301731539561
STU_012073,92.18853574032913
STU_012074,87.25081816856368
STU_012075,53.05187492627111
STU_012076,65.12057462394918
STU_012077,65.9231931442113
STU_012078,69.42032280923563
STU_012079,77.22700915080553
STU_012080,74.99238480295718
STU_012081,50.47594957703009
STU_012082,92.7032917013494
STU_012083,67.9518266582211
STU_012084,77.05575310041316
STU_012085,99.14397994238027
STU_012086,79.2379021674155
STU_012087,78.32755681387071
STU_012088,76.29873189780427
STU_012089,74.88803285063946
STU_012090,96.06867932906728
STU_012091,84.87889008740144
STU_012092,80.09147010461423
STU_012093,76.55990349561826
STU_012094,79.53614933933581
STU_012095,59.23701272304106
STU_012096,76.58573855367433
STU_012097,75.71671176369246
STU_012098,64.80337441659579
STU_012099,78.0200766896236
STU_012100,91.63974316484644
STU_012101,92.22913227710582
STU_012102,64.77579584765923
STU_012103,77.42383350463591
STU_012104,59.42460239292227
STU_012105,84.48084407596612
STU_012106,90.63218615453806
STU_012107,77.96182541785235
STU_012108,90.14694625227183
STU_012109,75.27181537723983
STU_012110,73.84892986001934
STU_012111,50.31803424965988
STU_012112,81.7539006239733
STU_012113,91.55449277311116
STU_012114,72.2382688170951
STU_012115,72.25570485066002
STU_012116,75.28839700906492
STU_012117,93.50054905241953
STU_012118,66.50222193636718
STU_012119,94.0283386823503
STU_012120,65.01119850924253
STU_012121,71.0883219330348
STU_012122,67.56765800234177
STU_012123,83.42257255254073
STU_012124,70.8079150230613
STU_012125,75.40400989109769
STU_012126,78.47147223369087
STU_012127,76.72407261154355
STU_012128,74.41267319070668
STU_012129,75.778156985524
STU_012130,63.025909753694535
STU_012131,52.20544667605215
STU_012132,82.20333612093368
STU_012133,80.32444900020285
STU_012134,62.09289981516673
STU_012135,65.89512146831036
STU_012136,55.40663893190512
STU_012137,70.74263437917172
STU_012138,60.60763647043997
STU_012139,68.87299528359628
STU_012140,71.49364367161395
STU_012141,61.9650811615122
STU_012142,78.75056786201833
STU_012143,100.0
STU_012144,84.22916681129134
STU_012145,77.0293738554984
STU_012146,78.85151556183624
STU_012147,66.51721292217776
STU_012148,73.59997031929981
STU_012149,83.03212358821361
STU_012150,78.3874964568025
STU_012151,82.21152040915335
STU_012152,54.15069959071597
STU_012153,72.47316912290869
STU_012154,81.68723833720505
STU_012155,64.18349818716719
STU_012156,72.62475411681876
STU_012157,83.96863801166698
STU_012158,87.924504044193
STU_012159,83.62021887318367
STU_012160,91.08692246510053
STU_012161,94.05220041404574
STU_012162,82.5599831984194
STU_012163,99.28594208185638
STU_012164,46.844209153146025
STU_012165,70.28022117185705
STU_012166,66.59094490668798
STU_012167,93.10802865133611
STU_012168,54.73434639024936
STU_012169,61.678718300270646
STU_012170,71.5033447957508
STU_012171,80.22758060713022
STU_012172,94.74994035428175
STU_012173,94.21123911311221
STU_012174,81.73612483117448
STU_012175,84.08617605780721
STU_012176,69.32608795300304
STU_012177,72.41511878096586
STU_012178,87.19949667410347
STU_012179,70.05280351532859
STU_012180,81.12628676225118
STU_012181,96.28133733781807
STU_012182,73.18987107161958
STU_012183,91.16045494223566
STU_012184,72.05344757973562
STU_012185,72.9824477461925
STU_012186,92.30670804979725
STU_012187,53.50216309772178
STU_012188,63.168678015399436
STU_012189,60.56582826673038
STU_012190,87.36518516222517
STU_012191,75.03953810490445
STU_012192,71.06286551999413
STU_012193,65.82555386576259
STU_012194,82.83168007130838
STU_012195,65.95330042911638
STU_012196,49.25413680254085
STU_012197,86.29700594258276
STU_012198,66.8674983455951
STU_012199,84.92794462403434
STU_012200,57.3325602521772
STU_012201,74.17665234060674
STU_012202,81.39104101108029
STU_012203,88.17547930976511
STU_012204,70.76586722265478
STU_012205,75.29863815125289
STU_012206,84.84340556795982
STU_012207,88.36667351421036
STU_012208,75.48165734453977
STU_012209,57.626299265437495
STU_012210,77.29196209397269
STU_012211,82.98231247844025
STU_012212,72.2898658685068
STU_012213,85.15008491788453
STU_012214,65.74208974060953
STU_012215,63.54659186094564
STU_012216,89.15307918247244
STU_012217,94.72576540548629
STU_012218,100.0
STU_012219,71.87815114820671
STU_012220,61.223269107031314
STU_012221,77.80182941161816
STU_012222,65.62488558839475
STU_012223,66.60531728546734
STU_012224,69.0227448083226
STU_012225,94.81101471044146
STU_012226,74.51770834269921
STU_012227,74.83851013088426
STU_012228,62.13084075286754
STU_012229,83.56824192708238
STU_012230,85.02719006428653
STU_012231,66.76265726915112
STU_012232,76.21519784392227
STU_012233,81.61250809508222
STU_012234,65.64733331080913
STU_012235,68.51404757283466
STU_012236,100.0
STU_012237,70.83453638120848
STU_012238,66.72524258907676
STU_012239,73.03148296909812
STU_012240,76.55719438293525
STU_012241,92.94590062828088
STU_012242,74.193557742428
STU_012243,52.58164248764035
STU_012244,59.37181191784565
STU_012245,75.13810705758534
STU_012246,63.19706926074171
STU_012247,55.67433992642515
STU_012248,90.90347301741103
STU_012249,85.39019951275222
STU_012250,86.17222431135197
STU_012251,70.28735076744225
STU_012252,63.59716340502253
STU_012253,58.653388644120554
STU_012254,51.650458855244665
STU_012255,82.29781210369008
STU_012256,69.65769775184373
STU_012257,81.60583431251526
STU_012258,77.12218392031244
STU_012259,81.60206707636607
STU_012260,86.20593966702782
STU_012261,87.39442548213253
STU_012262,84.42071932979958
STU_012263,68.01749214405407
STU_012264,62.687310434945076
STU_012265,65.22280270853693
STU_012266,98.15170652003785
STU_012267,91.32230281688054
STU_012268,53.231428063537564
STU_012269,80.61362038179874
STU_012270,68.66035827145761
STU_012271,76.32411506496315
STU_012272,70.64307854311872
STU_012273,71.240510320275
STU_012274,62.38134375889882
STU_012275,94.23032826774018
STU_012276,70.01209630377268
STU_012277,75.15984964880313
STU_012278,64.57324178502826
STU_012279,74.81956350704242
STU_012280,72.99766193942769
STU_012281,56.344003179431084
STU_012282,88.5084138309617
STU_012283,93.07871199240016
STU_012284,67.52650754903406
STU_012285,73.67879266250522
STU_012286,74.79314611398212
STU_012287,97.49305273005233
STU_012288,81.25760940747459
STU_012289,92.6872339154369
STU_012290,83.5988982685389
STU_012291,66.75643179446847
STU_012292,77.69062885608359
STU_012293,74.96146524976255
STU_012294,88.2038570524942
STU_012295,79.02654386754477
STU_012296,77.13386100780617
STU_012297,76.2797043962281
STU_012298,68.93089444287286
STU_012299,90.37217202032515
STU_012300,54.62224777692343
STU_012301,88.81742796351163
STU_012302,78.9520486772098
STU_012303,61.46060231472603
STU_012304,49.00496118199306
STU_012305,98.29225640684203
STU_012306,71.01271960266848
STU_012307,70.20473610347774
STU_012308,85.37301946733494
STU_012309,67.24800234098957
STU_012310,74.27858329127866
STU_012311,83.41586797285555
STU_012312,57.390982296929835
STU_012313,75.77737520396603
STU_012314,98.58611586894791
STU_012315,90.46452361241104
STU_012316,68.3624402663399
STU_012317,100.0
STU_012318,77.94898386585466
STU_012319,80.49280348881346
STU_012320,64.18968370774527
STU_012321,63.206108611067165
STU_012322,92.1331411370035
STU_012323,60.77752732002536
STU_012324,84.59326703325017
STU_012325,65.04540619025192
STU_012326,75.5405643158011
STU_012327,61.533977801454185
STU_012328,62.241586061114475
STU_012329,93.96898241599891
STU_012330,87.85311561593421
STU_012331,79.46362549223626
STU_012332,70.58840774561574
STU_012333,86.23944813461192
STU_012334,73.55713350609531
STU_012335,67.16002159903896
STU_012336,91.73465105631986
STU_012337,90.9122213062545
STU_012338,67.36197640283098
STU_012339,83.31369866963807
STU_012340,63.42961871028284
STU_012341,53.81157081896785
STU_012342,87.37062423458062
STU_012343,86.12483694986746
STU_012344,61.94057543195095
STU_012345,66.85313969623034
STU_012346,72.49746526169285
STU_012347,95.89179350463702
STU_012348,81.84924060365056
STU_012349,66.55242132211403
STU_012350,84.4972609872041
STU_012351,85.01897128218822
STU_012352,83.53054698635425
STU_012353,94.80223572104732
STU_012354,60.89532931050263
STU_012355,84.85562141260075
STU_012356,78.67721674290065
STU_012357,68.41980336665647
STU_012358,95.94919500618771
STU_012359,87.16250730920906
STU_012360,74.7581820720497
STU_012361,63.10740847243787
STU_012362,83.01421359589497
STU_012363,75.52413269782846
STU_012364,80.03854402160377
STU_012365,65.65401970840807
STU_012366,85.26341805780525
STU_012367,76.91328180408587
STU_012368,59.94768909749966
STU_012369,75.38974006219352
STU_012370,100.0
STU_012371,73.83922273382856
STU_012372,84.05387265969566
STU_012373,75.46413908939161
STU_012374,76.58864787820961
STU_012375,62.86841903925337
STU_012376,81.98567743318084
STU_012377,85.45336645354035
STU_012378,72.22206135199981
STU_012379,70.79144006836076
STU_012380,96.61184497665094
STU_012381,100.0
STU_012382,66.15136696822375
STU_012383,81.89731838223513
STU_012384,96.67672516975703
STU_012385,85.84611464435503
STU_012386,77.39669287995082
STU_012387,79.63865758880645
STU_012388,85.10251207678384
STU_012389,99.10529311707064
STU_012390,73.22206050721337
STU_012391,49.9851174758836
STU_012392,76.5878579313957
STU_012393,70.74583443881876
STU_012394,69.51119208612992
STU_012395,84.27959945313953
STU_012396,80.29172179575342
STU_012397,72.30371966702076
STU_012398,84.9154142104834
STU_012399,76.91889514903336
STU_012400,75.89735203510175
STU_012401,91.93370705670507
STU_012402,100.0
STU_012403,47.37549105408392
STU_012404,75.7852630548412
STU_012405,60.65609583133033
STU_012406,64.44881133679215
STU_012407,96.22088635311327
STU_012408,80.29861731395218
STU_012409,69.63890335335047
STU_012410,44.96516906567104
STU_012411,93.74300135911022
STU_012412,70.55734327485963
STU_012413,60.185688840382724
STU_012414,99.74963268851532
STU_012415,88.72437879407948
STU_012416,91.28756214466723
STU_012417,56.93103617050198
STU_012418,85.97568196734356
STU_012419,73.4028742831227
STU_012420,57.01945894917485
STU_012421,71.29025124424886
STU_012422,85.0000494879059
STU_012423,80.34798988867637
STU_012424,87.27697193869591
STU_012425,56.22431445659802
STU_012426,83.27350636956969
STU_012427,70.89253077393413
STU_012428,87.00640030643136
STU_012429,59.56859822638975
STU_012430,70.28034712278927
STU_012431,71.12229611329334
STU_012432,59.43354733580453
STU_012433,55.55267665339504
STU_012434,91.86970467636584
STU_012435,64.69776774790712
STU_012436,72.44994470072122
STU_012437,91.64475059815938
STU_012438,59.83664364316148
STU_012439,74.02863886521895
STU_012440,71.84980983671402
STU_012441,95.28110225338038
STU_012442,99.69908329072184
STU_012443,62.460077440532004
STU_012444,87.2096230689112
STU_012445,69.55486181481024
STU_012446,86.17212321211879
STU_012447,92.36903464427772
STU_012448,72.88171448908766
STU_012449,81.94130369733617
STU_012450,71.03891809299171
STU_012451,86.09465266053569
STU_012452,81.44818173262549
STU_012453,94.33212274781654
STU_012454,88.90088902937215
STU_012455,75.00248157520925
STU_012456,93.54662357923155
STU_012457,68.99790849607201
STU_012458,82.81418067869315
STU_012459,58.259814876905864
STU_012460,88.11872138732393
STU_012461,75.01680020557397
STU_012462,70.79886933207142
STU_012463,81.51384427298333
STU_012464,75.03128676304833
STU_012465,74.2122716058443
STU_012466,68.42504093104556
STU_012467,77.18201250558347
STU_012468,85.99423055346107
STU_012469,87.97619801349785
STU_012470,53.779672612972156
STU_012471,52.403011118303965
STU_012472,96.24212808510278
STU_012473,72.30614977831137
STU_012474,64.38816109667214
STU_012475,69.90072267313968
STU_012476,47.15466560303115
STU_012477,99.70058582574116
STU_012478,70.58254681782164
STU_012479,64.06559067856533
STU_012480,78.94228974298822
STU_012481,90.83622244249156
STU_012482,68.74805150441709
STU_012483,61.317745955916436
STU_012484,69.12985219972482
STU_012485,76.13620131222353
STU_012486,70.85337814931566
STU_012487,65.70895831811418
STU_012488,74.86533121083272
STU_012489,81.55976630974754
STU_012490,88.44512704106903
STU_012491,60.639268993061606
STU_012492,62.29437417013803
STU_012493,63.35399526829097
STU_012494,74.79024335735721
STU_012495,72.7973345217866
STU_012496,80.2310306191157
STU_012497,89.12167911379534
STU_012498,71.66520499637598
STU_012499,76.86284579374907
STU_012500,83.07462528895807
STU_012501,95.30846008124071
STU_012502,85.17786974787528
STU_012503,84.1338368618206
STU_012504,77.51600192053846
STU_012505,80.98149582340707
STU_012506,67.65123544156089
STU_012507,87.31804765304236
STU_012508,68.61207268775338
STU_012509,87.43060896267615
STU_012510,74.83381828494653
STU_012511,75.23793671835263
STU_012512,77.25960699912476
STU_012513,68.98635194237141
STU_012514,100.0
STU_012515,87.50352431206267
STU_012516,78.40166200623808
STU_012517,99.36593837226714
STU_012518,55.239582362886125
STU_012519,75.01449288103434
STU_012520,69.65439985279889
STU_012521,94.42816764420418
STU_012522,96.56791096064464
STU_012523,82.22491461223929
STU_012524,98.54386657694526
STU_012525,89.41507371996094
STU_012526,97.68107634653562
STU_012527,89.41496026732231
STU_012528,63.097510973423425
STU_012529,99.0043953601232
STU_012530,80.2640434898579
STU_012531,76.35961484940948
STU_012532,69.04965284265148
STU_012533,88.61832668471635
STU_012534,56.7780939454443
STU_012535,80.29307987852495
STU_012536,71.97680263363803
STU_012537,50.5066385150309
STU_012538,63.121446477929254
STU_012539,87.29211821416341
STU_012540,70.3676176944115
STU_012541,100.0
STU_012542,99.36817227555791
STU_012543,73.47645190436694
STU_012544,83.12088139751523
STU_012545,68.83818803557759
STU_012546,77.22347331512721
STU_012547,100.0
STU_012548,53.34811555374095
STU_012549,76.46923883850728
STU_012550,93.29623354236075
STU_012551,92.37085235365241
STU_012552,70.17077805934713
STU_012553,79.26095416793174
STU_012554,65.6195641685721
STU_012555,48.689344968876924
STU_012556,64.82290815236227
STU_012557,80.61566706289479
STU_012558,68.03489053953382
STU_012559,90.10946079134042
STU_012560,66.21724413368388
STU_012561,61.248015028583794
STU_012562,69.22550350312365
STU_012563,84.50421827232415
STU_012564,90.94552217362435
STU_012565,100.0
STU_012566,77.21474637196471
STU_012567,63.65462998647686
STU_012568,98.43087839189623
STU_012569,66.17954398247515
STU_012570,50.82933834433517
STU_012571,58.07626569930642
STU_012572,55.986894357721084
STU_012573,74.72751959144222
STU_012574,58.97157535554304
STU_012575,68.24663777186468
STU_012576,74.58491455124634
STU_012577,100.0
STU_012578,48.548385820807994
STU_012579,81.1502626615728
STU_012580,71.89023538533651
STU_012581,63.57548599136733
STU_012582,71.90134330007538
STU_012583,61.72158868368858
STU_012584,57.331274675622794
STU_012585,72.0104435803516
STU_012586,74.73213747023847
STU_012587,69.67944002736054
STU_012588,70.01132378011242
STU_012589,49.888943248813455
STU_012590,67.50169224340081
STU_012591,67.96168364485668
STU_012592,98.27303387553532
STU_012593,97.85106658961521
STU_012594,50.700877883834096
STU_012595,61.04736510587283
STU_012596,85.88250439716222
STU_012597,70.25436324973505
STU_012598,69.9826312928692
STU_012599,73.83658105149144
STU_012600,69.91179882814087
STU_012601,72.67000476164968
STU_012602,65.5392994315337
STU_012603,87.74443039070981
STU_012604,76.88278182667153
STU_012605,76.48023527074807
STU_012606,72.21305794308923
STU_012607,60.265757050855754
STU_012608,80.75105741281972
STU_012609,61.50470789080582
STU_012610,74.11896662968066
STU_012611,71.7577383886039
STU_012612,60.7543289158408
STU_012613,94.42345491602009
STU_012614,76.31039658450987
STU_012615,71.85601074594595
STU_012616,81.96210735859927
STU_012617,60.83397860490176
STU_012618,89.76351590021709
STU_012619,83.1119867291518
STU_012620,79.9455790597755
STU_012621,90.70035591229377
STU_012622,91.57005662711298
STU_012623,90.4932736715139
STU_012624,82.86747198631596
STU_012625,88.71640216039874
STU_012626,94.10049782906559
STU_012627,87.60566079346033
STU_012628,74.44573982081174
STU_012629,82.55539302121237
STU_012630,66.53473080910071
STU_012631,67.04286581795925
STU_012632,68.31107902499132
STU_012633,74.19907123730847
STU_012634,90.69667186241946
STU_012635,74.47590695428123
STU_012636,71.7352949522222
STU_012637,76.96060107836628
STU_012638,81.18135307765431
STU_012639,94.97027125626893
STU_012640,85.90884752868675
STU_012641,70.53496360671754
STU_012642,65.49163291823551
STU_012643,80.699556423969
STU_012644,83.32282066093636
STU_012645,57.521589129477235
STU_012646,87.59976835928931
STU_012647,82.27666121563264
STU_012648,63.621766937988454
STU_012649,76.11649330771571
STU_012650,79.772299319185
STU_012651,75.72278851656301
STU_012652,98.26180032679345
STU_012653,87.98255178250189
STU_012654,79.8343090616204
STU_012655,73.54881316275448
STU_012656,79.05882067224185
STU_012657,95.97573259388555
STU_012658,83.87668727055848
STU_012659,83.83838324391165
STU_012660,77.32127414003932
STU_012661,85.69237030900393
STU_012662,98.2478090905528
STU_012663,67.77404351616056
STU_012664,51.6846132074432
STU_012665,89.75037253965957
STU_012666,59.40262422019637
STU_012667,81.55859141417797
STU_012668,75.50824099273133
STU_012669,63.73582641715403
STU_012670,60.7055278210655
STU_012671,68.8587369502379
STU_012672,64.11138034002006
STU_012673,57.10928062310025
STU_012674,60.75977889960207
STU_012675,69.3625131785241
STU_012676,96.76369863959316
STU_012677,60.745191715833315
STU_012678,72.63440851557628
STU_012679,74.82200890555023
STU_012680,76.13220674236125
STU_012681,71.76826266888288
STU_012682,88.4561271914122
STU_012683,79.28338354367564
STU_012684,87.66413886722106
STU_012685,96.30177853692116
STU_012686,70.23585370586659
STU_012687,81.65254968430234
STU_012688,83.84493939184514
STU_012689,70.12750918359804
STU_012690,66.80642728362571
STU_012691,77.05898564895801
STU_012692,81.30820024796756
STU_012693,81.4895827877141
STU_012694,59.03349631115343
STU_012695,70.96700771253337
STU_012696,64.80433292601627
STU_012697,82.57272703539688
STU_012698,66.26013011342609
STU_012699,76.76640838390841
STU_012700,70.03389112585079
STU_012701,100.0
STU_012702,70.1444755727866
STU_012703,68.52003192920594
STU_012704,73.77563405668282
STU_012705,65.28599089323653
STU_012706,75.98001958618245
STU_012707,99.51188634747608
STU_012708,55.20018996249492
STU_012709,63.33990973683461
STU_012710,92.22328777292053
STU_012711,72.90437722828273
STU_012712,65.4352939620552
STU_012713,61.842304685970305
STU_012714,91.43478444338812
STU_012715,72.32846458085946
STU_012716,77.74700139041695
STU_012717,67.35980269749577
STU_012718,81.26346523516712
STU_012719,61.54059129919766
STU_012720,79.90762520165764
STU_012721,74.6583438369817
STU_012722,52.7291428431874
STU_012723,81.79532613299203
STU_012724,89.81188717958979
STU_012725,60.174883141461464
STU_012726,54.22288538689409
STU_012727,60.09646984991882
STU_012728,85.8658048460076
STU_012729,65.61837864111209
STU_012730,89.28173676176353
STU_012731,99.45683477380784
STU_012732,81.97277594377961
STU_012733,54.01502255500954
STU_012734,84.31406391860311
STU_012735,63.28505080590257
STU_012736,100.0
STU_012737,71.78333191929751
STU_012738,80.33678762771048
STU_012739,74.92921107196047
STU_012740,92.58931595736581
STU_012741,53.057667855055705
STU_012742,68.57274469420877
STU_012743,82.79527379840296
STU_012744,78.2806564416991
STU_012745,62.77879942888261
STU_012746,83.79022144385527
STU_012747,60.85990250286149
STU_012748,88.81795586042905
STU_012749,86.33096246030294
STU_012750,67.48587412181568
STU_012751,50.390078923757756
STU_012752,71.24570055194992
STU_012753,68.02445925424921
STU_012754,60.15034451264832
STU_012755,90.04879570125001
STU_012756,59.30887607483042
STU_012757,48.30910616600133
STU_012758,90.57238931652364
STU_012759,58.59955858079307
STU_012760,73.26123201607335
STU_012761,58.68229038900964
STU_012762,83.59779396976359
STU_012763,96.83508169293162
STU_012764,95.41815312068705
STU_012765,87.31273039992364
STU_012766,62.14272081905047
STU_012767,100.0
STU_012768,85.23828638891457
STU_012769,71.67244157622214
STU_012770,55.19040293578614
STU_012771,53.17152328661139
STU_012772,100.0
STU_012773,64.61525167364623
STU_012774,73.70718428309914
STU_012775,64.61934662472298
STU_012776,83.36854985036787
STU_012777,50.40280829230473
STU_012778,72.26005810005218
STU_012779,73.95093877724132
STU_012780,70.28429756528797
STU_012781,84.61357962367174
STU_012782,53.92981453973884
STU_012783,100.0
STU_012784,55.00403433649127
STU_012785,71.64686728523547
STU_012786,52.44332416955716
STU_012787,67.11478719517474
STU_012788,92.98499103053256
STU_012789,78.24383903272305
STU_012790,99.57744023683567
STU_012791,84.29011130140938
STU_012792,68.80526769138817
STU_012793,89.5448537235062
STU_012794,77.13917307343182
STU_012795,95.05535193339574
STU_012796,68.50586221347416
STU_012797,63.249994233496864
STU_012798,99.5169311263265
STU_012799,85.4711909323749
STU_012800,52.66967368736313
STU_012801,66.09872329806771
STU_012802,74.70626124803384
STU_012803,92.65009337880906
STU_012804,61.62390197939358
STU_012805,71.10101656257
STU_012806,76.74394036892345
STU_012807,64.19147820892047
STU_012808,80.8270129481314
STU_012809,86.24428096578225
STU_012810,86.0519784783197
STU_012811,76.12327165426987
STU_012812,69.20159784656077
STU_012813,79.09036448502259
STU_012814,63.815216339093965
STU_012815,63.310679509575635
STU_012816,83.46685594940233
STU_012817,68.66381574276365
STU_012818,86.96821365937204
STU_012819,55.408421623438656
STU_012820,82.44209676009785
STU_012821,72.25202769188246
STU_012822,83.99633270683537
STU_012823,78.96612232490145
STU_012824,77.95445863256873
STU_012825,60.874780764126626
STU_012826,84.99133873071719
STU_012827,57.94147273677713
STU_012828,89.91337886224393
STU_012829,69.54923665003388
STU_012830,76.86449216887327
STU_012831,67.45169129482889
STU_012832,94.65939199847237
STU_012833,90.18091206530728
STU_012834,70.76902508210112
STU_012835,72.05106313930774
STU_012836,80.01394249863135
STU_012837,63.442713850513385
STU_012838,62.46395861982025
STU_012839,64.77164841562981
STU_012840,87.4521067681346
STU_012841,70.18965651608801
STU_012842,74.36632476085032
STU_012843,80.40940172730699
STU_012844,76.2123124110831
STU_012845,61.87699441359854
STU_012846,72.87924812321477
STU_012847,74.58191565849137
STU_012848,73.92624267174737
STU_012849,88.09816014439225
STU_012850,80.39648125538356
STU_012851,86.2010228127877
STU_012852,91.36497304702495
STU_012853,61.10207048197789
STU_012854,80.06935400139119
STU_012855,84.67211080526583
STU_012856,66.73985186432854
STU_012857,100.0
STU_012858,86.09669566325904
STU_012859,60.768878709087275
STU_012860,84.74382474473306
STU_012861,65.55240633573453
STU_012862,75.50022323709938
STU_012863,93.67018569094454
STU_012864,77.2697330751851
STU_012865,64.41448910971043
STU_012866,75.19499002304029
STU_012867,88.39166187635745
STU_012868,84.44100403170609
STU_012869,62.513990356294116
STU_012870,83.84308844059005
STU_012871,85.72857471779642
STU_012872,88.07735413902446
STU_012873,60.86800887128402
STU_012874,74.37792241043762
STU_012875,73.05524340462453
STU_012876,53.30285112220966
STU_012877,83.16215194574728
STU_012878,97.18667231061839
STU_012879,78.15482765121439
STU_012880,81.39351121162618
STU_012881,96.0592400864253
STU_012882,89.03479320989184
STU_012883,68.78186140878027
STU_012884,79.50672476744901
STU_012885,78.20446945959073
STU_012886,54.99796629021175
STU_012887,71.18218361241787
STU_012888,67.76729566749754
STU_012889,66.8165013340474
STU_012890,69.14852629591493
STU_012891,71.36449869274094
STU_012892,70.98487989637651
STU_012893,87.40851531919101
STU_012894,72.9544575940019
STU_012895,93.23020134458075
STU_012896,68.82358059617572
STU_012897,76.19344219264156
STU_012898,88.64830513914178
STU_012899,83.48947537777714
STU_012900,78.87491193662322
STU_012901,73.0059000055955
STU_012902,85.73994179985341
STU_012903,64.03687764690393
STU_012904,85.65054458268008
STU_012905,60.27922563867939
STU_012906,96.71516433456733
STU_012907,51.59429269841412
STU_012908,85.3795581456801
STU_012909,66.14844667512955
STU_012910,37.91887635758704
STU_012911,83.66842889456028
STU_012912,51.85819805486233
STU_012913,59.85257241109231
STU_012914,76.324391932045
STU_012915,57.806573828089384
STU_012916,62.99158587932554
STU_012917,94.66777126413974
STU_012918,57.12658502804845
STU_012919,97.5267013984908
STU_012920,79.12107306995931
STU_012921,61.3705091140733
STU_012922,69.50089497035795
STU_012923,62.97080366251883
STU_012924,73.57113414342699
STU_012925,72.03203497592388
STU_012926,64.4684382152718
STU_012927,85.57611604392477
STU_012928,64.13839614314122
STU_012929,63.71739533189502
STU_012930,70.44629740499926
STU_012931,87.76848766498252
STU_012932,63.98638821949986
STU_012933,68.09883960202346
STU_012934,67.56199854610384
STU_012935,67.59121594408965
STU_012936,67.77843848627593
STU_012937,74.36144842523302
STU_012938,95.5939111662901
STU_012939,51.93952839906565
STU_012940,66.88659827028273
STU_012941,55.424561395286375
STU_012942,71.64858353915788
STU_012943,74.72070025499947
STU_012944,77.39349155002263
STU_012945,90.25814976405908
STU_012946,57.65941436009621
STU_012947,72.3024474553307
STU_012948,87.85671909906407
STU_012949,98.88411036526435
STU_012950,77.71909022503402
STU_012951,90.20381542863119
STU_012952,71.08282856025309
STU_012953,82.51288071071258
STU_012954,82.00947179759301
STU_012955,89.36938594007421
STU_012956,69.89959990809021
STU_012957,68.9247022057003
STU_012958,76.35188421937225
STU_012959,80.2885121006484
STU_012960,77.61496928321462
STU_012961,80.59135403683389
STU_012962,58.56833407555652
STU_012963,65.23349199764475
STU_012964,88.3297583158303
STU_012965,77.6601529313093
STU_012966,71.58650609244302
STU_012967,69.28883288540563
STU_012968,75.86843140001211
STU_012969,72.71084553644839
STU_012970,56.83743120004735
STU_012971,74.01547388002423
STU_012972,80.51184273781305
STU_012973,52.80856886089078
STU_012974,62.13508488071541
STU_012975,55.00420987560217
STU_012976,85.5425671234366
STU_012977,78.79662158038522
STU_012978,90.69793146933281
STU_012979,68.08930205570853
STU_012980,69.91960874732857
STU_012981,90.98481145466185
STU_012982,72.97114926723584
STU_012983,95.3110581340763
STU_012984,56.4534413301093
STU_012985,66.31387998725755
STU_012986,62.29903835003354
STU_012987,53.475324262570254
STU_012988,86.57514669818967
STU_012989,94.75460915455308
STU_012990,60.19740629346428
STU_012991,69.56019021970098
STU_012992,51.009177542239314
STU_012993,100.0
STU_012994,80.57160152841435
STU_012995,64.3572412237743
STU_012996,57.275663559177474
STU_012997,87.02822154927064
STU_012998,80.75156781491806
STU_012999,89.66889100273613
STU_013000,92.26248053960305
STU_013001,100.0
STU_013002,87.47325844651048
STU_013003,77.19788895167734
STU_013004,86.38653646783872
STU_013005,74.32271540218197
STU_013006,77.88455909154052
STU_013007,78.46710798528467
STU_013008,84.66246529356297
STU_013009,83.52211681548512
STU_013010,75.57937915051303
STU_013011,53.9670865962931
STU_013012,53.833747869303224
STU_013013,88.91730385450222
STU_013014,87.4146329139506
STU_013015,85.52636150380617
STU_013016,62.588036852082325
STU_013017,92.59014513258502
STU_013018,81.40114328335915
STU_013019,82.5715996943684
STU_013020,58.445432383187764
STU_013021,71.51675548168267
STU_013022,98.62302298173539
STU_013023,79.36536146339175
STU_013024,84.93802341627959
STU_013025,71.70179665599422
STU_013026,69.28295074269883
STU_013027,74.80971229819819
STU_013028,84.86590157501415
STU_013029,76.46147912337068
STU_013030,76.76633914352682
STU_013031,65.15736966043812
STU_013032,100.0
STU_013033,70.9454195906454
STU_013034,99.1446201157121
STU_013035,92.77932734192156
STU_013036,57.52869885558509
STU_013037,88.19671139332128
STU_013038,77.05922765522196
STU_013039,85.830773333836
STU_013040,98.14070698635798
STU_013041,80.07888364200875
STU_013042,60.23889359060168
STU_013043,96.5770372555556
STU_013044,66.29525595350546
STU_013045,87.74804202260056
STU_013046,60.88026521599019
STU_013047,70.40461706897504
STU_013048,91.31123287385957
STU_013049,83.3340249976566
STU_013050,84.1456514189003
STU_013051,93.09173450160993
STU_013052,65.00260269106211
STU_013053,69.18560773958376
STU_013054,64.02035892277942
STU_013055,87.5505013247128
STU_013056,77.68934510821245
STU_013057,54.135509448627076
STU_013058,61.59389081527969
STU_013059,87.18393601204119
STU_013060,65.90397336961341
STU_013061,59.509121349381076
STU_013062,100.0
STU_013063,83.87350017005781
STU_013064,62.616030763271354
STU_013065,49.308249812133546
STU_013066,100.0
STU_013067,78.91615982699827
STU_013068,91.32368336109745
STU_013069,98.91289549322734
STU_013070,62.40657689338539
STU_013071,82.04779679022131
STU_013072,83.55689019163646
STU_013073,71.41042376300356
STU_013074,74.83323119129174
STU_013075,51.40138849303245
STU_013076,81.9543964939367
STU_013077,91.3191349784656
STU_013078,74.73266116624767
STU_013079,85.89969258027482
STU_013080,71.66122687457626
STU_013081,75.63131735781063
STU_013082,59.07067585887553
STU_013083,60.71186091027241
STU_013084,69.80675728249074
STU_013085,80.27087128351603
STU_013086,78.9820387301124
STU_013087,63.648906983139625
STU_013088,84.1685815350361
STU_013089,62.68135879775849
STU_013090,100.0
STU_013091,64.49910696781183
STU_013092,63.66341941041155
STU_013093,85.36375985455079
STU_013094,87.8242130203485
STU_013095,73.52245967917654
STU_013096,78.59922582733138
STU_013097,81.42588149393342
STU_013098,86.15127043759499
STU_013099,59.01690847209717
STU_013100,74.849021770277
STU_013101,83.08875728255667
STU_013102,98.75329628301606
STU_013103,74.5534407272322
STU_013104,80.108071990097
STU_013105,62.69919996065232
STU_013106,90.69107503906643
STU_013107,55.952652367848714
STU_013108,95.16868189892519
STU_013109,88.33189625085363
STU_013110,61.62326369677369
STU_013111,100.0
STU_013112,100.0
STU_013113,74.48681991236568
STU_013114,65.0554069333239
STU_013115,79.47632458760745
STU_013116,61.4448181385076
STU_013117,63.60063080439532
STU_013118,71.54815454816507
STU_013119,83.60797076142528
STU_013120,63.3503281702438
STU_013121,89.27606654234638
STU_013122,78.31594064393371
STU_013123,93.98453220244123
STU_013124,95.13788102910604
STU_013125,83.02021774271869
STU_013126,64.91296473148742
STU_013127,68.26999869752036
STU_013128,84.64469833942714
STU_013129,77.92196049019377
STU_013130,98.6550655684712
STU_013131,52.62785666398379
STU_013132,78.100463256276
STU_013133,92.72012499536145
STU_013134,67.7429571650034
STU_013135,65.55389268209885
STU_013136,64.8089513097977
STU_013137,83.33808864024522
STU_013138,69.36224706300236
STU_013139,76.80290333295575
STU_013140,100.0
STU_013141,75.60350320553745
STU_013142,58.47885113751623
STU_013143,70.66655990813983
STU_013144,69.46228238311262
STU_013145,59.64858416809271
STU_013146,56.52308105958409
STU_013147,77.75615402737411
STU_013148,75.16673664430422
STU_013149,86.98695821447554
STU_013150,81.17495540940247
STU_013151,80.72598191985486
STU_013152,88.09789572700062
STU_013153,75.2934580368489
STU_013154,74.57164157162768
STU_013155,98.6795776546639
STU_013156,77.70811835308956
STU_013157,70.39874034837284
STU_013158,85.47303549628924
STU_013159,81.54087335451037
STU_013160,64.8788245837828
STU_013161,61.066498898197025
STU_013162,57.43417176974184
STU_013163,87.71329271369827
STU_013164,70.84633081335835
STU_013165,70.0186173933469
STU_013166,52.62950109621275
STU_013167,94.80378738435236
STU_013168,76.63835837201951
STU_013169,77.32431283659987
STU_013170,73.24056020091776
STU_013171,82.0754703823442
STU_013172,65.93600740916344
STU_013173,84.91239890278187
STU_013174,62.818535595628916
STU_013175,54.043087550729226
STU_013176,92.63692123420061
STU_013177,62.559984107819346
STU_013178,86.60195487466903
STU_013179,73.9237336283122
STU_013180,88.66708304016946
STU_013181,85.44613800042163
STU_013182,69.00741550166457
STU_013183,79.68460771070376
STU_013184,73.83939125882118
STU_013185,68.47680171124038
STU_013186,61.0999311912185
STU_013187,63.103040532761625
STU_013188,93.50770442379509
STU_013189,99.91839756430572
STU_013190,80.13436738662273
STU_013191,98.44525271302085
STU_013192,84.3025257504197
STU_013193,80.90383706561377
STU_013194,98.38761990623303
STU_013195,86.86303235310918
STU_013196,81.45290647113406
STU_013197,52.43005266415015
STU_013198,69.30301132862364
STU_013199,82.03661256504734
STU_013200,50.408336100009095
STU_013201,84.56617684917309
STU_013202,63.771502196318934
STU_013203,73.683555376905
STU_013204,63.25731110427448
STU_013205,81.31502477837081
STU_013206,70.8393328915758
STU_013207,70.2897434511544
STU_013208,72.3279533305261
STU_013209,74.95458095451698
STU_013210,50.72459859863231
STU_013211,73.15333939799554
STU_013212,60.13645640422632
STU_013213,74.59806057731502
STU_013214,94.47876202597699
STU_013215,50.895203591905755
STU_013216,100.0
STU_013217,94.85144585692468
STU_013218,67.90380052833187
STU_013219,82.92476704954727
STU_013220,99.13256279087594
STU_013221,61.506651830561836
STU_013222,63.88311727969676
STU_013223,84.58963618769194
STU_013224,67.95451735241518
STU_013225,52.727865863669976
STU_013226,82.5191666018642
STU_013227,86.67515616586735
STU_013228,70.06831511467517
STU_013229,65.92476387735883
STU_013230,68.74503328523505
STU_013231,66.10128468094302
STU_013232,67.83503168858012
STU_013233,91.86522621809264
STU_013234,64.09978168228706
STU_013235,69.87369440302925
STU_013236,91.80676656452142
STU_013237,67.25585233146008
STU_013238,75.2954308226329
STU_013239,76.0928519979096
STU_013240,59.73558206260621
STU_013241,67.21311843393771
STU_013242,71.74208594879396
STU_013243,61.15527741736362
STU_013244,75.24194330289927
STU_013245,64.86589306276498
STU_013246,68.90739194544756
STU_013247,100.0
STU_013248,94.04607146040416
STU_013249,46.200310757703264
STU_013250,75.9793694182314
STU_013251,81.69385027063919
STU_013252,88.7493386450575
STU_013253,67.67041918765564
STU_013254,98.77222317670619
STU_013255,80.32937601480232
STU_013256,70.95834847796647
STU_013257,78.36063133078969
STU_013258,70.40260136403867
STU_013259,62.13311889343471
STU_013260,66.58353164978026
STU_013261,69.64742134994727
STU_013262,58.6532698293026
STU_013263,56.65126768635912
STU_013264,91.17630281583901
STU_013265,77.49948105480676
STU_013266,71.49618575244409
STU_013267,71.88909153060246
STU_013268,60.889868027811886
STU_013269,86.41357098708646
STU_013270,98.36957783597772
STU_013271,70.11254619780976
STU_013272,81.74599927448067
STU_013273,66.13036866385572
STU_013274,78.12727502917475
STU_013275,65.76524722826386
STU_013276,59.49730228963209
STU_013277,62.674567668907144
STU_013278,61.14223492628504
STU_013279,62.689157212838396
STU_013280,95.541908888186
STU_013281,94.67400444555044
STU_013282,90.1801673064681
STU_013283,76.1795563998777
STU_013284,76.55352522998241
STU_013285,73.17552789362519
STU_013286,71.5526594361702
STU_013287,100.0
STU_013288,83.74004714057057
STU_013289,96.42381481845486
STU_013290,77.97284786357896
STU_013291,85.70831000504815
STU_013292,82.88432829082821
STU_013293,74.71703978989056
STU_013294,90.05344000818438
STU_013295,75.87046014087886
STU_013296,78.57620714968435
STU_013297,78.18541203927406
STU_013298,58.0669861748255
STU_013299,84.52703187417569
STU_013300,71.84163696172233
STU_013301,82.8470398487621
STU_013302,84.4418711068428
STU_013303,90.68190534561451
STU_013304,84.59923676169528
STU_013305,72.24320063662567
STU_013306,68.44173404891538
STU_013307,76.58043668547339
STU_013308,94.94495706734189
STU_013309,69.07618074009164
STU_013310,58.360320501671495
STU_013311,91.42471413836608
STU_013312,55.10396619459888
STU_013313,70.27676724663496
STU_013314,65.76052164388403
STU_013315,68.80450386685499
STU_013316,80.12796694857812
STU_013317,76.31322296915397
STU_013318,53.80584104184784
STU_013319,71.74178076838277
STU_013320,78.58889961522827
STU_013321,77.05678159066045
STU_013322,99.38088473354459
STU_013323,97.10504103418904
STU_013324,83.991777483744
STU_013325,79.54237737307788
STU_013326,78.23544455179321
STU_013327,74.56385494918091
STU_013328,68.85364303756117
STU_013329,83.39730096154729
STU_013330,68.32338882908454
STU_013331,71.83208906356816
STU_013332,66.3535040649747
STU_013333,58.61743342745736
STU_013334,68.38414826502431
STU_013335,61.91122445093515
STU_013336,82.42032631518411
STU_013337,52.47132950058001
STU_013338,65.06138057157436
STU_013339,71.59283154886356
STU_013340,92.74159591864361
STU_013341,71.19709838081143
STU_013342,84.4711788263347
STU_013343,67.71020469198567
STU_013344,78.16551420835846
STU_013345,65.75728403804355
STU_013346,96.3998096317742
STU_013347,77.47206201769512
STU_013348,83.55704791865553
STU_013349,100.0
STU_013350,62.393662431516745
STU_013351,82.25601867505193
STU_013352,71.66814731835852
STU_013353,62.214203617811094
STU_013354,58.13037350746545
STU_013355,88.74256844514444
STU_013356,64.10079875163322
STU_013357,62.78066145249399
STU_013358,70.60743050396495
STU_013359,75.7398877237613
STU_013360,75.73046680619537
STU_013361,67.17476318394772
STU_013362,89.24264091843791
STU_013363,73.42202351515253
STU_013364,66.62109161406296
STU_013365,84.97150768330175
STU_013366,100.0
STU_013367,78.74861691748482
STU_013368,88.04822374897977
STU_013369,55.637947233915455
STU_013370,85.61912163097855
STU_013371,72.44818028430696
STU_013372,78.47170059745947
STU_013373,76.93101799965925
STU_013374,94.54947940726738
STU_013375,90.31125868797247
STU_013376,43.78664552292847
STU_013377,79.65601790411624
STU_013378,65.88248554260464
STU_013379,78.68823300316015
STU_013380,88.80321213318622
STU_013381,98.5867730674515
STU_013382,100.0
STU_013383,61.630739547238875
STU_013384,63.21382588551428
STU_013385,65.12835280427684
STU_013386,97.83106752823535
STU_013387,57.72161691684893
STU_013388,80.9564845140976
STU_013389,63.94286351627416
STU_013390,68.83814559713
STU_013391,85.40600287509906
STU_013392,95.71040653195318
STU_013393,70.57867862153772
STU_013394,98.23459477637581
STU_013395,64.16050633300067
STU_013396,67.89668065168792
STU_013397,100.0
STU_013398,92.57339789060026
STU_013399,61.233663679404216
STU_013400,65.26791177135799
STU_013401,100.0
STU_013402,77.72567974378573
STU_013403,91.61638256188276
STU_013404,64.85224876857707
STU_013405,81.04551314227594
STU_013406,100.0
STU_013407,71.37769550781603
STU_013408,67.83277226348305
STU_013409,60.15178295716446
STU_013410,76.27046788976237
STU_013411,61.26251481875987
STU_013412,67.49426182740244
STU_013413,77.50634701324563
STU_013414,88.28797991595651
STU_013415,75.96497011653743
STU_013416,51.47820846210249
STU_013417,72.62868079302241
STU_013418,50.15900611909531
STU_013419,63.26898813625253
STU_013420,100.0
STU_013421,98.53165311800137
STU_013422,90.55867474764848
STU_013423,57.01986578753073
STU_013424,96.72927480575483
STU_013425,80.3899987143095
STU_013426,53.61097787463628
STU_013427,71.3825750794802
STU_013428,74.29630118122887
STU_013429,90.11079211998019
STU_013430,64.38020279707388
STU_013431,63.51071675887415
STU_013432,77.61548558647148
STU_013433,94.18832576645144
STU_013434,88.01581110728084
STU_013435,92.78451379449774
STU_013436,73.6799639284326
STU_013437,71.7826511609706
STU_013438,77.27373231080036
STU_013439,89.73094962069459
STU_013440,74.52205729546031
STU_013441,95.75845438479479
STU_013442,100.0
STU_013443,66.71277555192556
STU_013444,84.01410391847854
STU_013445,81.51458001605364
STU_013446,89.66953697163889
STU_013447,86.3888837173219
STU_013448,83.85161523561077
STU_013449,74.91237477019459
STU_013450,96.28804548761867
STU_013451,68.40698332535412
STU_013452,79.37396719985924
STU_013453,82.25072492214206
STU_013454,69.5775172176563
STU_013455,98.0557731121137
STU_013456,69.28936404561725
STU_013457,69.63738089991939
STU_013458,75.42722246018931
STU_013459,60.84577979662258
STU_013460,59.370920975269584
STU_013461,75.55866150301655
STU_013462,56.365021509361284
STU_013463,83.20852005103431
STU_013464,59.68324215512193
STU_013465,66.366647187064
STU_013466,85.93399249198838
STU_013467,59.93912194502899
STU_013468,89.23177392990966
STU_013469,77.13050945314137
STU_013470,89.90712384387788
STU_013471,83.38011360187993
STU_013472,79.47759760755258
STU_013473,63.74144516418424
STU_013474,75.52098452320432
STU_013475,84.3336532537323
STU_013476,80.74348570014766
STU_013477,65.198672997098
STU_013478,76.38498735986458
STU_013479,72.18052480544442
STU_013480,84.82165386133224
STU_013481,79.28481103633867
STU_013482,77.0880387111895
STU_013483,75.74229727438019
STU_013484,87.3724894988041
STU_013485,95.12832335213758
STU_013486,50.92863292596107
STU_013487,77.69377167462429
STU_013488,77.93355800328135
STU_013489,74.31768972301039
STU_013490,76.35131034031042
STU_013491,84.22687560904059
STU_013492,77.80972899712384
STU_013493,64.65063147664065
STU_013494,72.03759617537649
STU_013495,81.76974375500451
STU_013496,85.46805256680035
STU_013497,50.54135992859312
STU_013498,69.39071283885993
STU_013499,81.81707658017
STU_013500,65.83581448296256
STU_013501,84.00747065775005
STU_013502,81.51763217555995
STU_013503,69.00813793472422
STU_013504,87.49449839018148
STU_013505,70.44486402064781
STU_013506,96.68946987255605
STU_013507,63.997994301409676
STU_013508,73.56863395900938
STU_013509,84.70932143752047
STU_013510,67.17559929095404
STU_013511,83.62797134563746
STU_013512,66.33101547899876
STU_013513,51.33508372291489
STU_013514,87.13452848934203
STU_013515,71.6204310748127
STU_013516,100.0
STU_013517,80.82880618585027
STU_013518,70.23692956885576
STU_013519,100.0
STU_013520,73.14658193687949
STU_013521,64.52719154245177
STU_013522,61.442763996581974
STU_013523,96.54573409086885
STU_013524,78.43397718323784
STU_013525,74.82398434327968
STU_013526,77.01442583559864
STU_013527,69.2855996908411
STU_013528,51.80172302399868
STU_013529,97.9547192670281
STU_013530,73.64203094229715
STU_013531,96.28435955845664
STU_013532,58.471655609286984
STU_013533,71.13022643941629
STU_013534,90.23475502269459
STU_013535,96.41720256007949
STU_013536,86.95352265823264
STU_013537,75.46723883123141
STU_013538,98.09771368930599
STU_013539,67.7520731757475
STU_013540,100.0
STU_013541,66.69780332470685
STU_013542,83.93468195266814
STU_013543,71.1880420710252
STU_013544,77.7692598954552
STU_013545,89.1267853045265
STU_013546,99.12956088928644
STU_013547,97.94542219127409
STU_013548,80.57794235911496
STU_013549,63.17293029997438
STU_013550,75.99912915325812
STU_013551,66.16989416933602
STU_013552,83.41250966031028
STU_013553,72.93692232974334
STU_013554,76.30761018846485
STU_013555,62.6879351230353
STU_013556,89.82574416621345
STU_013557,69.0870143121059
STU_013558,67.81938014817392
STU_013559,83.68325685185376
STU_013560,52.81099482623141
STU_013561,72.18473078051557
STU_013562,89.68507805801299
STU_013563,85.67498700645193
STU_013564,56.75149151479688
STU_013565,81.9404736583507
STU_013566,66.99067513597866
STU_013567,97.23420196231821
STU_013568,75.87967135728168
STU_013569,74.47499257971717
STU_013570,70.48311149747329
STU_013571,74.20668192417867
STU_013572,60.4428451662187
STU_013573,64.27395262700036
STU_013574,73.98072218920787
STU_013575,54.55702246830694
STU_013576,71.05078692005327
STU_013577,61.68982888391615
STU_013578,71.3032043863132
STU_013579,74.71884528383674
STU_013580,84.7153603733774
STU_013581,59.03478044550582
STU_013582,75.55029452542104
STU_013583,66.81883492208075
STU_013584,72.78127146672512
STU_013585,62.37199602834484
STU_013586,59.293516331388005
STU_013587,100.0
STU_013588,68.69961103716356
STU_013589,75.40917006281086
STU_013590,79.4701068145449
STU_013591,90.77730090930082
STU_013592,100.0
STU_013593,96.31505989259269
STU_013594,70.70899205296992
STU_013595,56.66938954562535
STU_013596,82.8297556839973
STU_013597,68.09177970081622
STU_013598,74.61361623576947
STU_013599,72.8385283261204
STU_013600,97.36694780828711
STU_013601,68.45880959426401
STU_013602,63.80599614638038
STU_013603,93.3254617407478
STU_013604,66.35224826828312
STU_013605,89.0227617845582
STU_013606,73.49434034110216
STU_013607,43.75510308328236
STU_013608,76.58034932124397
STU_013609,81.24741759436343
STU_013610,93.29881472967391
STU_013611,94.19974357357967
STU_013612,62.5642750639209
STU_013613,78.59431492786479
STU_013614,50.19008457554537
STU_013615,80.62109140506372
STU_013616,81.60794859538403
STU_013617,63.77317546559162
STU_013618,64.13563122521671
STU_013619,67.55417994488768
STU_013620,73.69849739298327
STU_013621,73.73034385108795
STU_013622,61.03184663065392
STU_013623,50.98835698269989
STU_013624,51.4134917758858
STU_013625,81.41492770744476
STU_013626,78.75927035233049
STU_013627,82.9434281603596
STU_013628,97.18342160686869
STU_013629,81.45000345612983
STU_013630,68.76821685500741
STU_013631,67.01903193764372
STU_013632,56.35629111748575
STU_013633,95.92731940581699
STU_013634,67.63274906661715
STU_013635,99.15786212553422
STU_013636,68.53166011375956
STU_013637,78.6581677881435
STU_013638,78.98138218692425
STU_013639,64.49656239990443
STU_013640,81.19364390437327
STU_013641,88.6579960927353
STU_013642,72.62674579675712
STU_013643,80.59649421229126
STU_013644,61.81867896879996
STU_013645,73.50068342642096
STU_013646,92.16857502890714
STU_013647,79.42572084297755
STU_013648,97.9859212326053
STU_013649,75.51580611429138
STU_013650,96.0951961653228
STU_013651,72.6382709607553
STU_013652,66.48317853359227
STU_013653,88.73970773116659
STU_013654,74.07005343299673
STU_013655,74.29747278858885
STU_013656,99.46898478543766
STU_013657,64.94345385455149
STU_013658,85.65632931079139
STU_013659,68.16742655210696
STU_013660,64.76336547968144
STU_013661,74.295790158516
STU_013662,81.97431340407428
STU_013663,75.13163543284728
STU_013664,90.54527403858552
STU_013665,77.25002115882461
STU_013666,89.80164606498946
STU_013667,60.30576305424509
STU_013668,90.19019211352196
STU_013669,61.816939499589964
STU_013670,88.09841982491996
STU_013671,100.0
STU_013672,73.37350414689641
STU_013673,96.68916925902074
STU_013674,77.51914076380507
STU_013675,63.385401179609346
STU_013676,72.91981003654729
STU_013677,80.50558135142889
STU_013678,72.3469688403003
STU_013679,63.56640501263952
STU_013680,53.24292049047614
STU_013681,99.0312233572728
STU_013682,42.54483113763163
STU_013683,59.05724363694581
STU_013684,75.97833212988888
STU_013685,86.70637699680752
STU_013686,96.00981253876881
STU_013687,74.87686047962278
STU_013688,63.028170141855114
STU_013689,97.25617172133258
STU_013690,90.23929198743608
STU_013691,62.332727012651176
STU_013692,66.34855757507937
STU_013693,90.35743567357314
STU_013694,78.72792278488556
STU_013695,69.52740895788362
STU_013696,100.0
STU_013697,69.14681848100967
STU_013698,59.62593651486793
STU_013699,71.51286882397339
STU_013700,82.28236866571888
STU_013701,78.69799568366018
STU_013702,97.76360034998626
STU_013703,69.4287665361519
STU_013704,78.55839106343878
STU_013705,84.02793116022431
STU_013706,67.75929547373994
STU_013707,65.21805562571052
STU_013708,59.75910587242916
STU_013709,91.77812318186318
STU_013710,77.71561742371333
STU_013711,100.0
STU_013712,70.98530314492227
STU_013713,65.71735428825555
STU_013714,67.63118920166396
STU_013715,99.99282466843349
STU_013716,69.84389122764647
STU_013717,57.06556512797765
STU_013718,81.48532628090322
STU_013719,73.54189933511746
STU_013720,53.355771684880054
STU_013721,57.63231641612849
STU_013722,79.17996538270701
STU_013723,83.46655744819499
STU_013724,92.57407098737862
STU_013725,68.9145128627084
STU_013726,66.5055152341492
STU_013727,68.00754636759369
STU_013728,95.49856095284309
STU_013729,91.67430535614318
STU_013730,77.48053215593312
STU_013731,87.70306802744078
STU_013732,77.09226328010705
STU_013733,85.29096869533107
STU_013734,56.51036424641269
STU_013735,77.04571936276942
STU_013736,100.0
STU_013737,87.06039186185312
STU_013738,76.8877671091247
STU_013739,71.49235642231082
STU_013740,81.54057000687091
STU_013741,76.49327711054308
STU_013742,95.38814170580032
STU_013743,93.04143474206334
STU_013744,64.32685882681048
STU_013745,91.87062259258397
STU_013746,87.49643011438185
STU_013747,96.08506927765113
STU_013748,71.27087153132268
STU_013749,96.8021689500695
STU_013750,74.13207782778254
STU_013751,76.19883431876117
STU_013752,79.666423241119
STU_013753,84.00435739350333
STU_013754,75.24211097278028
STU_013755,67.51322534889088
STU_013756,65.63573828909445
STU_013757,98.10963273172943
STU_013758,94.33227392492546
STU_013759,59.1840997175007
STU_013760,56.82720589905385
STU_013761,97.43018776188708
STU_013762,76.00320120529852
STU_013763,74.17519307757361
STU_013764,62.435516976800116
STU_013765,62.1334951993413
STU_013766,80.82934338886166
STU_013767,87.79430170075658
STU_013768,70.9255183717501
STU_013769,58.06179424981961
STU_013770,86.88580918274803
STU_013771,97.0052594869892
STU_013772,65.05717289976104
STU_013773,66.92317540738163
STU_013774,76.51424658691757
STU_013775,72.69669812566597
STU_013776,57.70781045272352
STU_013777,72.54190232081457
STU_013778,91.22254137090717
STU_013779,97.0258414323815
STU_013780,68.12986282812385
STU_013781,57.891016599927156
STU_013782,75.37555398772042
STU_013783,90.67284431084526
STU_013784,74.9863284409554
STU_013785,68.82907892599842
STU_013786,80.15858385495603
STU_013787,96.03462254954717
STU_013788,56.988567704099026
STU_013789,86.1620857551832
STU_013790,63.382672419777364
STU_013791,85.87163101435883
STU_013792,100.0
STU_013793,71.679331080614
STU_013794,78.61193144998403
STU_013795,80.1230244311363
STU_013796,70.29096029804768
STU_013797,86.9026433477439
STU_013798,57.43920311964352
STU_013799,77.33278878944087
STU_013800,84.21812164538248
STU_013801,100.0
STU_013802,78.08872960022352
STU_013803,72.85980622436998
STU_013804,72.08877317869862
STU_013805,87.00521951052077
STU_013806,69.55698060954585
STU_013807,75.51603862579485
STU_013808,70.00171148529645
STU_013809,73.03678001772543
STU_013810,86.2203398448376
STU_013811,70.70819752823232
STU_013812,79.91865053539667
STU_013813,69.91151191607783
STU_013814,66.06311345740086
STU_013815,78.4610797481959
STU_013816,67.91397187022075
STU_013817,80.67347910873922
STU_013818,56.51053298627683
STU_013819,82.09666445930925
STU_013820,72.43825602662598
STU_013821,73.98503571594847
STU_013822,96.01122897667169
STU_013823,88.92490241445849
STU_013824,68.87619011694123
STU_013825,61.875818122874236
STU_013826,81.14862086211666
STU_013827,78.61703947195412
STU_013828,88.95742861264827
STU_013829,79.7833661932661
STU_013830,83.09879756895774
STU_013831,78.88901214410402
STU_013832,92.5037898729445
STU_013833,82.16683155874485
STU_013834,66.39148852411118
STU_013835,79.69528433433102
STU_013836,67.83510743494641
STU_013837,95.20612145674026
STU_013838,54.83601659629332
STU_013839,59.092400382375345
STU_013840,55.54479340004356
STU_013841,99.32337425910845
STU_013842,78.00737390463034
STU_013843,75.57407795193926
STU_013844,72.93165979822798
STU_013845,94.0227064921309
STU_013846,85.63127341829825
STU_013847,45.94278591956158
STU_013848,100.0
STU_013849,60.20828038931353
STU_013850,74.9615927487093
STU_013851,64.75265982318147
STU_013852,89.55577923638025
STU_013853,68.25930376461531
STU_013854,79.8772720309045
STU_013855,73.88807134163547
STU_013856,58.4706232076996
STU_013857,76.13607584809111
STU_013858,82.44808553731022
STU_013859,76.02019218914023
STU_013860,72.13836395131801
STU_013861,71.58972019524639
STU_013862,82.4256763381283
STU_013863,83.65303482662891
STU_013864,66.53572556938472
STU_013865,90.26218279100488
STU_013866,56.096333614879015
STU_013867,73.9180747366608
STU_013868,97.22556749241618
STU_013869,74.30931616956757
STU_013870,50.18938172259124
STU_013871,70.7146733170831
STU_013872,99.00658952901627
STU_013873,69.22424739416344
STU_013874,64.76745147098929
STU_013875,62.216590367465614
STU_013876,77.88201650068187
STU_013877,56.95876322346764
STU_013878,61.706055518628716
STU_013879,64.00074402658446
STU_013880,95.25492292873146
STU_013881,73.97859053843015
STU_013882,78.88807410512595
STU_013883,73.85777058389777
STU_013884,79.71130947625046
STU_013885,91.91020432381626
STU_013886,86.92272141069154
STU_013887,76.87993177581534
STU_013888,80.66429473485611
STU_013889,79.55975253983027
STU_013890,93.69462433735238
STU_013891,95.64255716544139
STU_013892,72.76548201993819
STU_013893,62.1254539099704
STU_013894,95.26906207757771
STU_013895,56.63441062678915
STU_013896,92.7547330730653
STU_013897,74.41774814096375
STU_013898,77.39754190577828
STU_013899,83.26418217351538
STU_013900,65.70371712561726
STU_013901,77.82222730853094
STU_013902,72.81554607097549
STU_013903,70.725506184224
STU_013904,71.30819306825146
STU_013905,90.03754836179324
STU_013906,78.24582703226277
STU_013907,66.43965771747422
STU_013908,66.43059113053165
STU_013909,90.81648283685625
STU_013910,62.7660141815208
STU_013911,81.83806257764572
STU_013912,81.4506180047306
STU_013913,72.89681763059642
STU_013914,59.44755246623639
STU_013915,66.51878928508394
STU_013916,97.10831391483718
STU_013917,52.2786417771854
STU_013918,54.81593929079858
STU_013919,76.41805124241395
STU_013920,77.8806750210292
STU_013921,60.920948804012184
STU_013922,99.02420429233881
STU_013923,85.66002114108306
STU_013924,83.32062503737184
STU_013925,69.98080460974421
STU_013926,80.6224562404295
STU_013927,100.0
STU_013928,43.26859931881906
STU_013929,59.544983072120445
STU_013930,70.8967944228565
STU_013931,62.726136980919975
STU_013932,66.04518614801879
STU_013933,54.331346515912756
STU_013934,63.90992259785618
STU_013935,77.5500800454785
STU_013936,87.1242869078526
STU_013937,81.62685945136519
STU_013938,76.26626662507245
STU_013939,65.67123661897028
STU_013940,66.91467105803899
STU_013941,67.71375393601612
STU_013942,100.0
STU_013943,58.33107461495892
STU_013944,89.34223113943548
STU_013945,78.54650989448466
STU_013946,100.0
STU_013947,84.56692556881801
STU_013948,75.88445774509528
STU_013949,49.014291922947386
STU_013950,88.36615179938512
STU_013951,56.49317494310269
STU_013952,95.65232156777043
STU_013953,72.06752757393143
STU_013954,52.669446631150585
STU_013955,65.91820153028969
STU_013956,75.63216975317313
STU_013957,82.213669088281
STU_013958,72.51206979811529
STU_013959,72.22982895013227
STU_013960,75.52564824797669
STU_013961,72.84761420355338
STU_013962,65.3670047261696
STU_013963,67.28852057138396
STU_013964,75.2012254768948
STU_013965,61.97146797052174
STU_013966,67.11812865707994
STU_013967,72.55723324568748
STU_013968,94.03056557544379
STU_013969,49.10782231368508
STU_013970,89.20602929026552
STU_013971,64.41464456042748
STU_013972,74.41869889199953
STU_013973,71.28536369899224
STU_013974,94.01109436091555
STU_013975,81.29265116719338
STU_013976,69.37772147964347
STU_013977,85.34705293523538
STU_013978,94.83896511669296
STU_013979,85.78969068283028
STU_013980,74.95352352777999
STU_013981,73.34365978580077
STU_013982,72.21968203248284
STU_013983,76.88259594057271
STU_013984,70.64821206576919
STU_013985,79.89430752125654
STU_013986,69.68529254127148
STU_013987,98.35623377087511
STU_013988,69.05372020341294
STU_013989,66.80405777462236
STU_013990,67.83657597766876
STU_013991,77.53789434011847
STU_013992,76.33209756122925
STU_013993,75.93595337006498
STU_013994,72.74676286240117
STU_013995,59.632866037381746
STU_013996,75.51398326326573
STU_013997,95.42606033127366
STU_013998,60.335907154547485
STU_013999,75.37392036118418
STU_014000,75.92709311002848
STU_014001,65.0906249168209
STU_014002,59.81524480661801
STU_014003,68.88993447204909
STU_014004,64.55420775398979
STU_014005,71.98425934237521
STU_014006,67.25558150050057
STU_014007,86.80192835805646
STU_014008,62.15644224052156
STU_014009,100.0
STU_014010,74.62696632801045
STU_014011,80.40591551204467
STU_014012,92.81327940583931
STU_014013,50.161489341361126
STU_014014,90.73793330120246
STU_014015,81.5468031181073
STU_014016,62.340907582005286
STU_014017,81.93351639464292
STU_014018,76.78131609479266
STU_014019,89.3359914534482
STU_014020,85.84966812644309
STU_014021,94.03922834838995
STU_014022,72.93740893125812
STU_014023,61.67462280568138
STU_014024,76.07611846269215
STU_014025,82.832734049859
STU_014026,76.47367042240202
STU_014027,100.0
STU_014028,87.231410081532
STU_014029,76.96133677447322
STU_014030,74.1905562343038
STU_014031,75.51778009401644
STU_014032,72.10366622258516
STU_014033,71.39881849844302
STU_014034,92.65800221641086
STU_014035,95.61485377347579
STU_014036,54.077909964074095
STU_014037,58.164077789377515
STU_014038,85.6213007259299
STU_014039,90.11694631203923
STU_014040,73.51126409449823
STU_014041,72.41267757452064
STU_014042,60.14658687015215
STU_014043,71.28358937389821
STU_014044,100.0
STU_014045,75.58916300620103
STU_014046,64.75339541032805
STU_014047,87.38301749097096
STU_014048,62.64182147152228
STU_014049,86.00589215540994
STU_014050,74.1140782782428
STU_014051,72.27202298378735
STU_014052,80.18145057774545
STU_014053,88.7123080400629
STU_014054,86.06886193919996
STU_014055,100.0
STU_014056,77.73033868161583
STU_014057,69.54761278364249
STU_014058,79.31713095474687
STU_014059,65.13599958456382
STU_014060,78.98187121127208
STU_014061,67.9353342514138
STU_014062,85.28011926195192
STU_014063,71.05190375877471
STU_014064,66.98571666792466
STU_014065,61.04745707665283
STU_014066,44.48619637403466
STU_014067,95.6626595422043
STU_014068,72.05014905059453
STU_014069,77.60071070326354
STU_014070,77.95088494526365
STU_014071,45.481986898422306
STU_014072,72.58939952147149
STU_014073,76.34105963059888
STU_014074,72.0904016934227
STU_014075,72.58630354059868
STU_014076,69.12401991581966
STU_014077,53.90174340049718
STU_014078,54.30310772447925
STU_014079,79.10609828742615
STU_014080,87.58728403471132
STU_014081,100.0
STU_014082,80.45403327621025
STU_014083,61.653466904043924
STU_014084,75.81862563779221
STU_014085,100.0
STU_014086,59.51498018939145
STU_014087,68.24691824151289
STU_014088,73.33450529718095
STU_014089,73.99863230592334
STU_014090,68.66226277554053
STU_014091,90.22194335709958
STU_014092,67.55353555348628
STU_014093,73.15355543642764
STU_014094,60.6411159742802
STU_014095,76.53238362404115
STU_014096,85.70815729638558
STU_014097,86.72861932559506
STU_014098,73.60741359853117
STU_014099,73.2429049307349
STU_014100,67.00306827592476
STU_014101,78.12991169176048
STU_014102,83.47801113620571
STU_014103,72.70851850423684
STU_014104,90.69469485011955
STU_014105,46.02900159649938
STU_014106,68.60495371702909
STU_014107,87.54444380603734
STU_014108,77.78912607001239
STU_014109,78.6580222833608
STU_014110,84.277055555758
STU_014111,86.12240646245849
STU_014112,59.93275699008707
STU_014113,57.91935043525582
STU_014114,65.78105977801621
STU_014115,75.85090199050889
STU_014116,99.660703205536
STU_014117,65.8711314738918
STU_014118,92.03712917127524
STU_014119,70.20510644783936
STU_014120,68.09593427520066
STU_014121,58.30237138833266
STU_014122,59.995048303754075
STU_014123,57.10410211685098
STU_014124,61.17366623923067
STU_014125,84.752586389799
STU_014126,60.15895351449559
STU_014127,69.01832967351126
STU_014128,60.26723850353487
STU_014129,84.9069953803453
STU_014130,81.85120547453651
STU_014131,89.28319995822449
STU_014132,81.8636350367759
STU_014133,72.93307166707575
STU_014134,47.73708853359697
STU_014135,77.00516087880872
STU_014136,73.80074631050437
STU_014137,98.94373043739203
STU_014138,54.80978384263578
STU_014139,73.23755995719237
STU_014140,76.47095126280404
STU_014141,89.21036071264332
STU_014142,72.82828424093023
STU_014143,82.76987019580412
STU_014144,97.1686490907582
STU_014145,68.47644916038838
STU_014146,92.95169396537246
STU_014147,80.16821083918815
STU_014148,87.59226431940279
STU_014149,73.43644706246381
STU_014150,65.80701422447135
STU_014151,96.31578439665161
STU_014152,86.3797319301489
STU_014153,57.505154018861745
STU_014154,79.31439518723207
STU_014155,67.73738810826188
STU_014156,90.61732913126404
STU_014157,79.59589311817446
STU_014158,79.44215134609381
STU_014159,80.78386746182031
STU_014160,92.25913531213486
STU_014161,82.5658120993812
STU_014162,95.55400835419532
STU_014163,74.33682254254533
STU_014164,52.48165116737607
STU_014165,96.59218864533445
STU_014166,68.15101987676478
STU_014167,78.35008771109106
STU_014168,66.39401791651402
STU_014169,54.44143068353236
STU_014170,82.01140266869012
STU_014171,85.51751087403328
STU_014172,79.87978471294322
STU_014173,66.17402295194219
STU_014174,79.16298079429386
STU_014175,81.73103519603221
STU_014176,65.06285081454286
STU_014177,75.74716812968333
STU_014178,70.39761955243327
STU_014179,85.2523105116594
STU_014180,80.59294996669534
STU_014181,75.6220412951572
STU_014182,96.30518674849067
STU_014183,65.37899885103407
STU_014184,84.57060196820713
STU_014185,73.60393964423541
STU_014186,93.11521179907687
STU_014187,96.41847055595626
STU_014188,80.37140282820344
STU_014189,65.85573046501803
STU_014190,68.12796898987284
STU_014191,65.7267456249114
STU_014192,62.72724078966563
STU_014193,86.25757176133595
STU_014194,71.77239689507832
STU_014195,62.207590289396265
STU_014196,82.04544028150356
STU_014197,68.03662081075943
STU_014198,71.72991687956429
STU_014199,59.57797960067586
STU_014200,75.17230878742966
STU_014201,76.93122426360206
STU_014202,83.77020025915486
STU_014203,60.812621378942964
STU_014204,86.14964383796044
STU_014205,66.0544635798462
STU_014206,76.22903666866577
STU_014207,75.95542005995907
STU_014208,71.45851790627283
STU_014209,70.72162418289305
STU_014210,97.48178462640696
STU_014211,80.35426291661663
STU_014212,97.45069929425621
STU_014213,76.72919419152315
STU_014214,63.17874634736434
STU_014215,70.33585178903094
STU_014216,69.3267174320469
STU_014217,88.96338286372483
STU_014218,100.0
STU_014219,67.88226134116043
STU_014220,78.59649394663627
STU_014221,85.1560721873392
STU_014222,77.75589177583589
STU_014223,88.10924069246366
STU_014224,93.60127083789858
STU_014225,72.6741630061275
STU_014226,56.286410747925245
STU_014227,73.17914068416356
STU_014228,61.38780639466668
STU_014229,90.6814106418975
STU_014230,93.41136551008692
STU_014231,73.61842943332104
STU_014232,77.80896866309
STU_014233,55.0455036677361
STU_014234,100.0
STU_014235,77.85825344158125
STU_014236,71.37484677705773
STU_014237,89.65591194452843
STU_014238,52.42439280140014
STU_014239,90.01810629985182
STU_014240,71.90191466289782
STU_014241,83.23802312334264
STU_014242,91.00303428223091
STU_014243,65.25787191553367
STU_014244,75.18807955804729
STU_014245,79.67065486617427
STU_014246,76.15265656981985
STU_014247,66.74684512132241
STU_014248,91.66716436805996
STU_014249,79.55881243219697
STU_014250,81.76347660551538
STU_014251,78.59093605639885
STU_014252,64.30122991356046
STU_014253,90.1414733854739
STU_014254,69.31759953227517
STU_014255,97.69984504552274
STU_014256,66.604828818994
STU_014257,71.6155247677076
STU_014258,87.9535213701614
STU_014259,67.40413094457216
STU_014260,86.23256088671178
STU_014261,84.26792611115617
STU_014262,75.08665800804695
STU_014263,63.76824704660754
STU_014264,89.12573494489588
STU_014265,68.41577098806242
STU_014266,84.538809842829
STU_014267,98.84063911249432
STU_014268,90.23226736030823
STU_014269,71.81492740053552
STU_014270,73.50605430919562
STU_014271,58.33723956383999
STU_014272,72.51099058350206
STU_014273,71.4925536281455
STU_014274,66.59823439082471
STU_014275,86.48918878125075
STU_014276,67.71521772015664
STU_014277,90.91180725423068
STU_014278,61.97270567556025
STU_014279,91.3120394183061
STU_014280,55.010364514625934
STU_014281,90.37417763774232
STU_014282,68.837248363223
STU_014283,53.294514950460254
STU_014284,83.96635881420119
STU_014285,93.56038575952252
STU_014286,62.616257689699225
STU_014287,83.79656188950467
STU_014288,51.93869316204916
STU_014289,74.28842873713316
STU_014290,76.2846017787645
STU_014291,63.09780089635959
STU_014292,73.39943918029105
STU_014293,74.3852477821065
STU_014294,61.28109834291803
STU_014295,67.91196111162665
STU_014296,69.49049497655712
STU_014297,62.23897121726969
STU_014298,75.73786823131998
STU_014299,78.00622897358642
STU_014300,91.35370477796309
STU_014301,57.62979865361709
STU_014302,100.0
STU_014303,88.26497567401331
STU_014304,60.20234782861026
STU_014305,79.45293073629539
STU_014306,74.82248699837366
STU_014307,100.0
STU_014308,68.84094268301396
STU_014309,91.17808679439638
STU_014310,74.97965426799433
STU_014311,100.0
STU_014312,72.93014465459267
STU_014313,69.0552077391741
STU_014314,66.11449823030627
STU_014315,83.86989193357981
STU_014316,71.7405345561535
STU_014317,71.4805917731501
STU_014318,77.31587957969161
STU_014319,59.22577819531874
STU_014320,77.61125254611983
STU_014321,65.34397305596572
STU_014322,99.2288124612947
STU_014323,82.48867188665092
STU_014324,78.93257537593753
STU_014325,84.25009641805578
STU_014326,87.59294189838407
STU_014327,73.08501706501606
STU_014328,53.56082692664637
STU_014329,92.53629594734028
STU_014330,54.755937804068
STU_014331,64.02044895142716
STU_014332,59.21243330932832
STU_014333,64.92442249010308
STU_014334,99.57666093641177
STU_014335,81.25110146929624
STU_014336,90.45688565926058
STU_014337,77.8406857559775
STU_014338,67.03699441432637
STU_014339,62.20806493028557
STU_014340,67.16656477528757
STU_014341,94.70173295655955
STU_014342,59.55283985911849
STU_014343,75.12832627492303
STU_014344,50.51748421037746
STU_014345,78.06056176285956
STU_014346,88.33104522895039
STU_014347,68.77251703483077
STU_014348,73.22321326937599
STU_014349,67.61751858098906
STU_014350,67.92320090589595
STU_014351,73.35583715891491
STU_014352,91.11988422610798
STU_014353,90.55768032616064
STU_014354,90.3391018342228
STU_014355,63.501887876428086
STU_014356,49.555296730993405
STU_014357,87.1632259447072
STU_014358,54.49521363307487
STU_014359,74.28343735331899
STU_014360,61.76308070242386
STU_014361,65.67439850451593
STU_014362,100.0
STU_014363,49.06408877133674
STU_014364,81.5719928805326
STU_014365,60.54188194139434
STU_014366,75.08341037292504
STU_014367,70.76958186290845
STU_014368,87.01919960911512
STU_014369,89.75031863650439
STU_014370,92.76027974318578
STU_014371,74.30553864462489
STU_014372,85.57221811277601
STU_014373,66.71721254549075
STU_014374,80.51158020810622
STU_014375,81.48283882377844
STU_014376,91.65476298996558
STU_014377,81.16874074175274
STU_014378,100.0
STU_014379,77.7682615624927
STU_014380,86.03879549654695
STU_014381,48.5457508682057
STU_014382,78.68642765618564
STU_014383,73.61388036484338
STU_014384,85.15024869196598
STU_014385,94.35963826642994
STU_014386,60.64537994098001
STU_014387,79.75324707707522
STU_014388,70.29757340214574
STU_014389,74.3036802425326
STU_014390,70.69306556277377
STU_014391,46.71473901961937
STU_014392,90.97604939306602
STU_014393,90.94131847327206
STU_014394,73.71696342940855
STU_014395,99.35943821824831
STU_014396,92.30166850922333
STU_014397,82.26265931952152
STU_014398,99.75610490780227
STU_014399,72.43133400884038
STU_014400,94.75435497370235
STU_014401,82.96757940857152
STU_014402,75.53679408737153
STU_014403,78.51808070653337
STU_014404,79.6265070860215
STU_014405,66.6804321957394
STU_014406,79.2014886147828
STU_014407,98.97222725730127
STU_014408,63.54774758167768
STU_014409,59.63531368837705
STU_014410,71.38374856507242
STU_014411,65.96637670151485
STU_014412,71.54344362365678
STU_014413,79.87084070147277
STU_014414,63.735710622419575
STU_014415,65.61889790081734
STU_014416,79.4367575591004
STU_014417,90.89332342993193
STU_014418,89.4422832591034
STU_014419,52.3565122755046
STU_014420,89.97900439849273
STU_014421,96.99216969910137
STU_014422,66.63469082071599
STU_014423,94.13372668928018
STU_014424,77.16204858286967
STU_014425,94.1482752195377
STU_014426,71.99002396739395
STU_014427,90.19387261793065
STU_014428,95.31817398882757
STU_014429,94.65303131596777
STU_014430,56.12262280152726
STU_014431,61.525196491171286
STU_014432,69.34246873687131
STU_014433,67.95875724969189
STU_014434,77.59371576979144
STU_014435,97.49819388665554
STU_014436,58.320793609494004
STU_014437,72.55106603748676
STU_014438,72.95828391621366
STU_014439,79.35433110422844
STU_014440,48.20012856688134
STU_014441,62.177179604776356
STU_014442,78.58227356756987
STU_014443,57.282232307908714
STU_014444,54.36911756888598
STU_014445,71.79857543421515
STU_014446,67.89503925689287
STU_014447,96.16130156875369
STU_014448,60.88854230583034
STU_014449,54.64640251997238
STU_014450,70.64765819823658
STU_014451,87.34359362433732
STU_014452,88.19074585696838
STU_014453,100.0
STU_014454,87.63989210950133
STU_014455,87.76872632523511
STU_014456,83.73393101988384
STU_014457,65.38730361265874
STU_014458,65.92869380054317
STU_014459,74.70042043624913
STU_014460,100.0
STU_014461,95.60616725994562
STU_014462,79.70729141949342
STU_014463,85.95146220337837
STU_014464,71.15258353058836
STU_014465,94.11506970155678
STU_014466,65.06799539355092
STU_014467,74.7518238343947
STU_014468,73.9414175992693
STU_014469,86.25077221200739
STU_014470,73.61176442182675
STU_014471,82.63429914360269
STU_014472,64.81287432680746
STU_014473,65.23047151972415
STU_014474,88.18627401375838
STU_014475,62.70011683141756
STU_014476,66.50581768882644
STU_014477,93.91476009502222
STU_014478,81.99909141418425
STU_014479,98.2269508594624
STU_014480,75.65338863419477
STU_014481,88.53656806168487
STU_014482,53.382009451358556
STU_014483,94.3349472365566
STU_014484,49.766896498681874
STU_014485,76.15408338848727
STU_014486,92.30882276130835
STU_014487,82.39369148689393
STU_014488,71.7678151472619
STU_014489,49.33855618664356
STU_014490,89.51983237836431
STU_014491,83.64777923760164
STU_014492,77.98774247050767
STU_014493,59.325000830059935
STU_014494,83.83227434038388
STU_014495,69.94546980404125
STU_014496,69.3361497132584
STU_014497,63.22233665854303
STU_014498,84.80829835899236
STU_014499,81.76563661664751
STU_014500,64.47486595535923
STU_014501,64.86333456157938
STU_014502,68.32172083250947
STU_014503,74.78706959279523
STU_014504,98.13099675059489
STU_014505,73.45602859565732
STU_014506,72.250710358358
STU_014507,72.3481046992231
STU_014508,67.44696554581475
STU_014509,75.06263566701824
STU_014510,58.43116831229419
STU_014511,80.67847501056598
STU_014512,72.75255877404543
STU_014513,83.96482538437745
STU_014514,79.74715253642553
STU_014515,69.07257662668694
STU_014516,82.91473673838203
STU_014517,82.87064132115398
STU_014518,75.664242056318
STU_014519,61.69079962036567
STU_014520,75.95879391668096
STU_014521,96.78174508872019
STU_014522,65.53992956998215
STU_014523,96.04015336943435
STU_014524,90.86885548376753
STU_014525,69.82802978586233
STU_014526,81.38393463606073
STU_014527,44.43461311146353
STU_014528,65.4379404873181
STU_014529,85.96569644584947
STU_014530,67.45659996973058
STU_014531,75.26360703287165
STU_014532,95.6813233954109
STU_014533,99.10668788991005
STU_014534,96.01488635102181
STU_014535,94.31311526653728
STU_014536,89.22779234507327
STU_014537,77.06698638558146
STU_014538,62.28035662331217
STU_014539,67.98770401380519
STU_014540,51.86118960105408
STU_014541,88.11239199687641
STU_014542,53.21636097538989
STU_014543,85.61637825466455
STU_014544,66.86439248637727
STU_014545,62.685543056418524
STU_014546,57.803029478559466
STU_014547,61.938971057800686
STU_014548,88.05426512772571
STU_014549,96.49520960584537
STU_014550,76.10599406216203
STU_014551,69.33140983391253
STU_014552,65.60468187570063
STU_014553,83.33041277068146
STU_014554,73.81621004781601
STU_014555,68.14395186691179
STU_014556,94.54923864306122
STU_014557,75.39565837683841
STU_014558,60.60310361019582
STU_014559,80.78113526131914
STU_014560,97.701827388903
STU_014561,71.98295240250106
STU_014562,69.76167971973688
STU_014563,76.41543749982809
STU_014564,99.28988185084616
STU_014565,66.01419581222646
STU_014566,87.10544090117087
STU_014567,68.97433375762226
STU_014568,68.4757890358444
STU_014569,75.32407285119386
STU_014570,58.71049748721103
STU_014571,66.6235043092431
STU_014572,71.57844680911172
STU_014573,78.82566803257727
STU_014574,65.03285164129264
STU_014575,60.03568316721564
STU_014576,69.73364112252959
STU_014577,58.58474160864979
STU_014578,62.94436849941897
STU_014579,80.37552582124705
STU_014580,90.5945793078417
STU_014581,90.12389475299149
STU_014582,80.928662695493
STU_014583,71.67628000629995
STU_014584,79.56033597817486
STU_014585,72.85521778372161
STU_014586,88.23788734372981
STU_014587,59.515128868994196
STU_014588,80.8994815779486
STU_014589,53.78269297808069
STU_014590,65.4958873122607
STU_014591,88.19106775953729
STU_014592,71.20356803713567
STU_014593,94.24096621541257
STU_014594,98.10910469104044
STU_014595,52.35339807274606
STU_014596,100.0
STU_014597,72.95030416324515
STU_014598,63.58963044178388
STU_014599,78.29512405378057
STU_014600,56.63861987127264
STU_014601,77.69792067428506
STU_014602,94.8164907255753
STU_014603,56.18381362227824
STU_014604,85.59285609759705
STU_014605,100.0
STU_014606,58.2941869166158
STU_014607,82.54509384254209
STU_014608,59.58898066616072
STU_014609,80.66534900035579
STU_014610,79.50031777937527
STU_014611,76.99789288260287
STU_014612,59.543651890505814
STU_014613,73.89516951626965
STU_014614,90.22468278708864
STU_014615,72.53767284808563
STU_014616,94.28375525566547
STU_014617,63.51246191939856
STU_014618,84.88925013900997
STU_014619,73.95884047386326
STU_014620,85.5422078657546
STU_014621,64.34303078630958
STU_014622,96.89668132533546
STU_014623,72.41313131588129
STU_014624,82.07674923618363
STU_014625,72.18668627352771
STU_014626,89.01913810683799
STU_014627,65.92416052729129
STU_014628,56.70632131618068
STU_014629,79.90654052470488
STU_014630,72.80692439326668
STU_014631,62.49880992319672
STU_014632,70.06476485258476
STU_014633,72.22792041609907
STU_014634,93.924761078514
STU_014635,60.117489446787715
STU_014636,50.05322759032289
STU_014637,94.77373731220038
STU_014638,67.75589276232446
STU_014639,75.38077101814787
STU_014640,67.88971236148966
STU_014641,66.53665841949069
STU_014642,95.93598256827607
STU_014643,56.11048907102003
STU_014644,93.36778689727906
STU_014645,73.33126653478844
STU_014646,86.07368369595585
STU_014647,90.09728419660117
STU_014648,69.83549436088764
STU_014649,91.02663728844128
STU_014650,71.1143312423915
STU_014651,62.85258348013973
STU_014652,95.20926102780425
STU_014653,79.04882305920147
STU_014654,85.85529487822612
STU_014655,54.22367159437589
STU_014656,64.98125189272137
STU_014657,56.524382286201785
STU_014658,77.51047782206201
STU_014659,71.99456296056135
STU_014660,72.33110282033205
STU_014661,54.43200571831977
STU_014662,70.94001221430206
STU_014663,74.90538658940197
STU_014664,52.94894544572503
STU_014665,77.72195005104165
STU_014666,93.35678912513124
STU_014667,80.1366307870489
STU_014668,51.91205533790442
STU_014669,77.15235543980644
STU_014670,98.00401056985191
STU_014671,77.56250740085206
STU_014672,84.20164248201519
STU_014673,95.88222394308484
STU_014674,92.96073184866272
STU_014675,84.2489899924045
STU_014676,78.01687176723465
STU_014677,65.50692919037074
STU_014678,65.85144528303904
STU_014679,59.08221278632644
STU_014680,48.116736900143536
STU_014681,92.42878428684278
STU_014682,49.833604990122495
STU_014683,69.21592825316877
STU_014684,61.92521731816004
STU_014685,69.71745920080153
STU_014686,77.5338223675156
STU_014687,83.8650074714494
STU_014688,95.16536616549995
STU_014689,65.93211027201336
STU_014690,57.790408430438276
STU_014691,83.79457585845893
STU_014692,97.81444962725762
STU_014693,69.79000537404617
STU_014694,73.37898151956021
STU_014695,100.0
STU_014696,44.52019795124963
STU_014697,74.89922139807307
STU_014698,92.80553473871007
STU_014699,66.85684220184196
STU_014700,93.16259944372176
STU_014701,69.84541073459529
STU_014702,87.50264101572309
STU_014703,80.60407170973554
STU_014704,97.38264185660678
STU_014705,78.2168439458143
STU_014706,83.46405800399295
STU_014707,99.13703500268944
STU_014708,97.39852566580048
STU_014709,77.4610360323133
STU_014710,52.29954967021436
STU_014711,71.73150268741742
STU_014712,77.12177868809054
STU_014713,49.169049223858394
STU_014714,79.25027244323677
STU_014715,80.10103157318581
STU_014716,62.74081910884239
STU_014717,55.88347101732617
STU_014718,63.76695233352787
STU_014719,94.51218845928999
STU_014720,82.1128694103391
STU_014721,54.20390166621097
STU_014722,68.89868127054218
STU_014723,96.26705960518784
STU_014724,88.3130921871721
STU_014725,70.05061982764217
STU_014726,66.4516297853848
STU_014727,59.941922668183864
STU_014728,93.30907322705136
STU_014729,83.66257855995309
STU_014730,52.91056714041036
STU_014731,62.440879393884074
STU_014732,80.33070565498163
STU_014733,76.62042208612691
STU_014734,63.30593057061445
STU_014735,100.0
STU_014736,72.9178938639378
STU_014737,74.9829051177746
STU_014738,72.35573382486804
STU_014739,85.76691400550885
STU_014740,77.7418537229241
STU_014741,79.2181914392908
STU_014742,93.50221698971103
STU_014743,99.26114087643163
STU_014744,67.84580219853173
STU_014745,82.1098368450492
STU_014746,52.334815226666976
STU_014747,72.47502370077304
STU_014748,100.0
STU_014749,92.33611503237347
STU_014750,81.86023771748458
STU_014751,97.39444839304622
STU_014752,81.02626510997548
STU_014753,62.6337259755292
STU_014754,100.0
STU_014755,64.93215623266741
STU_014756,69.7300292872172
STU_014757,75.15110993782176
STU_014758,100.0
STU_014759,67.0297143833201
STU_014760,77.13575756357751
STU_014761,74.24840306694648
STU_014762,100.0
STU_014763,84.24364039449092
STU_014764,99.03862444891342
STU_014765,74.56284681840724
STU_014766,79.6489146172478
STU_014767,70.08654705272617
STU_014768,67.14792971872444
STU_014769,100.0
STU_014770,75.822106707606
STU_014771,71.69732199765936
STU_014772,70.94176958993943
STU_014773,86.53347809945954
STU_014774,90.0705548612169
STU_014775,77.21972712290275
STU_014776,80.57810660992429
STU_014777,75.4376579100825
STU_014778,82.39070208929994
STU_014779,80.15235556742302
STU_014780,58.318679127906535
STU_014781,83.16997150259535
STU_014782,87.52849384076238
STU_014783,91.68906971554071
STU_014784,91.833081965174
STU_014785,83.59226522055165
STU_014786,84.02646523512546
STU_014787,75.60900483274095
STU_014788,93.44053685145633
STU_014789,75.9694438317733
STU_014790,79.31162667434523
STU_014791,63.95395181095033
STU_014792,57.36852458163547
STU_014793,66.21997959092374
STU_014794,61.77891718191769
STU_014795,77.22931516784969
STU_014796,78.49492113862983
STU_014797,70.25498599785722
STU_014798,90.68614885778311
STU_014799,90.21249037484476
STU_014800,81.40604501320787
STU_014801,90.43143512715979
STU_014802,57.8444947784204
STU_014803,86.22607421896156
STU_014804,78.94467631291522
STU_014805,74.49710840345165
STU_014806,74.574111234138
STU_014807,69.81340952130563
STU_014808,68.93312640112195
STU_014809,51.90905209374016
STU_014810,97.1377399471718
STU_014811,98.49937401133126
STU_014812,72.67932038315361
STU_014813,62.315747614428574
STU_014814,66.65561075942738
STU_014815,57.72818748825766
STU_014816,78.33804785751991
STU_014817,85.42932484353547
STU_014818,49.68373146147115
STU_014819,78.13437890286816
STU_014820,71.06502562901987
STU_014821,58.54640420652696
STU_014822,100.0
STU_014823,68.15324711147588
STU_014824,92.84493145216742
STU_014825,75.09449937420509
STU_014826,93.27354574478808
STU_014827,60.51071821921276
STU_014828,73.77862198656155
STU_014829,77.20646562741456
STU_014830,84.18651016973972
STU_014831,83.40844689251128
STU_014832,63.40282106873485
STU_014833,61.48251743546197
STU_014834,81.02038004397102
STU_014835,74.64638865270021
STU_014836,85.79836679439343
STU_014837,72.29676936981956
STU_014838,73.26568280999942
STU_014839,82.19198885830319
STU_014840,78.646672298983
STU_014841,98.54503263857318
STU_014842,56.219171647354145
STU_014843,70.44476013385972
STU_014844,95.64139808278541
STU_014845,70.76606857560925
STU_014846,83.22006515454925
STU_014847,81.14961792353175
STU_014848,56.885957034692325
STU_014849,59.08396821979521
STU_014850,73.99859215373233
STU_014851,83.73420383125479
STU_014852,79.84546171850597
STU_014853,73.56867133275455
STU_014854,66.22470990264779
STU_014855,75.34170560723001
STU_014856,73.09854600094988
STU_014857,80.85375699423415
STU_014858,66.19381610932658
STU_014859,88.22039926356922
STU_014860,50.106975308799846
STU_014861,85.49912433832438
STU_014862,94.40383742735354
STU_014863,70.07487863081286
STU_014864,76.4993851550734
STU_014865,68.32412146458189
STU_014866,70.68996126889813
STU_014867,71.52706694830215
STU_014868,100.0
STU_014869,98.47491395375307
STU_014870,75.48104410698444
STU_014871,75.06209295503982
STU_014872,83.41306023153011
STU_014873,63.84375135465959
STU_014874,62.92131064023491
STU_014875,82.49087713573388
STU_014876,55.54926550416923
STU_014877,65.67227005875885
STU_014878,64.87911122907278
STU_014879,80.17580749646277
STU_014880,85.06191244451226
STU_014881,77.72230917104093
STU_014882,66.66817593632068
STU_014883,79.40015816067293
STU_014884,67.18470381241609
STU_014885,85.14786333263588
STU_014886,69.85570246334815
STU_014887,74.84675522401038
STU_014888,87.29110996832812
STU_014889,70.67850064896048
STU_014890,91.66110140494578
STU_014891,73.33377083994633
STU_014892,86.36798128904233
STU_014893,66.44976973732557
STU_014894,72.42903012540131
STU_014895,62.74211571874716
STU_014896,79.02580651680626
STU_014897,79.03740982511817
STU_014898,83.81125765012548
STU_014899,55.984806967397446
STU_014900,97.4169983670378
STU_014901,79.09913697096711
STU_014902,83.28359320198777
STU_014903,86.97417200642282
STU_014904,78.40882104697071
STU_014905,90.4512268673465
STU_014906,78.61403931972646
STU_014907,55.09789420574354
STU_014908,80.32145717097653
STU_014909,81.75455334215737
STU_014910,71.56341356302666
STU_014911,99.71603268430361
STU_014912,80.55910117526277
STU_014913,74.83888687236866
STU_014914,50.47962285786305
STU_014915,60.81864305254568
STU_014916,67.97001130184675
STU_014917,100.0
STU_014918,88.09583004148628
STU_014919,54.68953303986214
STU_014920,94.35777701992949
STU_014921,64.31332925047992
STU_014922,56.11552767215254
STU_014923,70.0753955273239
STU_014924,83.64054221638997
STU_014925,100.0
STU_014926,78.3867976845509
STU_014927,72.94485832950171
STU_014928,61.397217120410815
STU_014929,82.28275785848136
STU_014930,81.35595727970984
STU_014931,88.98799902562347
STU_014932,60.31871698855274
STU_014933,79.19362163235992
STU_014934,68.39374031419676
STU_014935,77.01709720340806
STU_014936,84.61985498224006
STU_014937,84.21833601801991
STU_014938,100.0
STU_014939,72.28151978900908
STU_014940,95.23199349788445
STU_014941,62.761972351053416
STU_014942,94.93779670198778
STU_014943,63.342129292537166
STU_014944,71.60697119317801
STU_014945,63.44246485487999
STU_014946,68.29716344675519
STU_014947,70.18493027760485
STU_014948,89.16790603700271
STU_014949,64.65566790045848
STU_014950,89.03383058499224
STU_014951,69.27539490799036
STU_014952,74.89318818301248
STU_014953,99.02998928928649
STU_014954,90.68599449571478
STU_014955,94.6787365137897
STU_014956,80.74363482266516
STU_014957,79.24012635750368
STU_014958,69.73024906004842
STU_014959,53.48577078403916
STU_014960,97.25408392750205
STU_014961,90.73084667889567
STU_014962,51.23177943630802
STU_014963,73.26402298712377
STU_014964,95.86353962356544
STU_014965,74.05597146111765
STU_014966,68.36553078118398
STU_014967,53.52676178663741
STU_014968,92.81460657805629
STU_014969,80.22370254190587
STU_014970,67.22957952632419
STU_014971,65.93621550904577
STU_014972,91.3916088050301
STU_014973,74.69936862560742
STU_014974,68.64671065507683
STU_014975,65.61436771030213
STU_014976,89.67642695390718
STU_014977,82.13600114782194
STU_014978,90.22684512635027
STU_014979,94.75327457901501
STU_014980,62.54382476229914
STU_014981,98.66064325389571
STU_014982,64.74160171505551
STU_014983,89.20736827321241
STU_014984,62.44416409172554
STU_014985,68.7100269173513
STU_014986,48.84759642342692
STU_014987,89.33076681274909
STU_014988,65.76143125789638
STU_014989,97.66273996643669
STU_014990,85.99937667019779
STU_014991,97.66408614903617
STU_014992,71.1407560966321
STU_014993,61.342204574024876
STU_014994,83.9235470880882
STU_014995,86.36782961105838
STU_014996,72.03377622083246
STU_014997,78.53876102746264
STU_014998,81.35865785063451
STU_014999,99.72927482605252
STU_015000,72.16752498741536
STU_015001,55.96070834357137
STU_015002,66.87458608553972
STU_015003,57.05223906059287
STU_015004,62.94102117537754
STU_015005,58.807622051360084
STU_015006,64.3484259200951
STU_015007,90.82938170291183
STU_015008,70.735100669284
STU_015009,78.0523545670106
STU_015010,74.90378050943225
STU_015011,53.14138817987252
STU_015012,97.31600899210832
STU_015013,62.83102828071007
STU_015014,63.67111195396106
STU_015015,84.10630810954639
STU_015016,90.09555094827672
STU_015017,87.84222927711991
STU_015018,73.85288311119542
STU_015019,83.74758262083847
STU_015020,59.98988864039019
STU_015021,76.34113028927565
STU_015022,62.73016186895994
STU_015023,74.72210106992135
STU_015024,72.04470903840075
STU_015025,85.5554597831685
STU_015026,70.13207635678664
STU_015027,82.15277742636927
STU_015028,72.65320227468354
STU_015029,76.04299846386905
STU_015030,88.8404439171465
STU_015031,79.59696851444276
STU_015032,69.4351925675221
STU_015033,77.66925069409008
STU_015034,65.84178567999281
STU_015035,80.16740314568987
STU_015036,73.07727139203104
STU_015037,76.96746758681516
STU_015038,91.22651190118636
STU_015039,65.7398009026941
STU_015040,78.85797078643292
STU_015041,83.74483808808033
STU_015042,47.54110788925827
STU_015043,79.9463343024771
STU_015044,88.47227981191352
STU_015045,90.60760863197403
STU_015046,67.34238312927387
STU_015047,82.73091928776778
STU_015048,66.64157465433819
STU_015049,70.91836291300055
STU_015050,58.81575952044213
STU_015051,63.1860175863406
STU_015052,60.354994725601685
STU_015053,66.04406220886044
STU_015054,92.21893137059263
STU_015055,81.01763983173585
STU_015056,65.04444798106888
STU_015057,100.0
STU_015058,60.451962449464276
STU_015059,96.22148406040309
STU_015060,70.86792227159093
STU_015061,76.43358043040035
STU_015062,70.8657382659349
STU_015063,67.10329104631396
STU_015064,65.85170647751038
STU_015065,91.48376393636367
STU_015066,85.3049363609529
STU_015067,72.99998512704234
STU_015068,70.53574086906023
STU_015069,71.8358353237857
STU_015070,73.09287394346312
STU_015071,75.99591101557318
STU_015072,100.0
STU_015073,63.73513391044183
STU_015074,68.71367201884058
STU_015075,95.60585157570925
STU_015076,71.08753056677942
STU_015077,67.34182083607514
STU_015078,68.12149189533633
STU_015079,100.0
STU_015080,62.93864730902423
STU_015081,98.55451989378669
STU_015082,62.90858957991547
STU_015083,81.79938835565689
STU_015084,62.10539653676881
STU_015085,78.13488542011015
STU_015086,66.95923810132878
STU_015087,57.92527692110228
STU_015088,92.43447188826451
STU_015089,77.90496112620724
STU_015090,85.6922400781641
STU_015091,74.95672818644753
STU_015092,77.10339277221861
STU_015093,98.24977971649302
STU_015094,69.70139058243895
STU_015095,75.81729822241176
STU_015096,87.01700009819946
STU_015097,79.6425338592016
STU_015098,65.76661630672163
STU_015099,62.098137163264894
STU_015100,89.89249532211164
STU_015101,71.97596037382566
STU_015102,79.72923382111136
STU_015103,96.89252192071292
STU_015104,73.80662061799582
STU_015105,93.45621388623475
STU_015106,69.7911280520086
STU_015107,74.89400687646676
STU_015108,81.22256967821038
STU_015109,76.612032443083
STU_015110,84.69449418980291
STU_015111,62.56072890306514
STU_015112,76.49020601519588
STU_015113,68.32590722805949
STU_015114,84.27008483411241
STU_015115,60.74243945365416
STU_015116,90.4161441931017
STU_015117,67.03360276749342
STU_015118,55.52550936422429
STU_015119,81.18875196743114
STU_015120,84.5270671103401
STU_015121,62.706412721642764
STU_015122,100.0
STU_015123,68.16762510676028
STU_015124,89.02258044612199
STU_015125,76.32221538089654
STU_015126,72.98745291542802
STU_015127,93.83802707822358
STU_015128,76.17152551342767
STU_015129,69.47233182915446
STU_015130,71.501811621959
STU_015131,80.7786819910511
STU_015132,87.18021437047715
STU_015133,96.59580312513056
STU_015134,82.85506663939083
STU_015135,83.68255055749468
STU_015136,74.99902171107283
STU_015137,75.66993298385053
STU_015138,70.64561035308984
STU_015139,79.78946046292141
STU_015140,98.73948568569847
STU_015141,67.58222625143931
STU_015142,76.94301438633276
STU_015143,100.0
STU_015144,82.3493881157364
STU_015145,60.96641282741254
STU_015146,96.65535441020872
STU_015147,77.9515937324917
STU_015148,73.10349701365887
STU_015149,67.96986768844754
STU_015150,49.15834839200381
STU_015151,53.568028959339856
STU_015152,73.37659543339028
STU_015153,59.63601030325944
STU_015154,83.91108448859065
STU_015155,86.05001203892468
STU_015156,70.72282727120661
STU_015157,61.62775497943967
STU_015158,93.15352706647002
STU_015159,50.995514216497426
STU_015160,87.65880052600885
STU_015161,62.24177129426005
STU_015162,73.68362737359779
STU_015163,73.71377831588026
STU_015164,44.11077350825292
STU_015165,82.5878812013478
STU_015166,96.34054182575464
STU_015167,83.61950835246545
STU_015168,59.40430146199857
STU_015169,92.59750259883879
STU_015170,76.41160707012506
STU_015171,91.020135481788
STU_015172,60.490981899913706
STU_015173,79.30713315146905
STU_015174,95.75528934880462
STU_015175,75.40094473713286
STU_015176,100.0
STU_015177,77.97886048511798
STU_015178,63.67915055281644
STU_015179,78.63634492785592
STU_015180,62.05946519001624
STU_015181,76.83821103027725
STU_015182,81.93707103014833
STU_015183,80.8928936592194
STU_015184,68.59181704581071
STU_015185,82.10271664083386
STU_015186,76.15614756151876
STU_015187,56.123659357006375
STU_015188,69.45434282391277
STU_015189,90.01054747243974
STU_015190,95.4464821152124
STU_015191,80.50506746412093
STU_015192,100.0
STU_015193,82.72945006388828
STU_015194,86.00259103788795
STU_015195,85.95958460644643
STU_015196,77.41181610105637
STU_015197,73.22413227620338
STU_015198,80.92298433231076
STU_015199,71.91902634730847
STU_015200,69.22621879190417
STU_015201,79.47702379402233
STU_015202,67.52145042201407
STU_015203,63.42946093709436
STU_015204,81.84773496194177
STU_015205,77.9734104483947
STU_015206,76.07367000780165
STU_015207,92.10257287900562
STU_015208,77.10641205860263
STU_015209,83.11288139768648
STU_015210,87.11332417878074
STU_015211,46.08849957501439
STU_015212,94.28728003494594
STU_015213,72.6458356093451
STU_015214,98.33165346347774
STU_015215,75.10447084425228
STU_015216,94.04667610300375
STU_015217,58.04361120166348
STU_015218,76.08862911965936
STU_015219,74.35144576929804
STU_015220,48.408887900930516
STU_015221,87.35128094037167
STU_015222,64.2337860927723
STU_015223,87.08867946897124
STU_015224,75.1332563897189
STU_015225,72.99238300427409
STU_015226,70.57105293003741
STU_015227,65.26893588172287
STU_015228,81.775495300456
STU_015229,72.28885637013482
STU_015230,77.22981955601516
STU_015231,100.0
STU_015232,81.20556196449492
STU_015233,87.677514710882
STU_015234,73.14736888426437
STU_015235,66.93263669962474
STU_015236,99.18519870834155
STU_015237,81.63206233984677
STU_015238,82.69119819953943
STU_015239,93.3077434166312
STU_015240,66.00412271865274
STU_015241,45.86190681705554
STU_015242,54.89053624896877
STU_015243,80.74814817362298
STU_015244,82.00437697794409
STU_015245,69.07767464995649
STU_015246,100.0
STU_015247,80.69872464454757
STU_015248,82.1970984930487
STU_015249,71.12206986901921
STU_015250,88.97840897823365
STU_015251,71.3846592758813
STU_015252,88.29555602776493
STU_015253,87.6535562475708
STU_015254,97.30132738329453
STU_015255,65.50704333124708
STU_015256,64.00925331803734
STU_015257,75.40200910322297
STU_015258,93.4229660154365
STU_015259,87.70653177491481
STU_015260,97.04720145741065
STU_015261,81.62464548582466
STU_015262,87.56628719580318
STU_015263,87.27872972535347
STU_015264,79.6107251640501
STU_015265,96.79451070465683
STU_015266,69.70459731162671
STU_015267,80.44796324707318
STU_015268,57.233372122234115
STU_015269,61.6381642583742
STU_015270,74.63736044186797
STU_015271,75.29670140867111
STU_015272,64.22873324614672
STU_015273,88.50903517807451
STU_015274,75.19213618001326
STU_015275,47.91231962567062
STU_015276,52.73898868129825
STU_015277,69.97193682028788
STU_015278,99.36093240659717
STU_015279,50.69175074125663
STU_015280,88.8009156313957
STU_015281,100.0
STU_015282,85.06138933623122
STU_015283,82.39384441182163
STU_015284,77.66761184656004
STU_015285,45.62906839423657
STU_015286,88.48507963139646
STU_015287,75.53080189087889
STU_015288,80.19442151622022
STU_015289,61.34177899797338
STU_015290,77.85121124269676
STU_015291,77.6282735969565
STU_015292,68.68489083993894
STU_015293,60.17794649903978
STU_015294,81.97018778110996
STU_015295,74.88339936705721
STU_015296,72.06119255122292
STU_015297,86.24318339948768
STU_015298,98.10872991223634
STU_015299,69.75359528330843
STU_015300,90.36771765861023
STU_015301,74.77472409558742
STU_015302,81.12181666696061
STU_015303,63.279323225290966
STU_015304,57.07620398000155
STU_015305,67.99985783714253
STU_015306,81.88405665587473
STU_015307,98.20027724754351
STU_015308,61.12776776495838
STU_015309,69.65196534521566
STU_015310,79.00687340393752
STU_015311,67.21210537665652
STU_015312,81.4865033784165
STU_015313,61.325054339789034
STU_015314,83.9658741088003
STU_015315,77.05777069934184
STU_015316,92.3089739016873
STU_015317,72.25189204001651
STU_015318,81.37892865989035
STU_015319,70.63561582309325
STU_015320,70.35761505074335
STU_015321,63.62809970514185
STU_015322,99.15379977510408
STU_015323,80.91449562964662
STU_015324,70.24599776634432
STU_015325,79.53821595912576
STU_015326,59.44358293685967
STU_015327,78.291302046075
STU_015328,71.67718959260802
STU_015329,72.2533516805684
STU_015330,72.78007615457655
STU_015331,63.09756277563007
STU_015332,100.0
STU_015333,68.4171007560596
STU_015334,82.11201802392316
STU_015335,95.52672395597209
STU_015336,91.99761577900294
STU_015337,70.7190138570879
STU_015338,69.26701881132352
STU_015339,63.9747071617892
STU_015340,91.3965933875326
STU_015341,80.69688510359325
STU_015342,100.0
STU_015343,80.59963923660115
STU_015344,93.44297091408838
STU_015345,100.0
STU_015346,83.14631444891661
STU_015347,95.96971480737312
STU_015348,72.3766905279228
STU_015349,80.01758250649586
STU_015350,87.0147226151628
STU_015351,100.0
STU_015352,82.9760851561694
STU_015353,77.19100393011199
STU_015354,59.43064517456655
STU_015355,57.25188621397611
STU_015356,63.34921180200156
STU_015357,66.5235362239347
STU_015358,80.97035026726752
STU_015359,81.29067073765763
STU_015360,92.02435295187597
STU_015361,83.06045464370202
STU_015362,71.77054913148147
STU_015363,80.82694211378531
STU_015364,91.33558145089664
STU_015365,74.4179579772123
STU_015366,90.50051442356953
STU_015367,83.47153983700379
STU_015368,74.91585899852744
STU_015369,98.13241263955271
STU_015370,96.9126034374094
STU_015371,57.43663889965052
STU_015372,58.66118840005623
STU_015373,84.13596702821927
STU_015374,88.76675719563136
STU_015375,68.3812760441725
STU_015376,74.42323060528757
STU_015377,90.34940364450351
STU_015378,72.99504132780716
STU_015379,94.58989947783702
STU_015380,90.2466128660687
STU_015381,93.0934196371127
STU_015382,82.2521190600331
STU_015383,58.674404863553974
STU_015384,78.58179471277019
STU_015385,61.47823703021234
STU_015386,72.8722648151621
STU_015387,65.46440800418749
STU_015388,77.8880005665541
STU_015389,97.90235783998635
STU_015390,48.993531394563576
STU_015391,79.56438956076927
STU_015392,90.7270944562743
STU_015393,87.2834598955052
STU_015394,73.89928765251865
STU_015395,82.99125915189148
STU_015396,71.15429803507757
STU_015397,97.68622483536042
STU_015398,72.66397526602846
STU_015399,99.02035661730501
STU_015400,93.19730687676183
STU_015401,88.07960555803253
STU_015402,74.28018642180974
STU_015403,61.86463374510477
STU_015404,78.9241269991539
STU_015405,80.46921285921715
STU_015406,88.14295209556393
STU_015407,85.40434426640627
STU_015408,41.14742736286153
STU_015409,75.81174416136835
STU_015410,66.52084272080859
STU_015411,71.13993549226548
STU_015412,67.96411521174517
STU_015413,78.46980080296645
STU_015414,70.26311581299386
STU_015415,67.02473105015532
STU_015416,87.84464366877413
STU_015417,59.168627266481224
STU_015418,86.99644344754769
STU_015419,55.68860556296913
STU_015420,69.00665261607139
STU_015421,93.93039664491889
STU_015422,76.82536481982521
STU_015423,87.20104179379196
STU_015424,100.0
STU_015425,88.04876396573614
STU_015426,62.40135334937736
STU_015427,58.03657675800355
STU_015428,74.94147097731413
STU_015429,77.21512472045004
STU_015430,42.64496582993904
STU_015431,67.53034154411468
STU_015432,83.62372813704891
STU_015433,69.56082271634817
STU_015434,65.43382872309815
STU_015435,68.11906488930225
STU_015436,76.70504916341046
STU_015437,73.66959481091858
STU_015438,95.34987222376759
STU_015439,76.19654027961211
STU_015440,77.02530854181661
STU_015441,66.76852498419582
STU_015442,86.9734406390022
STU_015443,63.04419640564329
STU_015444,77.0230738007907
STU_015445,68.51157734982012
STU_015446,68.14571544947563
STU_015447,54.17892118346701
STU_015448,46.48888246233974
STU_015449,79.65099012279755
STU_015450,89.43874939422012
STU_015451,78.70951251955765
STU_015452,79.54380710948824
STU_015453,94.53095585464578
STU_015454,80.25702424685157
STU_015455,53.31735819239574
STU_015456,78.3470986094844
STU_015457,66.62099813832099
STU_015458,64.13184371526945
STU_015459,51.59478297388728
STU_015460,100.0
STU_015461,100.0
STU_015462,70.778482026477
STU_015463,86.91549585759385
STU_015464,58.404298624064765
STU_015465,53.19805765077669
STU_015466,89.30387098286633
STU_015467,86.15249450749418
STU_015468,64.39372959362
STU_015469,64.62761228972737
STU_015470,94.46287370939986
STU_015471,73.89007402407371
STU_015472,90.97821889206631
STU_015473,87.73665889914051
STU_015474,98.6997120665699
STU_015475,76.78414564842714
STU_015476,80.93304141204285
STU_015477,56.344349869078755
STU_015478,52.87799677002373
STU_015479,96.84552550331544
STU_015480,66.03141484580986
STU_015481,79.16949786961808
STU_015482,61.14064670268897
STU_015483,92.54569357193385
STU_015484,65.87491193760373
STU_015485,65.00692906982505
STU_015486,75.84291642706255
STU_015487,62.860983949814624
STU_015488,72.83212277095187
STU_015489,81.19260462587967
STU_015490,88.48113574859869
STU_015491,80.73395755751288
STU_015492,63.246829912854125
STU_015493,69.50681909218518
STU_015494,64.88846392531036
STU_015495,83.56230739191135
STU_015496,66.09298647687307
STU_015497,60.052771974959796
STU_015498,70.97047776266669
STU_015499,40.364577092307364
STU_015500,75.03114465295918
STU_015501,90.81517924816126
STU_015502,53.121655337233754
STU_015503,84.19540104587007
STU_015504,83.4219556411715
STU_015505,75.57713266681573
STU_015506,73.50626550948591
STU_015507,100.0
STU_015508,98.7891622992564
STU_015509,84.09287173096061
STU_015510,87.50945433496133
STU_015511,88.2862394151201
STU_015512,79.75085991545693
STU_015513,80.48626063848782
STU_015514,82.72215843473633
STU_015515,74.57701326167796
STU_015516,72.83458821465119
STU_015517,93.88960051830584
STU_015518,72.67186720101398
STU_015519,53.43301719041138
STU_015520,78.54044109488773
STU_015521,89.71152728564623
STU_015522,63.19579703232667
STU_015523,67.61880489978878
STU_015524,39.98455571129565
STU_015525,77.10042706689391
STU_015526,76.33394328658024
STU_015527,70.97027431418319
STU_015528,69.35257969053819
STU_015529,87.7090289848207
STU_015530,87.16033608928466
STU_015531,83.3906441387468
STU_015532,79.8643906873912
STU_015533,54.61548358942443
STU_015534,87.44763518838315
STU_015535,74.67473583446592
STU_015536,79.85020677593467
STU_015537,73.34029120938395
STU_015538,88.51946832780801
STU_015539,69.23398540036558
STU_015540,66.3795257432625
STU_015541,71.1346396489947
STU_015542,91.24366660748476
STU_015543,77.09938335850252
STU_015544,97.75347072122601
STU_015545,72.9803181975582
STU_015546,76.4303004596155
STU_015547,55.13603503458677
STU_015548,62.87519974578717
STU_015549,92.17010205298321
STU_015550,93.63159160498458
STU_015551,79.34543209458273
STU_015552,72.53716943322306
STU_015553,50.45870185664792
STU_015554,81.12318426635854
STU_015555,77.80673660357606
STU_015556,92.86947888098528
STU_015557,72.17356354418219
STU_015558,86.57777864955806
STU_015559,84.46516796684192
STU_015560,79.30640454748296
STU_015561,87.11861571300632
STU_015562,82.62743526357936
STU_015563,65.7263115792279
STU_015564,70.0447418218971
STU_015565,63.175069780039294
STU_015566,70.53867825785521
STU_015567,74.16066713521896
STU_015568,72.77319128745
STU_015569,71.88337840978102
STU_015570,93.50440033351771
STU_015571,62.178661683392576
STU_015572,76.43115561861829
STU_015573,85.98078782115887
STU_015574,62.38495585163666
STU_015575,63.20239429901147
STU_015576,70.85692512796217
STU_015577,66.90552104211542
STU_015578,77.66098559097034
STU_015579,71.99393168591847
STU_015580,74.79499284314635
STU_015581,83.39122704502127
STU_015582,79.65594920748117
STU_015583,94.6084405035579
STU_015584,82.69194336946583
STU_015585,87.80551111360653
STU_015586,91.0743753358835
STU_015587,54.56702580198062
STU_015588,74.22545275112826
STU_015589,77.61771815433056
STU_015590,60.285188305791834
STU_015591,61.25217164595833
STU_015592,86.96150159306585
STU_015593,63.56149321548635
STU_015594,89.05468417025703
STU_015595,95.17639417828867
STU_015596,81.61335494211448
STU_015597,95.62447557180722
STU_015598,82.56790020040621
STU_015599,52.32647509722432
STU_015600,71.94473693637026
STU_015601,50.12559144586394
STU_015602,60.2216880674912
STU_015603,77.82302016098575
STU_015604,82.50369253624056
STU_015605,58.06737274778638
STU_015606,79.96560295246063
STU_015607,64.1438744376974
STU_015608,76.556924726
STU_015609,71.06789438053012
STU_015610,67.30814831456262
STU_015611,86.37163718542674
STU_015612,82.4964353435175
STU_015613,95.04913175797812
STU_015614,63.83749347590326
STU_015615,71.09126589756976
STU_015616,82.3465405261936
STU_015617,64.50632254357261
STU_015618,83.60585796441349
STU_015619,60.990861109016365
STU_015620,71.13833078285343
STU_015621,71.64386794152553
STU_015622,77.08979686478507
STU_015623,90.111672452508
STU_015624,80.45234657079642
STU_015625,78.85542523994378
STU_015626,61.17312975913778
STU_015627,100.0
STU_015628,78.05012629813088
STU_015629,70.34968748529748
STU_015630,71.95739460848726
STU_015631,65.61204000103223
STU_015632,91.8249741058388
STU_015633,87.15115521070506
STU_015634,70.86705415000941
STU_015635,99.25355582581393
STU_015636,68.89445319028825
STU_015637,48.016755277250404
STU_015638,71.40194114231734
STU_015639,98.85727323903204
STU_015640,67.71060790091077
STU_015641,57.20990648805626
STU_015642,100.0
STU_015643,83.70906870421469
STU_015644,93.84568518376388
STU_015645,59.64444530643753
STU_015646,100.0
STU_015647,71.63817502862845
STU_015648,61.646856015194174
STU_015649,81.64555027040281
STU_015650,66.24302605452253
STU_015651,55.300046801724235
STU_015652,99.5636469908128
STU_015653,74.33607048617081
STU_015654,68.1155452790063
STU_015655,100.0
STU_015656,64.6550562481921
STU_015657,74.95946693340801
STU_015658,70.28227222714006
STU_015659,72.61940385186271
STU_015660,89.58844534024047
STU_015661,43.13947730024048
STU_015662,70.46944710815896
STU_015663,88.31932094809939
STU_015664,54.067500633847004
STU_015665,78.7447524982626
STU_015666,82.59174026065733
STU_015667,94.41503900186406
STU_015668,82.40485215971107
STU_015669,79.33812495679366
STU_015670,62.20226108994733
STU_015671,84.39759922843639
STU_015672,89.85773161065804
STU_015673,80.50141660689457
STU_015674,80.44890115200306
STU_015675,88.66658547625609
STU_015676,51.220300779280635
STU_015677,82.04172602748977
STU_015678,100.0
STU_015679,76.71261320812043
STU_015680,76.295214806928
STU_015681,79.92299564822395
STU_015682,88.62859620911303
STU_015683,65.37197309439674
STU_015684,64.88061402172049
STU_015685,83.63658597935668
STU_015686,69.39311160023244
STU_015687,89.72269860819837
STU_015688,77.0838899161905
STU_015689,61.11738212407013
STU_015690,62.40393437372097
STU_015691,99.85429301533402
STU_015692,87.32177017194913
STU_015693,76.13290236210223
STU_015694,97.88058378206586
STU_015695,92.73110870043094
STU_015696,52.44944819307136
STU_015697,62.529038859750756
STU_015698,86.85456295883502
STU_015699,95.91382956982939
STU_015700,82.62514873406333
STU_015701,69.63427952527555
STU_015702,86.72314727246345
STU_015703,87.74918744744649
STU_015704,79.19887566700253
STU_015705,83.55174750899224
STU_015706,65.25431500222956
STU_015707,77.8778673312947
STU_015708,52.212567098854095
STU_015709,62.90796322591078
STU_015710,67.6747679865628
STU_015711,75.0855300948884
STU_015712,90.05609541526847
STU_015713,86.73888126783031
STU_015714,71.3438668996447
STU_015715,85.14926572575796
STU_015716,62.120862277440665
STU_015717,68.70352388555405
STU_015718,65.75273534872012
STU_015719,57.199679155570394
STU_015720,62.66292525392271
STU_015721,61.39616273015102
STU_015722,67.5518720341449
STU_015723,74.25420260047581
STU_015724,99.39982320491696
STU_015725,87.57003216579828
STU_015726,79.5088284113116
STU_015727,64.7810028120393
STU_015728,82.97735472913192
STU_015729,96.0531607162669
STU_015730,68.59274014100959
STU_015731,82.47293495683273
STU_015732,58.00391400210299
STU_015733,64.89196901361832
STU_015734,63.252222019512104
STU_015735,53.172392606103244
STU_015736,93.8574500619815
STU_015737,73.55661482275194
STU_015738,63.95257052463478
STU_015739,73.71454353333185
STU_015740,92.27648848739663
STU_015741,61.82215855898943
STU_015742,68.45660447060057
STU_015743,89.50394383839881
STU_015744,67.42793498813786
STU_015745,85.6517675948873
STU_015746,67.69863232432307
STU_015747,94.7262955183237
STU_015748,53.37797833613041
STU_015749,88.0399001484293
STU_015750,59.533166550000715
STU_015751,87.39812426963336
STU_015752,69.22853337668145
STU_015753,78.33414075081141
STU_015754,80.30079982235843
STU_015755,93.10787850400229
STU_015756,78.67934884436347
STU_015757,86.47435809029339
STU_015758,100.0
STU_015759,83.26430580212292
STU_015760,64.08246869240071
STU_015761,90.93110967902938
STU_015762,68.51818658709416
STU_015763,64.520407070369
STU_015764,74.71177167821047
STU_015765,80.69382433977837
STU_015766,82.75074134318213
STU_015767,87.54138839718951
STU_015768,78.07474657352455
STU_015769,80.75391475345249
STU_015770,68.59881340361864
STU_015771,97.06379059592503
STU_015772,58.766106622938636
STU_015773,54.839512821430006
STU_015774,99.79366312245843
STU_015775,75.28309675514657
STU_015776,62.31973355950922
STU_015777,68.84435507315159
STU_015778,67.48006541736005
STU_015779,54.16375474690565
STU_015780,83.12489816287646
STU_015781,75.62588021366844
STU_015782,81.58538665039347
STU_015783,64.28211406027994
STU_015784,75.42937851930849
STU_015785,70.67880123356487
STU_015786,73.38353821063475
STU_015787,79.05494124559685
STU_015788,77.4058775154213
STU_015789,51.93590510423344
STU_015790,67.07664794482798
STU_015791,71.15123031948033
STU_015792,77.92212501642894
STU_015793,92.07053667977242
STU_015794,86.93285672833377
STU_015795,64.45134076769814
STU_015796,90.39175024207475
STU_015797,85.43835458469079
STU_015798,84.53920037889549
STU_015799,89.80399478591231
STU_015800,62.83805853029058
STU_015801,77.92545331984759
STU_015802,57.03580139099864
STU_015803,71.10143722983443
STU_015804,80.34287743016536
STU_015805,50.913155204556524
STU_015806,97.49891804539162
STU_015807,79.20528723267942
STU_015808,68.81821734617019
STU_015809,49.88364753533267
STU_015810,87.0279221010159
STU_015811,100.0
STU_015812,86.34361803564123
STU_015813,94.09631171734446
STU_015814,68.35420225153614
STU_015815,60.477241265411806
STU_015816,90.60662501771402
STU_015817,71.01117275773501
STU_015818,72.05937069130916
STU_015819,55.24127826331812
STU_015820,67.63970164009474
STU_015821,73.90776660782241
STU_015822,65.45418051876807
STU_015823,77.87357570921117
STU_015824,85.22571520016025
STU_015825,52.68894060210839
STU_015826,55.9769220924004
STU_015827,66.30772984978965
STU_015828,73.12719612858493
STU_015829,86.06413495148561
STU_015830,88.19980466185154
STU_015831,75.60348736056777
STU_015832,93.81874057880911
STU_015833,91.37519023478771
STU_015834,46.04787213238415
STU_015835,75.31613973867326
STU_015836,77.90986963323645
STU_015837,72.32813907519882
STU_015838,70.760257037999
STU_015839,90.59163685733908
STU_015840,69.28141283453772
STU_015841,58.46007170284459
STU_015842,94.08772558637583
STU_015843,85.82543788421405
STU_015844,89.73345315506283
STU_015845,67.38883112975387
STU_015846,62.41235322998449
STU_015847,74.12978697707742
STU_015848,83.16845853018785
STU_015849,93.05123991228196
STU_015850,53.81698992348264
STU_015851,71.55225839180069
STU_015852,62.37442905538252
STU_015853,78.45316075411255
STU_015854,91.7201770309812
STU_015855,95.50239557540085
STU_015856,76.16259852804205
STU_015857,85.05358192884454
STU_015858,62.85436383017138
STU_015859,72.4621115666404
STU_015860,67.83679830686384
STU_015861,72.10142107926303
STU_015862,66.77289425793072
STU_015863,97.79255722543154
STU_015864,55.108353135461314
STU_015865,61.821149633915326
STU_015866,74.44408961213588
STU_015867,40.38846792711304
STU_015868,70.79776022578126
STU_015869,90.43622381760426
STU_015870,76.4001437211721
STU_015871,74.64192573869835
STU_015872,47.64757868971985
STU_015873,98.33493732485492
STU_015874,74.54263891085402
STU_015875,85.13426570032833
STU_015876,59.50890482035099
STU_015877,96.78196456148993
STU_015878,80.07573945077681
STU_015879,96.23053621511998
STU_015880,80.9257374998784
STU_015881,95.94207560994828
STU_015882,68.56198837513259
STU_015883,78.58885196859153
STU_015884,87.36637322260886
STU_015885,61.84149556267529
STU_015886,94.05624495177943
STU_015887,99.74493566581019
STU_015888,62.27069752060423
STU_015889,87.80923096302172
STU_015890,92.81396110463425
STU_015891,92.64907733829004
STU_015892,57.120408645532365
STU_015893,56.2376524401855
STU_015894,52.630717212405756
STU_015895,60.99621656586373
STU_015896,69.8646635350458
STU_015897,90.48915671847546
STU_015898,74.73536057700376
STU_015899,87.90607862100232
STU_015900,70.12448263012136
STU_015901,67.46866051671496
STU_015902,71.46319798885487
STU_015903,83.9894452754372
STU_015904,81.67344434049627
STU_015905,88.53155825339468
STU_015906,71.88788901208105
STU_015907,100.0
STU_015908,62.791839517060296
STU_015909,71.174861853707
STU_015910,76.84606884066473
STU_015911,60.38934155007213
STU_015912,75.00560517055276
STU_015913,68.93461916908974
STU_015914,63.10264917874534
STU_015915,87.66828816728058
STU_015916,61.42222921020793
STU_015917,50.36099185904686
STU_015918,75.6075849645253
STU_015919,89.30063933357172
STU_015920,79.67344965975674
STU_015921,94.04224191011465
STU_015922,56.7741976495639
STU_015923,91.52794728292439
STU_015924,73.44457187234711
STU_015925,66.25931844870563
STU_015926,77.13771777425866
STU_015927,72.80142826984358
STU_015928,76.37030221310471
STU_015929,86.8433465153046
STU_015930,59.67379755922312
STU_015931,60.13587624171899
STU_015932,78.84783488961473
STU_015933,74.86480023850473
STU_015934,70.25072256627541
STU_015935,100.0
STU_015936,100.0
STU_015937,78.98101840942124
STU_015938,82.3747070876287
STU_015939,66.84667237026606
STU_015940,91.77638698967016
STU_015941,66.04687177693513
STU_015942,86.6499594292099
STU_015943,82.27019466824429
STU_015944,96.32598025357309
STU_015945,76.69189627391496
STU_015946,77.31644251334512
STU_015947,69.34642735177596
STU_015948,69.6255535475663
STU_015949,59.8344801862017
STU_015950,97.02947130790173
STU_015951,75.71197184734862
STU_015952,73.91195157537508
STU_015953,62.2804436952421
STU_015954,80.87981185782817
STU_015955,78.58800282930243
STU_015956,80.41424473872313
STU_015957,54.94751717362375
STU_015958,69.40266789703281
STU_015959,92.09606962912997
STU_015960,68.09134654395253
STU_015961,91.32070885120292
STU_015962,79.7751691550929
STU_015963,77.79495819987696
STU_015964,65.97618113263049
STU_015965,84.41994099827836
STU_015966,58.033165922532305
STU_015967,79.6725696424706
STU_015968,77.86383990040991
STU_015969,67.39309323677364
STU_015970,77.33382332136942
STU_015971,65.54521908310235
STU_015972,81.86786673183826
STU_015973,62.79822359950785
STU_015974,88.4713064575224
STU_015975,55.56093387331431
STU_015976,51.96956192808287
STU_015977,61.671301426715715
STU_015978,73.86235310254084
STU_015979,87.4058560135954
STU_015980,84.70579682742026
STU_015981,97.42524341145467
STU_015982,93.59046394390042
STU_015983,81.9153973480099
STU_015984,85.02849461693702
STU_015985,71.17524998316283
STU_015986,44.7860652102644
STU_015987,73.98447366876425
STU_015988,61.769651252819216
STU_015989,76.36136634264025
STU_015990,54.584155840682484
STU_015991,75.04159013281316
STU_015992,46.52280238883917
STU_015993,73.07427864344581
STU_015994,72.58139806593952
STU_015995,98.07568765432792
STU_015996,80.40346769304614
STU_015997,70.44231505489203
STU_015998,84.28772718899256
STU_015999,87.06677408949095
STU_016000,83.52240555937497
STU_016001,90.97314472679263
STU_016002,89.3113266960806
STU_016003,93.26423071688019
STU_016004,87.90231121157707
STU_016005,48.387093491118925
STU_016006,65.47390417214216
STU_016007,80.26825938609086
STU_016008,88.456516259464
STU_016009,52.80671725219949
STU_016010,73.13200797655519
STU_016011,85.21639755697628
STU_016012,71.21160666179816
STU_016013,68.01701462145833
STU_016014,97.78611221497152
STU_016015,52.52394873546238
STU_016016,95.76187297565274
STU_016017,76.12280315480419
STU_016018,84.56568589448288
STU_016019,71.07300955539209
STU_016020,92.96878235754828
STU_016021,100.0
STU_016022,66.89770378419898
STU_016023,100.0
STU_016024,76.31830522165002
STU_016025,91.95935044692958
STU_016026,54.71662747426873
STU_016027,63.61919067817355
STU_016028,70.79595795980364
STU_016029,76.51204197817536
STU_016030,98.38186542305141
STU_016031,93.36442151716763
STU_016032,89.91766142069051
STU_016033,84.01475748661909
STU_016034,77.9493721979175
STU_016035,71.24701267259326
STU_016036,100.0
STU_016037,77.65162475555749
STU_016038,69.74668131235605
STU_016039,69.6844068288392
STU_016040,91.37551400023852
STU_016041,92.62370499236735
STU_016042,79.31635144938474
STU_016043,83.99418800638766
STU_016044,91.31288320988632
STU_016045,82.97060569545201
STU_016046,62.58663457889482
STU_016047,87.03343899935493
STU_016048,70.87529678507543
STU_016049,73.03326358936279
STU_016050,69.83056065949766
STU_016051,76.697605320938
STU_016052,96.10099387586614
STU_016053,77.40534325722611
STU_016054,68.95420653354917
STU_016055,82.84016721274001
STU_016056,74.0110466325342
STU_016057,78.12837191307172
STU_016058,75.07005875754312
STU_016059,72.69743221556969
STU_016060,75.59052471495069
STU_016061,53.91126466388988
STU_016062,67.75017986800964
STU_016063,76.08359077157935
STU_016064,65.32003056136311
STU_016065,76.16199306125014
STU_016066,83.43401613691115
STU_016067,58.348437122488576
STU_016068,100.0
STU_016069,78.65829914272932
STU_016070,71.95741511912836
STU_016071,67.55122402093774
STU_016072,86.37100690786822
STU_016073,79.94692089611617
STU_016074,86.36142828403938
STU_016075,100.0
STU_016076,61.48941903494695
STU_016077,66.24081743902582
STU_016078,84.45993281605368
STU_016079,83.32390759943584
STU_016080,75.39344180722918
STU_016081,67.24860140211076
STU_016082,84.9384992590532
STU_016083,99.70158366475691
STU_016084,73.69672223613843
STU_016085,53.99947181317329
STU_016086,96.96610856327614
STU_016087,67.23340674992856
STU_016088,76.11920436091131
STU_016089,86.87468401384616
STU_016090,90.06399103667437
STU_016091,63.362834736108695
STU_016092,73.30983879102466
STU_016093,76.45818661726712
STU_016094,76.30535168857116
STU_016095,73.82547325512509
STU_016096,85.95189542900903
STU_016097,68.70307499942926
STU_016098,61.831724175142725
STU_016099,78.04671029948015
STU_016100,69.58259909859069
STU_016101,60.638528932785974
STU_016102,79.50860449220211
STU_016103,55.300287529711966
STU_016104,81.15037389214528
STU_016105,65.48952917006396
STU_016106,62.41290450028005
STU_016107,78.25109815822594
STU_016108,72.63476968906836
STU_016109,68.68198909872594
STU_016110,64.48289884931215
STU_016111,84.25140955701032
STU_016112,78.71675786283996
STU_016113,60.11247328777969
STU_016114,73.46204612221352
STU_016115,86.12785838594151
STU_016116,94.87202640570088
STU_016117,79.096512058641
STU_016118,67.4749446869343
STU_016119,81.22515174851833
STU_016120,82.7856366201137
STU_016121,69.30782862019694
STU_016122,73.3790241318495
STU_016123,87.91042652994757
STU_016124,94.04798166965567
STU_016125,89.47153321382822
STU_016126,82.35625703329261
STU_016127,83.32893024048481
STU_016128,96.56161989963526
STU_016129,65.68234747470292
STU_016130,98.54635433004297
STU_016131,80.86687288198804
STU_016132,67.9663866541267
STU_016133,76.53211616406547
STU_016134,71.84795043817967
STU_016135,62.264979143750324
STU_016136,91.80635394074086
STU_016137,76.42425519961085
STU_016138,77.90688977205761
STU_016139,97.99952138617098
STU_016140,87.47456010024986
STU_016141,91.48666165753625
STU_016142,79.86716032507925
STU_016143,56.98665554420876
STU_016144,77.35347020320008
STU_016145,77.25820681236519
STU_016146,82.2878703895657
STU_016147,88.5304954603978
STU_016148,66.78086841185204
STU_016149,54.8856693534013
STU_016150,95.97037110184807
STU_016151,57.55616650732546
STU_016152,80.09223630287102
STU_016153,70.88584356980213
STU_016154,81.90525410787886
STU_016155,84.62822213058476
STU_016156,67.7083632910681
STU_016157,76.42744145423129
STU_016158,97.44990577921992
STU_016159,63.16414880223476
STU_016160,76.8708114196461
STU_016161,74.46078141002525
STU_016162,94.57896974509742
STU_016163,74.64746446402617
STU_016164,60.749593212521134
STU_016165,93.59799847404155
STU_016166,59.41427437597896
STU_016167,79.03708805618398
STU_016168,86.5732426898642
STU_016169,90.72502355900583
STU_016170,83.97966583432164
STU_016171,76.16797370776219
STU_016172,62.43718924668647
STU_016173,69.92158644563108
STU_016174,60.627074807905785
STU_016175,91.06489239225942
STU_016176,76.30703955029252
STU_016177,83.79699577084921
STU_016178,78.17977466995478
STU_016179,81.11616228929122
STU_016180,56.42703964122846
STU_016181,95.5324915829979
STU_016182,53.979027020551314
STU_016183,77.64713399287757
STU_016184,74.96562912365322
STU_016185,100.0
STU_016186,52.857473827033786
STU_016187,95.32635198744588
STU_016188,78.13820610632754
STU_016189,82.0414587580146
STU_016190,83.73749209201486
STU_016191,53.97214689750152
STU_016192,64.08422433471299
STU_016193,80.94638744576449
STU_016194,92.42734902998366
STU_016195,85.08766119599899
STU_016196,58.41058891422924
STU_016197,97.77249591411764
STU_016198,73.3092852065458
STU_016199,74.88533247176808
STU_016200,64.31414023724466
STU_016201,67.50730794274953
STU_016202,63.20737787169148
STU_016203,70.12926868672804
STU_016204,62.768149595303996
STU_016205,55.26499741416693
STU_016206,70.09161289287745
STU_016207,50.61755378357232
STU_016208,68.6041665520587
STU_016209,72.78268286192738
STU_016210,58.055878975529055
STU_016211,72.91180794319156
STU_016212,67.51297700582937
STU_016213,91.44963373950704
STU_016214,56.972781262190864
STU_016215,69.72108296627991
STU_016216,61.24240093691752
STU_016217,70.6693310802102
STU_016218,100.0
STU_016219,81.1512439181557
STU_016220,87.82255441458108
STU_016221,67.8146044662347
STU_016222,66.62951756399467
STU_016223,61.382765794787545
STU_016224,97.70459495912091
STU_016225,84.7475838998831
STU_016226,87.31109156996918
STU_016227,83.30775738651228
STU_016228,74.58641320663752
STU_016229,69.32086389696451
STU_016230,62.211441702991834
STU_016231,95.72191463593397
STU_016232,98.77285375603823
STU_016233,53.78732383088149
STU_016234,87.78539119497312
STU_016235,58.674635856601654
STU_016236,75.83166675655944
STU_016237,69.7812256951382
STU_016238,87.8748582721817
STU_016239,67.03310244193456
STU_016240,89.2656335793791
STU_016241,83.64851766812721
STU_016242,71.19241706564927
STU_016243,78.76854045974234
STU_016244,75.69368985540375
STU_016245,69.84500963717169
STU_016246,66.01830136691913
STU_016247,73.17579431342706
STU_016248,70.33427978549615
STU_016249,68.45867693714638
STU_016250,89.80302627487872
STU_016251,55.13285381130213
STU_016252,87.16410300547466
STU_016253,85.49888345955983
STU_016254,82.86793950208563
STU_016255,69.15467654885161
STU_016256,49.47085617772443
STU_016257,81.0190148359796
STU_016258,83.37204873982192
STU_016259,72.99291410005517
STU_016260,72.06114094474674
STU_016261,95.94012498421985
STU_016262,78.76102201454488
STU_016263,52.70841365411816
STU_016264,57.27492523621312
STU_016265,100.0
STU_016266,89.46498929099054
STU_016267,74.01603616333615
STU_016268,81.96332369001105
STU_016269,94.93732685032778
STU_016270,71.12814242452184
STU_016271,68.14587452109437
STU_016272,84.2292041572658
STU_016273,76.33969446525506
STU_016274,61.89770170512456
STU_016275,70.81933529642234
STU_016276,57.68799255812995
STU_016277,84.8582522458435
STU_016278,83.94820365118413
STU_016279,79.48755377342438
STU_016280,77.14772306452642
STU_016281,81.84913224668196
STU_016282,68.66651028665719
STU_016283,63.5120805640404
STU_016284,86.88298731011659
STU_016285,61.05292941843349
STU_016286,58.22050817254055
STU_016287,87.77731709806442
STU_016288,90.97655714784467
STU_016289,78.07237188181146
STU_016290,63.04639907547137
STU_016291,75.97269084764763
STU_016292,73.21805713258189
STU_016293,78.13069549675808
STU_016294,70.01895969867805
STU_016295,89.67136567129826
STU_016296,70.27220796778504
STU_016297,87.21389314319077
STU_016298,51.42813468948158
STU_016299,68.14892962186562
STU_016300,69.10634297878309
STU_016301,55.045279679638
STU_016302,65.81277943895867
STU_016303,75.61107915194252
STU_016304,85.76579675610388
STU_016305,91.7623112385359
STU_016306,77.58644352931489
STU_016307,67.33035116229631
STU_016308,64.23984533853424
STU_016309,90.80409317967164
STU_016310,78.7611620684505
STU_016311,63.46561249278149
STU_016312,65.23204827643842
STU_016313,100.0
STU_016314,88.6367631285195
STU_016315,63.96224157187736
STU_016316,96.20203898157997
STU_016317,82.53698993492831
STU_016318,76.53086832944389
STU_016319,66.7153427757397
STU_016320,67.9701296639613
STU_016321,63.61105818170462
STU_016322,94.95019139986738
STU_016323,70.28872515047519
STU_016324,50.97778515617064
STU_016325,76.46558814556508
STU_016326,74.94814048903635
STU_016327,82.85373051135642
STU_016328,74.11597917629838
STU_016329,68.99133288399261
STU_016330,70.2264136001974
STU_016331,76.92166970513343
STU_016332,88.08965258757645
STU_016333,87.9861517526766
STU_016334,59.641053687723186
STU_016335,74.15307439143561
STU_016336,66.41828392646828
STU_016337,64.34399633641951
STU_016338,76.55156673380344
STU_016339,77.30777239696108
STU_016340,89.75483450513005
STU_016341,86.09265049077733
STU_016342,73.14895144374957
STU_016343,72.25621639742711
STU_016344,89.59208786552108
STU_016345,82.20144299593663
STU_016346,84.89235086912397
STU_016347,52.85104058549784
STU_016348,68.28337797308333
STU_016349,85.96825354867183
STU_016350,60.30932831042131
STU_016351,69.00563570489295
STU_016352,79.77378985738713
STU_016353,69.5506306226507
STU_016354,53.7772189377051
STU_016355,74.62630419469488
STU_016356,72.46231471817299
STU_016357,63.334285624092075
STU_016358,74.73817655485523
STU_016359,88.10483023011729
STU_016360,77.99198771201833
STU_016361,75.83423964834255
STU_016362,75.49043033298621
STU_016363,71.67400885322981
STU_016364,67.13416579882096
STU_016365,79.78200170705422
STU_016366,72.81842774111344
STU_016367,74.39652287261843
STU_016368,55.08819184748617
STU_016369,72.70605397011813
STU_016370,43.889623216372264
STU_016371,58.08482642494576
STU_016372,92.46039179848798
STU_016373,84.47794116873723
STU_016374,72.69890741190538
STU_016375,77.10914475263867
STU_016376,90.19896565918074
STU_016377,58.268686491781025
STU_016378,81.87980269549283
STU_016379,61.13539520369007
STU_016380,84.07113974836464
STU_016381,64.87690031136977
STU_016382,78.8855652741277
STU_016383,57.463739151045544
STU_016384,93.30009929227676
STU_016385,92.68680776395458
STU_016386,73.86285731841991
STU_016387,73.78511278517142
STU_016388,61.1301191333213
STU_016389,82.09692477092075
STU_016390,76.57818918926036
STU_016391,100.0
STU_016392,82.53173353405828
STU_016393,78.32636758147532
STU_016394,95.1810201938104
STU_016395,63.124629448453405
STU_016396,91.1533520573121
STU_016397,64.27826759661609
STU_016398,60.38731368616958
STU_016399,67.2217426514009
STU_016400,82.10925298858932
STU_016401,74.63348219645039
STU_016402,95.38711811195571
STU_016403,62.84552400149052
STU_016404,66.29809356512752
STU_016405,67.10538930484806
STU_016406,65.78389725340557
STU_016407,95.06575710703108
STU_016408,87.60504453435937
STU_016409,52.776021061454855
STU_016410,62.37808611422345
STU_016411,52.48812598413046
STU_016412,51.48003630055607
STU_016413,72.37574352459848
STU_016414,85.33490906911071
STU_016415,87.76440367610427
STU_016416,78.23251760502015
STU_016417,78.06647179837886
STU_016418,97.89823302317497
STU_016419,74.1927516653573
STU_016420,62.683756895116275
STU_016421,63.32493047254813
STU_016422,66.82846655882825
STU_016423,100.0
STU_016424,71.79669888915421
STU_016425,83.0332283414904
STU_016426,75.69778103107505
STU_016427,74.32635514483725
STU_016428,99.93134543203998
STU_016429,75.2005743189152
STU_016430,86.10371929681635
STU_016431,97.03509522347996
STU_016432,52.26438505412557
STU_016433,63.18631869856402
STU_016434,56.94222808255368
STU_016435,76.02496943918744
STU_016436,90.9236940952206
STU_016437,79.9998774963186
STU_016438,75.76861122402744
STU_016439,73.6604358269691
STU_016440,62.646540153032845
STU_016441,95.57618556734116
STU_016442,94.58547534828963
STU_016443,66.77239537285527
STU_016444,78.86131523795318
STU_016445,72.8813380213374
STU_016446,68.25983038058335
STU_016447,65.68973428881195
STU_016448,71.10890640175344
STU_016449,77.21659055013076
STU_016450,75.75280843588953
STU_016451,87.38878045264921
STU_016452,89.30868578682116
STU_016453,62.83785984317906
STU_016454,68.19304604885984
STU_016455,51.255841343401784
STU_016456,72.97375547618073
STU_016457,87.12218952894612
STU_016458,76.88009021416762
STU_016459,78.3977308511129
STU_016460,79.97055948104556
STU_016461,57.3940374952126
STU_016462,85.48199750776263
STU_016463,84.72253877511214
STU_016464,80.62816570040674
STU_016465,79.32061801159828
STU_016466,69.78643393171785
STU_016467,81.02886311118978
STU_016468,62.80459044410148
STU_016469,52.722937952919665
STU_016470,86.23337817409848
STU_016471,58.10490496116117
STU_016472,79.66979286417495
STU_016473,78.32875767612263
STU_016474,65.93044701410142
STU_016475,100.0
STU_016476,94.19671715136171
STU_016477,92.61652134740193
STU_016478,87.03910293209317
STU_016479,66.3316788910309
STU_016480,78.31508950145984
STU_016481,73.38378022290634
STU_016482,66.63307341872603
STU_016483,85.00604828178803
STU_016484,71.75711576845002
STU_016485,71.79350005001662
STU_016486,86.8656249281376
STU_016487,68.33030255226777
STU_016488,81.16178944064741
STU_016489,94.90353018154025
STU_016490,69.22462207457394
STU_016491,89.83115417975698
STU_016492,89.86981092948095
STU_016493,87.56088753955106
STU_016494,73.66686676131232
STU_016495,48.62153691555029
STU_016496,83.74844813346051
STU_016497,44.95133752451359
STU_016498,60.93706783135036
STU_016499,71.56680745326433
STU_016500,73.83343522788824
STU_016501,73.24180878308866
STU_016502,77.61684653188367
STU_016503,59.11893339077325
STU_016504,77.67644669088979
STU_016505,94.60936668080431
STU_016506,75.45952298856392
STU_016507,68.10864030036093
STU_016508,87.29267191159092
STU_016509,43.914535119175135
STU_016510,75.86819927826205
STU_016511,68.82447060461799
STU_016512,70.22594668162661
STU_016513,52.57460573610902
STU_016514,88.35196482077605
STU_016515,61.42224395824293
STU_016516,60.727329074099046
STU_016517,78.89805916671015
STU_016518,77.89835534812924
STU_016519,81.7900695976329
STU_016520,61.337795336367265
STU_016521,100.0
STU_016522,51.48093923106066
STU_016523,74.15273923648483
STU_016524,73.03952554810566
STU_016525,45.97652373957955
STU_016526,100.0
STU_016527,58.07301887879031
STU_016528,71.18944423284287
STU_016529,72.90430728686091
STU_016530,83.185376628618
STU_016531,99.44503412885554
STU_016532,98.41635027221987
STU_016533,73.47397055441472
STU_016534,87.3902215540048
STU_016535,67.01897221659851
STU_016536,84.12066125605878
STU_016537,76.06685680899294
STU_016538,61.290480067145836
STU_016539,73.53494251416508
STU_016540,78.99994233281367
STU_016541,100.0
STU_016542,57.764054962315825
STU_016543,59.73812489209915
STU_016544,89.27774063907465
STU_016545,93.32803065855089
STU_016546,70.57844386063343
STU_016547,100.0
STU_016548,92.51869985395008
STU_016549,82.41916332493086
STU_016550,66.84386171379082
STU_016551,81.53650060436188
STU_016552,87.4916341661759
STU_016553,68.6466106214526
STU_016554,90.67070491081132
STU_016555,70.41470383629353
STU_016556,77.07894149540287
STU_016557,72.26567125372881
STU_016558,75.40211270018669
STU_016559,83.50664956574782
STU_016560,65.96087795962863
STU_016561,79.54199743488982
STU_016562,75.47340409530368
STU_016563,74.46604794812558
STU_016564,70.38364291587924
STU_016565,77.85138361439834
STU_016566,89.2984700940678
STU_016567,72.01713102398548
STU_016568,69.97529355812877
STU_016569,59.455825679133724
STU_016570,68.37146030358518
STU_016571,89.49528612668463
STU_016572,54.7176876106235
STU_016573,55.40426402152737
STU_016574,94.55818870253508
STU_016575,64.87603827181927
STU_016576,81.65900697757135
STU_016577,85.48691590954346
STU_016578,88.23536810805925
STU_016579,88.06846085720511
STU_016580,85.65624607108909
STU_016581,97.1936952933789
STU_016582,64.61769466018778
STU_016583,85.85179438148387
STU_016584,97.37349675904163
STU_016585,83.38875748230846
STU_016586,79.64237446020475
STU_016587,75.09072678663522
STU_016588,70.53420611891862
STU_016589,67.87990086945678
STU_016590,73.75956126400457
STU_016591,58.96161591610338
STU_016592,79.89204612030338
STU_016593,83.85892621024034
STU_016594,46.44651534134084
STU_016595,72.28632168383923
STU_016596,91.38874239371185
STU_016597,52.53679612575638
STU_016598,85.29955017315146
STU_016599,47.46356636710664
STU_016600,48.695973252116445
STU_016601,75.54067013019628
STU_016602,55.04342932153459
STU_016603,56.96990995524574
STU_016604,87.75137395584562
STU_016605,92.20793866739692
STU_016606,68.9389087825969
STU_016607,47.21909330546123
STU_016608,87.61440160281035
STU_016609,77.09919505550923
STU_016610,82.43603191897687
STU_016611,59.28670975511247
STU_016612,95.50277347655837
STU_016613,83.40418128646773
STU_016614,65.64863846571416
STU_016615,90.81610170910162
STU_016616,86.54196568915391
STU_016617,93.84536670937314
STU_016618,70.57686577320398
STU_016619,86.55227657102773
STU_016620,59.07654963889941
STU_016621,77.30470496724816
STU_016622,74.9345820512582
STU_016623,74.60176699816624
STU_016624,97.5964643209827
STU_016625,83.33327271907406
STU_016626,57.405562017848766
STU_016627,100.0
STU_016628,86.93440332854469
STU_016629,53.02250031409225
STU_016630,71.96832270319402
STU_016631,67.07117222355326
STU_016632,65.82939212974549
STU_016633,77.31674193182947
STU_016634,65.43204819159702
STU_016635,94.6728359856457
STU_016636,81.93287704478581
STU_016637,68.01893226381509
STU_016638,67.27761326808915
STU_016639,63.915724303703385
STU_016640,100.0
STU_016641,81.03516989564041
STU_016642,60.855251089840834
STU_016643,69.89087550847206
STU_016644,79.2211030394995
STU_016645,82.22964861564783
STU_016646,86.35036221084259
STU_016647,64.5951378084366
STU_016648,80.29352554864602
STU_016649,85.5856104686998
STU_016650,87.97147277145254
STU_016651,83.91118846341402
STU_016652,86.2277511842732
STU_016653,78.95517915584342
STU_016654,93.61802038653131
STU_016655,72.63726719642351
STU_016656,75.99877478847951
STU_016657,79.96116310735707
STU_016658,92.54144867802957
STU_016659,77.2587728054559
STU_016660,91.29670869615394
STU_016661,71.10101088793316
STU_016662,71.4031158491221
STU_016663,91.4607652775036
STU_016664,69.48249399091809
STU_016665,79.37249375285377
STU_016666,63.451677259069484
STU_016667,69.57140110951183
STU_016668,94.61522463633764
STU_016669,76.30015329815812
STU_016670,84.8948540180328
STU_016671,100.0
STU_016672,85.89491708220959
STU_016673,64.49473736499948
STU_016674,79.00926258223618
STU_016675,74.0387282140476
STU_016676,99.98412939603489
STU_016677,90.95576685838418
STU_016678,86.03520086269783
STU_016679,86.3566976186642
STU_016680,62.00137026475231
STU_016681,98.15213896900505
STU_016682,85.43732237366311
STU_016683,76.06254239016495
STU_016684,66.16932761479003
STU_016685,77.81384904343976
STU_016686,72.13221300342707
STU_016687,97.32687387843377
STU_016688,61.11974466604961
STU_016689,70.03123010277807
STU_016690,57.016548821368204
STU_016691,79.5904558443357
STU_016692,74.95172685004933
STU_016693,65.24132919688886
STU_016694,83.09980415274192
STU_016695,78.18004435334242
STU_016696,75.04144408222972
STU_016697,74.52401099080629
STU_016698,84.866427060273
STU_016699,67.89309380623033
STU_016700,71.69333079642904
STU_016701,75.89885553056875
STU_016702,82.30560424827274
STU_016703,91.30644632481223
STU_016704,85.81439677046693
STU_016705,89.09536409260961
STU_016706,75.9683306164176
STU_016707,80.73131168232835
STU_016708,89.29467294782289
STU_016709,45.13683234397555
STU_016710,76.20993611358587
STU_016711,59.560876757726504
STU_016712,51.19156762484482
STU_016713,95.90056984428725
STU_016714,95.72936250490432
STU_016715,65.03467603513879
STU_016716,70.81092713545887
STU_016717,86.85007689049934
STU_016718,53.939970742797044
STU_016719,88.62833717105926
STU_016720,95.49343879360346
STU_016721,79.2643973736171
STU_016722,78.81336731576123
STU_016723,70.8395356922584
STU_016724,71.1435797249513
STU_016725,68.90676224728283
STU_016726,60.43368892808594
STU_016727,67.85786841756699
STU_016728,60.06739428089254
STU_016729,78.01540097972934
STU_016730,82.89228756628873
STU_016731,65.30433354238242
STU_016732,90.15735058392008
STU_016733,86.12243499278608
STU_016734,57.82730939363731
STU_016735,85.48049085876833
STU_016736,61.19491477522864
STU_016737,65.2928284061329
STU_016738,77.01755940374429
STU_016739,79.99986565961983
STU_016740,69.34647079567314
STU_016741,78.44509073551794
STU_016742,90.76355518384196
STU_016743,75.04473116455411
STU_016744,61.21979674992727
STU_016745,64.19368750525737
STU_016746,57.35197946701403
STU_016747,83.12255561004754
STU_016748,78.68516906431806
STU_016749,56.45200527753232
STU_016750,89.2835881169989
STU_016751,88.5123369655075
STU_016752,59.16199175999904
STU_016753,75.13368186140862
STU_016754,100.0
STU_016755,75.89042452217788
STU_016756,77.76061209371447
STU_016757,82.99819032986464
STU_016758,51.80812889422201
STU_016759,97.42206150381526
STU_016760,72.28049366360075
STU_016761,76.65602800622811
STU_016762,73.8843023392534
STU_016763,79.83798227683266
STU_016764,66.2728541387368
STU_016765,87.217638787733
STU_016766,92.46773401454844
STU_016767,80.71631204697913
STU_016768,86.74431252005138
STU_016769,51.521774556812524
STU_016770,54.66105860311019
STU_016771,64.7643779126039
STU_016772,88.75436973245326
STU_016773,68.97605391257213
STU_016774,79.24246633361794
STU_016775,70.5994468264516
STU_016776,90.11370416341164
STU_016777,52.083722983863524
STU_016778,80.38072508266798
STU_016779,73.25840957649102
STU_016780,85.03151148630637
STU_016781,49.92176661126732
STU_016782,84.52655725517033
STU_016783,68.63099318214348
STU_016784,93.42199437539318
STU_016785,89.89226429663833
STU_016786,71.93247657940898
STU_016787,64.28122428334704
STU_016788,90.17391505955618
STU_016789,71.85524588922644
STU_016790,86.00195178065967
STU_016791,68.53224254931676
STU_016792,73.60502602223404
STU_016793,78.61582756213512
STU_016794,71.13610015735324
STU_016795,74.34658085638486
STU_016796,87.75167494096637
STU_016797,67.2355964450381
STU_016798,75.09211546699383
STU_016799,92.03199244613488
STU_016800,64.43077961109597
STU_016801,59.733014494247
STU_016802,66.64350599351212
STU_016803,92.38403898602218
STU_016804,92.92852599778284
STU_016805,56.42880986200883
STU_016806,80.30925224034135
STU_016807,78.24418080815295
STU_016808,85.23564143924496
STU_016809,83.22312719173804
STU_016810,49.20101534061811
STU_016811,73.27428462452923
STU_016812,69.7169967796004
STU_016813,73.11869108964876
STU_016814,87.3430246554611
STU_016815,67.81820617536414
STU_016816,72.83598266315245
STU_016817,100.0
STU_016818,54.88570021638874
STU_016819,87.3131303388857
STU_016820,78.72665196338691
STU_016821,79.43344227271109
STU_016822,73.57706695123522
STU_016823,100.0
STU_016824,83.0775974384181
STU_016825,82.74404410000903
STU_016826,71.75208311446063
STU_016827,77.02459496182776
STU_016828,69.64535008585275
STU_016829,81.57160446595708
STU_016830,73.15095248267652
STU_016831,89.33921298082403
STU_016832,66.73707184765432
STU_016833,62.087259478653976
STU_016834,83.3363957857019
STU_016835,77.4623755039068
STU_016836,80.66128134364611
STU_016837,99.55925423163038
STU_016838,90.73335276423093
STU_016839,64.69136275079244
STU_016840,79.67964132841658
STU_016841,97.91653832115595
STU_016842,75.13290342564066
STU_016843,68.74017689044724
STU_016844,89.65022178094335
STU_016845,68.21982814068488
STU_016846,65.11094826920888
STU_016847,72.85940203525311
STU_016848,58.315337774369894
STU_016849,72.18556954985046
STU_016850,76.49341923518395
STU_016851,66.47055352948986
STU_016852,86.34994098689715
STU_016853,90.73882749838596
STU_016854,87.68500892687214
STU_016855,74.02221145949117
STU_016856,96.96797148914311
STU_016857,64.94043931966502
STU_016858,58.28263589854335
STU_016859,99.43419074902712
STU_016860,100.0
STU_016861,78.42808385092015
STU_016862,93.58537128299155
STU_016863,98.76085644023864
STU_016864,54.43649912784173
STU_016865,89.19248683305187
STU_016866,70.72278608294415
STU_016867,94.10327040351898
STU_016868,75.00777991850372
STU_016869,87.8598560952743
STU_016870,63.21524901783131
STU_016871,57.920994308288286
STU_016872,77.81043789530845
STU_016873,92.44955036673534
STU_016874,68.41790689929735
STU_016875,81.03456028431684
STU_016876,56.03227366805605
STU_016877,100.0
STU_016878,57.28280442323941
STU_016879,91.01960723310835
STU_016880,85.76625117640603
STU_016881,65.55629889730203
STU_016882,75.45800171528424
STU_016883,87.82992086811659
STU_016884,71.31401873516167
STU_016885,89.46938705569241
STU_016886,81.03502591986522
STU_016887,63.50559950565827
STU_016888,85.4866474987066
STU_016889,73.31053322976406
STU_016890,70.7652865478982
STU_016891,63.477809742934895
STU_016892,80.22937447396347
STU_016893,66.03114611623427
STU_016894,79.60701684417893
STU_016895,73.09223232261408
STU_016896,66.96561620804363
STU_016897,51.86522071344294
STU_016898,100.0
STU_016899,79.68792642102409
STU_016900,96.41871972631849
STU_016901,75.96146922316315
STU_016902,93.89080889906161
STU_016903,79.81444727839326
STU_016904,83.33279741691351
STU_016905,82.07556472935455
STU_016906,70.22875077941538
STU_016907,81.71525749815405
STU_016908,68.24070279005211
STU_016909,87.29241788310958
STU_016910,68.6479766594004
STU_016911,73.33279351333898
STU_016912,68.22644685487718
STU_016913,57.68828203643798
STU_016914,90.80903807064026
STU_016915,90.07777577070881
STU_016916,78.70777590517034
STU_016917,84.09801705170938
STU_016918,50.03877111880617
STU_016919,68.65438406310864
STU_016920,73.98983246211249
STU_016921,74.94292492485171
STU_016922,70.3825141162396
STU_016923,91.46061302669199
STU_016924,54.15054565594292
STU_016925,80.28812929642723
STU_016926,79.10180506328396
STU_016927,55.97710174519527
STU_016928,79.32239160846456
STU_016929,67.50731878920915
STU_016930,97.37839617553679
STU_016931,48.41750392538299
STU_016932,87.00893653037335
STU_016933,83.82277189472153
STU_016934,66.80721027752034
STU_016935,72.38054544371936
STU_016936,64.56444906126451
STU_016937,70.85826542620414
STU_016938,88.15399583628157
STU_016939,92.9102071705144
STU_016940,91.4666649548017
STU_016941,61.42426911350846
STU_016942,80.44821846457155
STU_016943,72.93455831766975
STU_016944,82.80206017403529
STU_016945,92.99411380520459
STU_016946,83.35911178331428
STU_016947,73.87926204253024
STU_016948,77.65543949732536
STU_016949,64.92902140754994
STU_016950,69.43450516224594
STU_016951,97.54188445149317
STU_016952,57.14076146178273
STU_016953,59.93940035031001
STU_016954,70.19101680559196
STU_016955,86.82826972558898
STU_016956,88.04609384522239
STU_016957,66.47563519432474
STU_016958,75.14880959735667
STU_016959,95.97953959080938
STU_016960,81.88021409210914
STU_016961,65.26381816826863
STU_016962,72.1374578645456
STU_016963,96.41440003512115
STU_016964,87.89775722958667
STU_016965,90.31877503403108
STU_016966,75.6805649093149
STU_016967,89.55143411006667
STU_016968,99.27342001407521
STU_016969,62.48097724628681
STU_016970,75.9802617138774
STU_016971,60.31998001658194
STU_016972,96.96243222837676
STU_016973,68.86092754870631
STU_016974,77.76971353435498
STU_016975,60.11800859936169
STU_016976,70.39045785587653
STU_016977,89.4988051091791
STU_016978,68.50680644273619
STU_016979,58.66666759812007
STU_016980,84.58490320681992
STU_016981,62.48406989546527
STU_016982,74.34595241680017
STU_016983,61.40200145047592
STU_016984,68.0705888462628
STU_016985,100.0
STU_016986,88.33788237235244
STU_016987,78.1093146776757
STU_016988,73.94576928731597
STU_016989,86.47470163659749
STU_016990,72.05419458906304
STU_016991,64.68340708186807
STU_016992,83.71427968206629
STU_016993,77.76803347387879
STU_016994,63.09727888154413
STU_016995,63.34590739604039
STU_016996,94.48281018768739
STU_016997,79.69856378756793
STU_016998,93.4157591479832
STU_016999,98.40827969011345
STU_017000,83.9255685338044
STU_017001,90.3293423246726
STU_017002,93.56616292862637
STU_017003,96.36674199122484
STU_017004,66.8912208369419
STU_017005,88.51213600766027
STU_017006,88.81009471203551
STU_017007,76.69148184350057
STU_017008,81.36372163886118
STU_017009,85.61322448452685
STU_017010,74.01960484260638
STU_017011,52.4499335304706
STU_017012,56.1559804813555
STU_017013,100.0
STU_017014,75.60524069993589
STU_017015,81.4507965360791
STU_017016,90.88055151570202
STU_017017,64.5652098578451
STU_017018,75.30815001886499
STU_017019,56.93991040167697
STU_017020,65.41053878255615
STU_017021,78.10769899435748
STU_017022,69.18953447980817
STU_017023,63.349381563988274
STU_017024,61.3570418147324
STU_017025,64.42726876529322
STU_017026,78.10144104739871
STU_017027,79.4841188617171
STU_017028,73.2491632835556
STU_017029,90.4980635436789
STU_017030,88.8034400312482
STU_017031,56.61162721005077
STU_017032,90.21637641096417
STU_017033,84.59650720602038
STU_017034,74.04776691800528
STU_017035,70.54979693876157
STU_017036,86.80294638836268
STU_017037,96.93709748186471
STU_017038,98.05423567383995
STU_017039,88.92928398968228
STU_017040,99.91472074484359
STU_017041,60.61283841867174
STU_017042,88.61869382502464
STU_017043,71.51501150910192
STU_017044,93.85086262851546
STU_017045,88.27893435881789
STU_017046,83.61217488112739
STU_017047,98.57817443693541
STU_017048,69.08863904284763
STU_017049,83.314197288403
STU_017050,66.54862374954378
STU_017051,75.49874557016214
STU_017052,99.34047293870371
STU_017053,80.55977656452217
STU_017054,92.49559750284018
STU_017055,84.97965224825312
STU_017056,78.037602425737
STU_017057,95.02788112037832
STU_017058,78.59613652053879
STU_017059,58.204345159637995
STU_017060,67.14133698172304
STU_017061,94.69378003950318
STU_017062,60.41179224184272
STU_017063,74.60760037732314
STU_017064,66.46638968969286
STU_017065,94.6657569868643
STU_017066,58.20958630058239
STU_017067,96.20982834834544
STU_017068,70.26530332065751
STU_017069,81.2780912878833
STU_017070,81.73340902805562
STU_017071,79.79342868148774
STU_017072,74.80072592258698
STU_017073,91.53577322676381
STU_017074,86.9583180760404
STU_017075,92.36638831989924
STU_017076,59.26109226158998
STU_017077,90.98052828490485
STU_017078,64.94829362501858
STU_017079,60.19405545911678
STU_017080,53.704540041879866
STU_017081,73.2784151130798
STU_017082,80.12895925734612
STU_017083,68.63688331567982
STU_017084,52.74661455569502
STU_017085,65.42318887415041
STU_017086,88.83705868352776
STU_017087,68.08934565071509
STU_017088,91.93336012465436
STU_017089,62.35777680206938
STU_017090,84.84521190556113
STU_017091,67.69852733734324
STU_017092,90.20167916572946
STU_017093,53.27774188806843
STU_017094,81.24016641278702
STU_017095,52.79947083805805
STU_017096,59.655693463609154
STU_017097,63.078411097361695
STU_017098,48.637301492637945
STU_017099,76.02589896386388
STU_017100,87.06341171196583
STU_017101,77.2170501425548
STU_017102,69.10358321431816
STU_017103,78.67114354291512
STU_017104,83.97890806839088
STU_017105,67.49880295703498
STU_017106,61.416351312837264
STU_017107,47.215278004234506
STU_017108,83.49118239465217
STU_017109,69.39302353245931
STU_017110,68.4439012695287
STU_017111,85.42707824897097
STU_017112,83.15544078400497
STU_017113,56.817751518932624
STU_017114,75.14718190714525
STU_017115,73.23980351178679
STU_017116,100.0
STU_017117,50.49957955492318
STU_017118,88.23153315699089
STU_017119,85.02712069597047
STU_017120,84.17473869560077
STU_017121,75.40901811169095
STU_017122,100.0
STU_017123,63.21269602850437
STU_017124,70.12439012855167
STU_017125,72.36152232342145
STU_017126,83.21142305874969
STU_017127,58.68121597254277
STU_017128,68.72026826906337
STU_017129,64.14266601576303
STU_017130,78.0730428442648
STU_017131,71.52682793100638
STU_017132,72.15481775076951
STU_017133,80.04399297503291
STU_017134,97.99015786456614
STU_017135,61.30707696947967
STU_017136,81.57830333793059
STU_017137,57.66364225827179
STU_017138,76.45660223109282
STU_017139,92.55078495108306
STU_017140,75.57529912390166
STU_017141,90.53276764737221
STU_017142,90.7451880231837
STU_017143,54.698253961956766
STU_017144,88.34400583044234
STU_017145,90.96253491091169
STU_017146,94.83976972066519
STU_017147,97.29664691248801
STU_017148,71.88917076701617
STU_017149,69.87836071070043
STU_017150,59.28334927316091
STU_017151,78.36886225312358
STU_017152,76.76973259263478
STU_017153,82.56038256226493
STU_017154,81.7238699754186
STU_017155,57.92871975423509
STU_017156,59.225980241424466
STU_017157,73.77019084732467
STU_017158,88.6551762615169
STU_017159,61.39267666137785
STU_017160,53.3405928547792
STU_017161,81.97545973873008
STU_017162,75.41866319393476
STU_017163,76.06350802605876
STU_017164,93.22594235601655
STU_017165,64.06547285670777
STU_017166,72.15626278182108
STU_017167,66.77398227800607
STU_017168,79.00561005848981
STU_017169,86.66232385696006
STU_017170,86.01493119135252
STU_017171,93.8295038424142
STU_017172,69.33941036324758
STU_017173,59.28309349803875
STU_017174,56.11381029466558
STU_017175,100.0
STU_017176,82.03194490912769
STU_017177,73.03277932325204
STU_017178,87.5483957348665
STU_017179,87.01891800995367
STU_017180,74.91867728836452
STU_017181,81.63749268060012
STU_017182,71.58106128067111
STU_017183,95.15653613405902
STU_017184,85.49608971431654
STU_017185,96.14319089321147
STU_017186,67.5823623511487
STU_017187,84.78672563846636
STU_017188,76.21541082524418
STU_017189,55.869698037694036
STU_017190,94.07668108145158
STU_017191,68.62299086443961
STU_017192,65.17336358074387
STU_017193,57.77905240725863
STU_017194,84.20735055068178
STU_017195,70.82551813266676
STU_017196,79.99919884944507
STU_017197,78.53631019232755
STU_017198,70.47853990030872
STU_017199,75.16079442505217
STU_017200,65.52734163090608
STU_017201,71.7036813575291
STU_017202,87.59808112343048
STU_017203,72.00449334861987
STU_017204,63.67434976222573
STU_017205,89.81883924609328
STU_017206,76.88773662819462
STU_017207,98.33428078292026
STU_017208,61.96272902393818
STU_017209,57.022519788788955
STU_017210,40.24176946652073
STU_017211,82.70984789721078
STU_017212,93.14395464527352
STU_017213,88.51401613189634
STU_017214,84.80526550786023
STU_017215,63.56284790999747
STU_017216,63.124465811852986
STU_017217,100.0
STU_017218,72.06280634437972
STU_017219,95.69175460487651
STU_017220,78.23896844705813
STU_017221,69.18598600155481
STU_017222,65.91632175560996
STU_017223,69.73326201603267
STU_017224,86.14252925303781
STU_017225,90.91111810123301
STU_017226,75.74443307799501
STU_017227,70.93262514457719
STU_017228,84.00067521750873
STU_017229,67.595576367102
STU_017230,95.47191452651522
STU_017231,70.89367494244294
STU_017232,67.76730419397619
STU_017233,72.17970053060199
STU_017234,88.37746665821732
STU_017235,75.68391976388078
STU_017236,61.991223454187676
STU_017237,93.74434640638233
STU_017238,77.18497025019687
STU_017239,50.63610028928227
STU_017240,93.5931502200296
STU_017241,70.15161831306429
STU_017242,49.304403838003964
STU_017243,84.3842188497443
STU_017244,76.04792195333884
STU_017245,89.27806974446878
STU_017246,84.6701947593337
STU_017247,58.32558510239102
STU_017248,69.53694480853868
STU_017249,63.592931542085964
STU_017250,57.913529003714345
STU_017251,87.53950866389044
STU_017252,60.46576675863068
STU_017253,87.46144248823349
STU_017254,50.469032336020035
STU_017255,55.87169294405727
STU_017256,50.69375406030926
STU_017257,78.10629605111917
STU_017258,76.16638672448214
STU_017259,71.9212240846186
STU_017260,69.6763258879861
STU_017261,57.08651001264367
STU_017262,71.93932300690597
STU_017263,78.78815132435302
STU_017264,66.83066796808015
STU_017265,88.6097548312487
STU_017266,56.19498953784034
STU_017267,64.21563112923404
STU_017268,72.25679793201066
STU_017269,64.03672802264724
STU_017270,78.97526032460723
STU_017271,78.69319369706916
STU_017272,62.43391966216319
STU_017273,85.52853190798855
STU_017274,87.1861555800144
STU_017275,67.36551804206063
STU_017276,56.56581752875195
STU_017277,76.87945252115013
STU_017278,92.10818237511675
STU_017279,73.24525141649383
STU_017280,83.29538263999625
STU_017281,68.98363844773009
STU_017282,72.6623570908424
STU_017283,80.0194675016123
STU_017284,87.62644938451258
STU_017285,85.59197475454984
STU_017286,70.08526743078373
STU_017287,61.299603367883094
STU_017288,63.24035757718521
STU_017289,75.49203723661951
STU_017290,89.9894349786032
STU_017291,80.47029178655248
STU_017292,62.268584447256146
STU_017293,71.43594706216662
STU_017294,69.42878925969333
STU_017295,72.24077016196068
STU_017296,74.29449420659545
STU_017297,95.02660347576285
STU_017298,63.96441689744033
STU_017299,67.73547432476168
STU_017300,54.54901151315822
STU_017301,57.45861852899061
STU_017302,71.66545236872847
STU_017303,95.41116533446181
STU_017304,87.83048768297702
STU_017305,77.2940919881229
STU_017306,81.47612461952032
STU_017307,100.0
STU_017308,92.55649488855208
STU_017309,87.3561783518437
STU_017310,61.68901356336103
STU_017311,77.23468112797435
STU_017312,70.49770193599703
STU_017313,88.12704561468946
STU_017314,75.88636544184146
STU_017315,84.7122948574431
STU_017316,71.59365156962754
STU_017317,83.67255938573994
STU_017318,41.973097824824066
STU_017319,66.31134829896908
STU_017320,88.90756369510306
STU_017321,84.39026357779615
STU_017322,76.29830434138336
STU_017323,78.26202363167444
STU_017324,87.92079302247656
STU_017325,84.0605822428829
STU_017326,70.4994351381263
STU_017327,86.38077433230909
STU_017328,78.91252150211861
STU_017329,44.11044501235435
STU_017330,91.43978234492187
STU_017331,82.42443416848919
STU_017332,66.60058595668721
STU_017333,67.30056462519174
STU_017334,83.34906645317871
STU_017335,85.38509698562167
STU_017336,62.60058517975126
STU_017337,78.1981203863473
STU_017338,81.3891159333697
STU_017339,96.05473536544064
STU_017340,82.64678446223144
STU_017341,88.6036968850325
STU_017342,61.429536525780165
STU_017343,84.17131206898416
STU_017344,62.73300203388767
STU_017345,70.52129595506032
STU_017346,59.05136466336998
STU_017347,93.47562823637722
STU_017348,72.61635672287333
STU_017349,80.81657292387347
STU_017350,55.05624579071993
STU_017351,61.36803941650595
STU_017352,58.60329860872224
STU_017353,59.30787971203574
STU_017354,85.38262812627707
STU_017355,60.66141017324463
STU_017356,66.7732658132976
STU_017357,61.62205269555194
STU_017358,61.556424039698854
STU_017359,86.51015931217613
STU_017360,100.0
STU_017361,97.24491213199165
STU_017362,66.62734292270346
STU_017363,88.05773914328181
STU_017364,90.11131250898069
STU_017365,80.97274396480292
STU_017366,87.24085007202281
STU_017367,100.0
STU_017368,61.86694598834757
STU_017369,57.72981185510406
STU_017370,77.93778192751535
STU_017371,83.86407034344366
STU_017372,84.27412469822454
STU_017373,63.31404832632907
STU_017374,52.67674011559521
STU_017375,87.15672062735351
STU_017376,72.7143806626866
STU_017377,69.58275517182152
STU_017378,83.9590020219461
STU_017379,64.31425457814923
STU_017380,63.45250546880622
STU_017381,56.92583256177386
STU_017382,83.24321185848002
STU_017383,82.1747974740182
STU_017384,70.42201371541837
STU_017385,73.90434986579353
STU_017386,73.39079374295963
STU_017387,84.37401221743171
STU_017388,69.56951968772269
STU_017389,84.18199659399586
STU_017390,73.54557193625742
STU_017391,76.9769931778538
STU_017392,66.32464136453667
STU_017393,67.2388713893282
STU_017394,73.67077367206826
STU_017395,57.573370883360795
STU_017396,81.8451525489024
STU_017397,76.96347352891704
STU_017398,81.72929901712718
STU_017399,89.00782977905853
STU_017400,45.07728024933633
STU_017401,47.06234713199371
STU_017402,97.32250561624956
STU_017403,61.67679118319167
STU_017404,75.18734527204595
STU_017405,63.82562403986732
STU_017406,67.09628467482243
STU_017407,64.95629545514741
STU_017408,83.06010913897452
STU_017409,79.87124783991057
STU_017410,73.71996358121615
STU_017411,57.83123751560073
STU_017412,80.62808691738925
STU_017413,83.31142267613336
STU_017414,82.47365779762848
STU_017415,55.99349324941167
STU_017416,62.22795743404619
STU_017417,77.7309187005569
STU_017418,88.0893471332168
STU_017419,64.05367754840523
STU_017420,80.06517630401673
STU_017421,79.01757496502044
STU_017422,81.129347366153
STU_017423,73.60478472788652
STU_017424,57.62837172714963
STU_017425,78.17757883650779
STU_017426,68.4033295628383
STU_017427,71.7798901850869
STU_017428,71.85428716340857
STU_017429,57.9551472752086
STU_017430,100.0
STU_017431,67.40826463634644
STU_017432,98.82361624498547
STU_017433,84.18133246282723
STU_017434,73.56789555336888
STU_017435,83.1442416101909
STU_017436,72.53960609984
STU_017437,83.88547238029626
STU_017438,100.0
STU_017439,63.09201179170606
STU_017440,87.80488712380973
STU_017441,52.31950528437471
STU_017442,76.5596760714384
STU_017443,86.48523130925437
STU_017444,75.73262472323269
STU_017445,95.15896811321748
STU_017446,85.87652185239567
STU_017447,61.80935236864498
STU_017448,78.54571099505291
STU_017449,81.8760398831597
STU_017450,81.22647428684303
STU_017451,71.92087742333602
STU_017452,75.04022056755942
STU_017453,93.14839116188878
STU_017454,58.29885700914657
STU_017455,89.6362686758029
STU_017456,77.40351594871915
STU_017457,66.49756184261061
STU_017458,62.4716217972329
STU_017459,81.78410805696707
STU_017460,64.74674077551695
STU_017461,86.006129842433
STU_017462,80.09274808600425
STU_017463,93.02130531900006
STU_017464,69.3739837190041
STU_017465,84.16311507825822
STU_017466,75.61240662945926
STU_017467,53.493042839602325
STU_017468,80.26695876867797
STU_017469,100.0
STU_017470,89.5861341356874
STU_017471,87.03043471237083
STU_017472,66.64552084182891
STU_017473,100.0
STU_017474,39.164355626878304
STU_017475,60.66598950760279
STU_017476,70.06200206068158
STU_017477,65.49129732516163
STU_017478,55.823586291615385
STU_017479,79.309053078229
STU_017480,99.41505826318942
STU_017481,92.41230241445778
STU_017482,79.89821932271019
STU_017483,86.60874669679508
STU_017484,85.05377279680818
STU_017485,89.71947651036963
STU_017486,73.77858704014508
STU_017487,87.44781192785472
STU_017488,57.61746177126358
STU_017489,59.337961035404945
STU_017490,97.07073287307325
STU_017491,69.85719532167543
STU_017492,56.91797753036407
STU_017493,80.29176820818675
STU_017494,76.75034173094487
STU_017495,53.43604821454811
STU_017496,78.89492261354364
STU_017497,85.68270803449892
STU_017498,59.86537727782898
STU_017499,86.84319395088828
STU_017500,86.61043998460117
STU_017501,77.57369601675413
STU_017502,86.467262871261
STU_017503,69.51273689786913
STU_017504,81.96413392894642
STU_017505,80.96492465080833
STU_017506,77.37295928978908
STU_017507,53.72615635778091
STU_017508,69.46168101220921
STU_017509,85.18963282631515
STU_017510,100.0
STU_017511,73.37504026625855
STU_017512,63.222919693964215
STU_017513,74.07127819878394
STU_017514,74.73361344639942
STU_017515,78.9206945986993
STU_017516,98.65095893852258
STU_017517,80.63367206058783
STU_017518,84.06429504059864
STU_017519,84.6694428903325
STU_017520,99.38535551390551
STU_017521,61.73080249286488
STU_017522,75.1742125550848
STU_017523,78.30896991665617
STU_017524,59.25235565251191
STU_017525,70.96990641441879
STU_017526,77.77973665013835
STU_017527,75.83578331988396
STU_017528,72.94442528265725
STU_017529,100.0
STU_017530,82.62873658358849
STU_017531,93.25381148091121
STU_017532,59.97796594438786
STU_017533,64.20843493691302
STU_017534,55.96522652001504
STU_017535,73.78436202300625
STU_017536,82.56798794502988
STU_017537,95.81217969248326
STU_017538,92.40116141273704
STU_017539,68.34092703864435
STU_017540,95.97167456770126
STU_017541,53.768047330753184
STU_017542,71.94301737338479
STU_017543,80.12271578210728
STU_017544,97.02937834916891
STU_017545,69.6118966190588
STU_017546,68.44896173743358
STU_017547,93.72686962768998
STU_017548,79.01469324824123
STU_017549,98.77442048606798
STU_017550,75.42582522667347
STU_017551,97.73272224900485
STU_017552,53.066317862691605
STU_017553,86.72591612336761
STU_017554,60.56161863522321
STU_017555,71.38897025868954
STU_017556,67.81662744452889
STU_017557,57.08292483234868
STU_017558,53.821519481308265
STU_017559,81.78444922175335
STU_017560,71.54457591431074
STU_017561,97.51137410241232
STU_017562,57.555033773817016
STU_017563,67.54610390730548
STU_017564,69.12339481331603
STU_017565,70.08862275821517
STU_017566,84.08578835107791
STU_017567,68.78309892351136
STU_017568,71.18719743579963
STU_017569,73.602097962188
STU_017570,98.96236842690165
STU_017571,93.42761021099999
STU_017572,81.39920029047393
STU_017573,73.58952794929449
STU_017574,82.24178012716953
STU_017575,91.86630535679876
STU_017576,88.92593937878938
STU_017577,64.83218810410756
STU_017578,76.64007496298616
STU_017579,74.41436945773155
STU_017580,76.86167188333135
STU_017581,72.08362405703139
STU_017582,78.71084307365224
STU_017583,93.43632453477737
STU_017584,59.66586249786589
STU_017585,53.50061814286333
STU_017586,82.25178869295482
STU_017587,61.26193829722034
STU_017588,67.12409225336374
STU_017589,91.94311232789778
STU_017590,73.88176836387107
STU_017591,90.59605720529403
STU_017592,68.4384450628488
STU_017593,59.215755371751
STU_017594,55.668903787367725
STU_017595,94.29817664633048
STU_017596,69.93435353323625
STU_017597,92.6051537684895
STU_017598,47.97138043181169
STU_017599,65.72947466590213
STU_017600,74.00174396212857
STU_017601,68.70529368785442
STU_017602,66.88704803292045
STU_017603,85.00660453801878
STU_017604,86.13899443130309
STU_017605,67.88884014952788
STU_017606,94.07988364896654
STU_017607,80.39813966119381
STU_017608,93.66008388213766
STU_017609,77.75414760302463
STU_017610,77.49413592908294
STU_017611,74.16875330416012
STU_017612,98.27291261897555
STU_017613,81.81177914279803
STU_017614,91.62432841466094
STU_017615,65.12555937275783
STU_017616,86.20075190239999
STU_017617,89.83975229219406
STU_017618,42.82662601574934
STU_017619,61.03808590191031
STU_017620,76.63343156452483
STU_017621,84.19069941613473
STU_017622,98.5909149137471
STU_017623,56.12462395426567
STU_017624,67.45006138542108
STU_017625,71.17996740486443
STU_017626,56.93159495332175
STU_017627,56.75941546865475
STU_017628,74.13753595329803
STU_017629,68.99056036110407
STU_017630,61.660974886853
STU_017631,52.05329375827771
STU_017632,77.79338868762005
STU_017633,74.70507116100984
STU_017634,79.93279267909757
STU_017635,75.56563262641066
STU_017636,70.24325209202526
STU_017637,94.46499992458592
STU_017638,66.25262601189638
STU_017639,87.53074820327035
STU_017640,97.37528281987541
STU_017641,100.0
STU_017642,60.53779937361189
STU_017643,65.02437362231461
STU_017644,78.22524497204817
STU_017645,79.74477127103991
STU_017646,72.82261350325633
STU_017647,59.57956039637837
STU_017648,85.73214320239914
STU_017649,96.80097794777673
STU_017650,96.70029499703601
STU_017651,66.51154646675771
STU_017652,70.317631055982
STU_017653,100.0
STU_017654,73.39991191458464
STU_017655,86.47555563516521
STU_017656,84.20173354722421
STU_017657,52.20495781572059
STU_017658,68.85627467866449
STU_017659,100.0
STU_017660,74.99716157871138
STU_017661,78.75324650952548
STU_017662,64.34283402231509
STU_017663,76.63381608955109
STU_017664,78.55390704364488
STU_017665,72.08758143297608
STU_017666,76.55091373944053
STU_017667,70.84537799172887
STU_017668,74.92765921069962
STU_017669,72.37491836192831
STU_017670,46.91453934362469
STU_017671,67.45114511172395
STU_017672,57.93510127025377
STU_017673,69.07723327440338
STU_017674,68.06519440725678
STU_017675,68.39519247289262
STU_017676,66.40131148479861
STU_017677,77.80624382810335
STU_017678,85.83451988035104
STU_017679,89.28824546009777
STU_017680,64.60437015207872
STU_017681,83.10785240119148
STU_017682,72.76830296592469
STU_017683,74.83920457071865
STU_017684,82.7205813652303
STU_017685,69.08418456770288
STU_017686,62.84327331008167
STU_017687,73.0235650717472
STU_017688,69.81192678512892
STU_017689,89.37239114021129
STU_017690,68.40369953191818
STU_017691,68.84551169872374
STU_017692,71.9257027185652
STU_017693,65.9297393373652
STU_017694,80.86296101865071
STU_017695,97.20220536500678
STU_017696,83.7621090920873
STU_017697,44.47050767387309
STU_017698,55.161975457951314
STU_017699,96.61703689266709
STU_017700,49.494805055665736
STU_017701,50.27529322023547
STU_017702,85.73839026217732
STU_017703,81.0662454397336
STU_017704,60.50054182350969
STU_017705,60.06988917148884
STU_017706,81.84853087654842
STU_017707,50.77964754977829
STU_017708,98.61336749615906
STU_017709,91.2964216611325
STU_017710,82.82063159584318
STU_017711,100.0
STU_017712,69.0508556542572
STU_017713,70.76396816044068
STU_017714,86.2013817710996
STU_017715,72.14397847647469
STU_017716,59.38113231451415
STU_017717,74.34953148000108
STU_017718,92.52686380976658
STU_017719,69.72490963670224
STU_017720,74.31388705327177
STU_017721,78.5194377795922
STU_017722,100.0
STU_017723,70.64862254070607
STU_017724,76.05661482706556
STU_017725,92.83161175839525
STU_017726,93.53728983680712
STU_017727,79.603319711613
STU_017728,85.92267320803153
STU_017729,69.1292768835869
STU_017730,60.00251473326061
STU_017731,55.12395942919133
STU_017732,83.17243919236117
STU_017733,65.5655172182737
STU_017734,67.56082866482991
STU_017735,66.02352026731619
STU_017736,70.07287685162241
STU_017737,62.74665291904691
STU_017738,94.13086790048905
STU_017739,87.41821876904739
STU_017740,76.28582779244584
STU_017741,87.19441712051625
STU_017742,82.74245022188029
STU_017743,86.89805702230984
STU_017744,88.61415623367996
STU_017745,83.37573789900998
STU_017746,84.31725077793399
STU_017747,66.17163651377558
STU_017748,63.71686810026476
STU_017749,62.179152199041965
STU_017750,86.44386152833425
STU_017751,81.96700918832335
STU_017752,79.47866113079816
STU_017753,99.11286735679717
STU_017754,88.15882118376162
STU_017755,91.31313081583873
STU_017756,83.41489527813519
STU_017757,51.710611252892114
STU_017758,69.95222242004029
STU_017759,83.83726200433514
STU_017760,93.66794829219286
STU_017761,64.1710897254841
STU_017762,100.0
STU_017763,93.09820961251317
STU_017764,54.75413291217964
STU_017765,93.15373251884277
STU_017766,72.1443741222355
STU_017767,63.88909654899415
STU_017768,60.04350552138787
STU_017769,89.30316014011916
STU_017770,76.22558036382439
STU_017771,56.64027108513399
STU_017772,71.86351127565776
STU_017773,56.134277002160516
STU_017774,100.0
STU_017775,81.00042416144045
STU_017776,90.13488717748825
STU_017777,79.82533425817498
STU_017778,83.72570646965144
STU_017779,54.77520396772927
STU_017780,72.23434063712043
STU_017781,79.57217871231154
STU_017782,76.3745989776141
STU_017783,68.4877391734871
STU_017784,78.67351611713552
STU_017785,91.36977086324522
STU_017786,76.07373898940065
STU_017787,84.75902730740894
STU_017788,76.20406057973075
STU_017789,85.48850520979589
STU_017790,56.83871322192812
STU_017791,95.19524823764674
STU_017792,65.5629212490732
STU_017793,68.48621222809173
STU_017794,63.77071100600669
STU_017795,71.78934390889297
STU_017796,78.16364078437095
STU_017797,90.27107177171922
STU_017798,91.2066144226464
STU_017799,100.0
STU_017800,87.60832192514297
STU_017801,74.0398020358603
STU_017802,95.44982561585604
STU_017803,62.00811427227637
STU_017804,78.89735670285135
STU_017805,70.4836584546456
STU_017806,68.6077192831056
STU_017807,95.07118797403187
STU_017808,70.68629618452579
STU_017809,87.59951671147677
STU_017810,100.0
STU_017811,72.26672391134434
STU_017812,81.26589528290548
STU_017813,82.44094077330004
STU_017814,69.39639021022306
STU_017815,66.47708091504562
STU_017816,59.2322241195845
STU_017817,54.05921085111113
STU_017818,92.29576148606067
STU_017819,87.38367193176161
STU_017820,83.06628477929875
STU_017821,72.81236497724386
STU_017822,90.68144860406504
STU_017823,97.81648989546612
STU_017824,54.528537870130094
STU_017825,77.42656618618417
STU_017826,84.15987222103145
STU_017827,87.35654571662623
STU_017828,55.46360171051897
STU_017829,65.57785029056558
STU_017830,71.0132675127822
STU_017831,87.2771698564368
STU_017832,85.70939866034912
STU_017833,56.966875347673565
STU_017834,79.52630587851912
STU_017835,70.91010533746417
STU_017836,78.89606880885975
STU_017837,71.43775120548649
STU_017838,63.194135937165484
STU_017839,95.6259100144151
STU_017840,68.40364454724659
STU_017841,98.32998034586502
STU_017842,81.92768761322255
STU_017843,84.92778621787849
STU_017844,64.01480405788821
STU_017845,97.03314937950145
STU_017846,93.78615375199982
STU_017847,52.2604542556727
STU_017848,60.810266478572416
STU_017849,57.983636146674485
STU_017850,67.83703468987527
STU_017851,61.65829138766375
STU_017852,86.41034161575611
STU_017853,71.49113794438757
STU_017854,100.0
STU_017855,52.95548727016203
STU_017856,86.01363552795802
STU_017857,80.55147470417378
STU_017858,77.10820790766556
STU_017859,65.79022719438292
STU_017860,84.10668452846964
STU_017861,85.20685672741578
STU_017862,67.50308631491204
STU_017863,88.20175404390021
STU_017864,79.16996166940375
STU_017865,69.2612570539976
STU_017866,77.03955427774557
STU_017867,66.98872026190817
STU_017868,93.81396757050169
STU_017869,61.83625830903949
STU_017870,83.82415302222098
STU_017871,96.51364655158329
STU_017872,72.4880348095778
STU_017873,91.98498434891188
STU_017874,80.97273060292754
STU_017875,73.67969650021672
STU_017876,67.16267354964386
STU_017877,52.761514375482065
STU_017878,88.61120606536636
STU_017879,58.32507637751638
STU_017880,94.39791675084982
STU_017881,70.44959940509399
STU_017882,70.42355636587237
STU_017883,94.18868951190707
STU_017884,59.40365608157191
STU_017885,66.87735338025684
STU_017886,77.67812384572773
STU_017887,55.264795980956094
STU_017888,63.27614105204054
STU_017889,100.0
STU_017890,100.0
STU_017891,80.4251675489645
STU_017892,51.30058550775496
STU_017893,81.56464617661437
STU_017894,62.66467988103014
STU_017895,68.76237010239448
STU_017896,75.69874033569748
STU_017897,56.973559455771294
STU_017898,85.12432729014871
STU_017899,79.95760313520272
STU_017900,68.87213481873894
STU_017901,92.35044943781838
STU_017902,67.9428282412395
STU_017903,72.73647026877626
STU_017904,82.59651770090422
STU_017905,72.43753951028687
STU_017906,66.73353521701193
STU_017907,76.8629991027896
STU_017908,71.17700655050785
STU_017909,74.03847913100456
STU_017910,72.34998843414175
STU_017911,59.036264883594
STU_017912,93.16177544508518
STU_017913,89.03139044885394
STU_017914,66.43548592617553
STU_017915,71.42030587809876
STU_017916,78.09552254290585
STU_017917,81.59141159896278
STU_017918,79.93835692268824
STU_017919,90.50278416580615
STU_017920,78.9843316615066
STU_017921,82.79616139221442
STU_017922,77.69971214365178
STU_017923,68.64587019341617
STU_017924,73.97673949251934
STU_017925,70.18845192997742
STU_017926,79.0089231778888
STU_017927,99.90591579823236
STU_017928,87.11450440288031
STU_017929,87.32329615760925
STU_017930,77.80075561741049
STU_017931,62.83948988730236
STU_017932,100.0
STU_017933,97.69408997032325
STU_017934,91.54569136439666
STU_017935,81.34403596603408
STU_017936,53.64707240143053
STU_017937,82.34210304056192
STU_017938,64.88419148159036
STU_017939,86.1895401527143
STU_017940,80.20952885415345
STU_017941,70.26944387391924
STU_017942,69.6470618625718
STU_017943,60.64927935814549
STU_017944,66.89910678312982
STU_017945,85.01020615848046
STU_017946,62.07549502143981
STU_017947,58.1833978359101
STU_017948,76.31561123025175
STU_017949,58.41444108093505
STU_017950,52.10165008294676
STU_017951,65.99848444206287
STU_017952,92.79270156588954
STU_017953,71.79304217428982
STU_017954,100.0
STU_017955,68.81373154539935
STU_017956,74.32337306904778
STU_017957,63.91257399347484
STU_017958,50.56295519918711
STU_017959,87.45109861081947
STU_017960,81.93314858389405
STU_017961,91.79345138286796
STU_017962,57.660525509069814
STU_017963,64.87709080722665
STU_017964,51.49170919457258
STU_017965,99.86207655875238
STU_017966,77.81520060046857
STU_017967,77.32313515656584
STU_017968,97.65334674902313
STU_017969,78.88047253264891
STU_017970,53.79024951979308
STU_017971,60.79052979728816
STU_017972,70.08635587588023
STU_017973,66.73063746014459
STU_017974,79.34921417437683
STU_017975,65.85566625926903
STU_017976,67.36823990741404
STU_017977,88.66786228633508
STU_017978,64.858862621627
STU_017979,71.14684913852085
STU_017980,61.21986099379116
STU_017981,97.20781126264943
STU_017982,68.30838775473107
STU_017983,81.54761245632555
STU_017984,69.2879796655653
STU_017985,66.97268811341384
STU_017986,63.19687134104376
STU_017987,80.99859471380124
STU_017988,62.869669782699034
STU_017989,77.83818994317214
STU_017990,74.11197360586976
STU_017991,80.33267771630474
STU_017992,47.91030000576919
STU_017993,98.88640989405532
STU_017994,90.34597045145433
STU_017995,78.07073889290982
STU_017996,60.82225042105701
STU_017997,73.315619485835
STU_017998,83.37950391604927
STU_017999,87.30987127670022
STU_018000,96.74726940108359
STU_018001,74.8938885017432
STU_018002,55.69546268840007
STU_018003,69.24997572839906
STU_018004,77.38949311540155
STU_018005,78.63545442345583
STU_018006,67.4826305478691
STU_018007,100.0
STU_018008,89.67917809887929
STU_018009,84.02850654806828
STU_018010,84.26769259138484
STU_018011,88.17381784141176
STU_018012,69.98562003046469
STU_018013,81.62739356247465
STU_018014,69.59743598722073
STU_018015,77.99026409565002
STU_018016,76.33792078714667
STU_018017,79.10297792157475
STU_018018,99.0148024609212
STU_018019,62.914755041710706
STU_018020,76.52408219197939
STU_018021,69.84268616616266
STU_018022,97.65096033381171
STU_018023,80.33424391070601
STU_018024,47.91814243246615
STU_018025,76.3520303649333
STU_018026,72.71324371117488
STU_018027,81.99184956944042
STU_018028,100.0
STU_018029,72.48656581441381
STU_018030,90.77696627967683
STU_018031,90.2101059710453
STU_018032,74.31855399453507
STU_018033,89.63032916999236
STU_018034,76.11144195585182
STU_018035,91.63991892602722
STU_018036,76.87874064350994
STU_018037,43.73317525216776
STU_018038,65.23417827893546
STU_018039,83.13035725632702
STU_018040,75.41870012459343
STU_018041,64.45827353643055
STU_018042,64.79631994225237
STU_018043,88.0959813022847
STU_018044,78.91817602935822
STU_018045,71.76764278329262
STU_018046,83.5506773699997
STU_018047,56.971318690554384
STU_018048,100.0
STU_018049,90.5915073600175
STU_018050,87.12655985570196
STU_018051,59.83026790768136
STU_018052,64.82635671845419
STU_018053,68.72403929955536
STU_018054,43.33457158990883
STU_018055,100.0
STU_018056,44.02194846414991
STU_018057,61.67608116521082
STU_018058,91.68767645678845
STU_018059,99.02757426690097
STU_018060,63.94732263573175
STU_018061,77.92087672503645
STU_018062,79.38014703921213
STU_018063,73.00729009306734
STU_018064,84.62653107863677
STU_018065,86.35474114695313
STU_018066,93.25968801701231
STU_018067,91.58153346421646
STU_018068,80.95608453438132
STU_018069,80.29682214989623
STU_018070,82.16567978887825
STU_018071,99.5705089529392
STU_018072,83.76093385154869
STU_018073,61.56990287781757
STU_018074,74.09822710694633
STU_018075,71.46875562537224
STU_018076,67.86156430305063
STU_018077,55.60471384820663
STU_018078,69.86996012057675
STU_018079,81.59856864146751
STU_018080,90.75003145953474
STU_018081,77.52662897156902
STU_018082,77.28058923395643
STU_018083,97.07216757564149
STU_018084,63.65339868080943
STU_018085,71.93378782092411
STU_018086,89.49320425825908
STU_018087,75.82106139980354
STU_018088,61.94073775961252
STU_018089,56.93012142356517
STU_018090,64.41795292289488
STU_018091,83.51201617416142
STU_018092,71.85805337222008
STU_018093,66.58427316971463
STU_018094,71.1406642692569
STU_018095,74.97120294660337
STU_018096,59.57724302094387
STU_018097,87.7121171445785
STU_018098,64.64500075599648
STU_018099,71.21961696894545
STU_018100,90.8103473236323
STU_018101,76.88401844515576
STU_018102,54.46451218259672
STU_018103,98.36488602663306
STU_018104,64.19827822904578
STU_018105,60.31261387070542
STU_018106,74.56705779744692
STU_018107,79.74703041531406
STU_018108,72.18459093406629
STU_018109,87.41051378307581
STU_018110,77.32059737030684
STU_018111,78.4368612852813
STU_018112,72.50948371590081
STU_018113,59.295898245847866
STU_018114,91.64874188183076
STU_018115,74.95307897733619
STU_018116,65.37339767307877
STU_018117,81.99691784397304
STU_018118,70.67892022541686
STU_018119,95.9480377850477
STU_018120,66.33824975857276
STU_018121,97.51818100574745
STU_018122,80.23952465653933
STU_018123,71.7235209601208
STU_018124,82.02418796115873
STU_018125,72.26492683524262
STU_018126,53.50291045081638
STU_018127,64.31635922416972
STU_018128,50.96802650971258
STU_018129,80.11834696954456
STU_018130,91.77219828792344
STU_018131,72.16542802343012
STU_018132,98.71827690385317
STU_018133,78.47241044265284
STU_018134,100.0
STU_018135,100.0
STU_018136,50.737510114342
STU_018137,66.02813010461195
STU_018138,95.56793879630021
STU_018139,79.9699477264922
STU_018140,50.949280638595205
STU_018141,62.56686614574089
STU_018142,80.23006990190106
STU_018143,62.11347287114772
STU_018144,56.116192889615675
STU_018145,76.6207258146977
STU_018146,54.37733818331738
STU_018147,91.05355974214338
STU_018148,76.17482682395875
STU_018149,61.056405478288
STU_018150,82.36101306234241
STU_018151,68.03699719273253
STU_018152,56.120839052921994
STU_018153,81.54936466364182
STU_018154,63.21134017938742
STU_018155,90.40133499808246
STU_018156,100.0
STU_018157,53.43880930801071
STU_018158,65.11551900424429
STU_018159,65.77290461312879
STU_018160,64.81640613757175
STU_018161,86.06347896174478
STU_018162,64.18285240240878
STU_018163,100.0
STU_018164,72.42449889688268
STU_018165,58.54145488635611
STU_018166,78.07798526310374
STU_018167,71.75210364858815
STU_018168,81.38645475265184
STU_018169,65.52729395117977
STU_018170,54.00234686296493
STU_018171,65.52268559954156
STU_018172,82.25092442350947
STU_018173,67.23620587455176
STU_018174,83.50617829233327
STU_018175,73.74104002522398
STU_018176,80.83342003794981
STU_018177,71.0816080637802
STU_018178,71.25535884270407
STU_018179,66.09603702921964
STU_018180,91.58552318866597
STU_018181,74.17844544681492
STU_018182,73.17171709377321
STU_018183,74.98448156867255
STU_018184,61.4600595391166
STU_018185,59.38802545464968
STU_018186,93.64320450539137
STU_018187,64.7137573910572
STU_018188,88.20801480410806
STU_018189,70.72435899243278
STU_018190,74.17297667946796
STU_018191,75.71279144265621
STU_018192,75.75319124076023
STU_018193,77.78387190399071
STU_018194,74.90409699030731
STU_018195,83.66295581477087
STU_018196,55.89063761143457
STU_018197,91.1648039535715
STU_018198,77.75384634033877
STU_018199,74.19691428661058
STU_018200,88.02697851623431
STU_018201,73.41855400955865
STU_018202,46.29913512414191
STU_018203,79.9620041582079
STU_018204,71.93039631329732
STU_018205,71.17016716796076
STU_018206,71.35288287050571
STU_018207,77.47064510599111
STU_018208,82.13308078549801
STU_018209,60.529822449937285
STU_018210,83.09608488514036
STU_018211,100.0
STU_018212,69.99105339016403
STU_018213,52.51836942265977
STU_018214,78.85230545492533
STU_018215,75.85244967100608
STU_018216,80.06123630253526
STU_018217,61.477051449390515
STU_018218,75.00951143228453
STU_018219,85.21388210763014
STU_018220,78.29337389445136
STU_018221,94.8281005817394
STU_018222,89.93818707664634
STU_018223,84.6481976412733
STU_018224,85.56644391751911
STU_018225,78.18984952170064
STU_018226,78.2438623581191
STU_018227,76.59553581851804
STU_018228,80.84198733397527
STU_018229,72.75060577812218
STU_018230,83.49677530413435
STU_018231,73.54905367154605
STU_018232,59.079942219351935
STU_018233,61.759771005685124
STU_018234,93.28750969969877
STU_018235,84.24674413855787
STU_018236,99.92047555444462
STU_018237,56.12207163795128
STU_018238,72.3451105793993
STU_018239,91.12915592698984
STU_018240,58.35453112887129
STU_018241,89.58148243060704
STU_018242,71.72443075115221
STU_018243,81.08123867127297
STU_018244,94.09839718013465
STU_018245,70.34331418525868
STU_018246,74.78626322928534
STU_018247,55.93539805753346
STU_018248,78.24105670934757
STU_018249,70.9939204505737
STU_018250,71.75393319365446
STU_018251,67.47752743662382
STU_018252,90.84661402402297
STU_018253,56.04302645081897
STU_018254,89.564547995537
STU_018255,71.76741829449257
STU_018256,92.5060051291917
STU_018257,72.96587504935896
STU_018258,86.65152070746872
STU_018259,84.11639807583812
STU_018260,82.69724510856447
STU_018261,74.1946574171146
STU_018262,58.30846666225361
STU_018263,75.16464011941738
STU_018264,80.13897083514117
STU_018265,83.8086685810182
STU_018266,87.28116698631972
STU_018267,73.27876663273388
STU_018268,79.93986246083183
STU_018269,65.47933443463096
STU_018270,67.04452542068147
STU_018271,69.91723381185993
STU_018272,49.64808396316803
STU_018273,100.0
STU_018274,65.80317086458521
STU_018275,86.89146443463565
STU_018276,87.88469380997364
STU_018277,85.10571665948682
STU_018278,76.55995400360233
STU_018279,54.59362488087322
STU_018280,86.89746359874563
STU_018281,97.9462704028587
STU_018282,75.1091239287739
STU_018283,62.21269679959336
STU_018284,70.29913145322529
STU_018285,96.4044633037145
STU_018286,66.42506264847653
STU_018287,92.83887005820613
STU_018288,67.26074708519349
STU_018289,90.2517805794207
STU_018290,68.61592348835212
STU_018291,70.81752081457239
STU_018292,83.95862654930498
STU_018293,76.67466877469738
STU_018294,82.94008945000805
STU_018295,51.051652701252266
STU_018296,83.27000744739424
STU_018297,80.96148768248064
STU_018298,99.5498982018011
STU_018299,59.484098034597835
STU_018300,80.02640068849404
STU_018301,65.04758138885052
STU_018302,63.597959566218506
STU_018303,100.0
STU_018304,60.705761543991784
STU_018305,60.68413142209822
STU_018306,64.20914790564247
STU_018307,75.63816610578667
STU_018308,83.6388338485581
STU_018309,69.31253660839211
STU_018310,90.46754628290121
STU_018311,66.9803126639259
STU_018312,69.29825968790699
STU_018313,86.09140066153712
STU_018314,70.62243649789183
STU_018315,93.82628628856442
STU_018316,69.56677876304987
STU_018317,89.30568124326956
STU_018318,59.188872171752024
STU_018319,55.25491456013104
STU_018320,88.49589691137322
STU_018321,90.59384399598575
STU_018322,79.3490082769496
STU_018323,100.0
STU_018324,60.0351891914968
STU_018325,77.58429747357341
STU_018326,71.47722346690436
STU_018327,85.84663946114019
STU_018328,73.40166751502804
STU_018329,70.28718742238136
STU_018330,48.49510533395794
STU_018331,83.48444171359135
STU_018332,90.95742386562802
STU_018333,62.961679419778974
STU_018334,86.01773687859406
STU_018335,54.647195753139016
STU_018336,78.53288782258619
STU_018337,69.86609615915806
STU_018338,70.37197690945932
STU_018339,81.93871347778601
STU_018340,88.99185328960975
STU_018341,64.74282609575567
STU_018342,59.417923671895025
STU_018343,60.205279029349214
STU_018344,87.70795062718527
STU_018345,71.20446665924001
STU_018346,69.78245447174235
STU_018347,71.07882590699772
STU_018348,98.99135795698955
STU_018349,79.29329422545644
STU_018350,86.44758067816979
STU_018351,76.80607856759248
STU_018352,89.14724238823297
STU_018353,83.09865807789367
STU_018354,97.24990683802581
STU_018355,70.86092141655428
STU_018356,73.31191708386514
STU_018357,69.19966849270273
STU_018358,79.3294171620265
STU_018359,100.0
STU_018360,92.80395086720331
STU_018361,46.06441423504289
STU_018362,73.02408568298561
STU_018363,50.23657569230515
STU_018364,89.97336049776605
STU_018365,94.21946352553884
STU_018366,59.63961306780929
STU_018367,82.42966290347334
STU_018368,65.37069659898798
STU_018369,83.0648927260975
STU_018370,58.320988072658295
STU_018371,88.70279834449175
STU_018372,88.622531975098
STU_018373,61.1756004803605
STU_018374,70.1363349570117
STU_018375,67.55787091521702
STU_018376,80.14195328571961
STU_018377,88.8565808663977
STU_018378,96.48969604744497
STU_018379,51.77754859101475
STU_018380,85.81241721239782
STU_018381,73.76371361622324
STU_018382,94.47112412423152
STU_018383,87.01084663308693
STU_018384,63.11319719100533
STU_018385,100.0
STU_018386,74.67882910691307
STU_018387,84.16615354560936
STU_018388,95.80261663603964
STU_018389,64.53138590850304
STU_018390,53.489841732574725
STU_018391,75.47523001881403
STU_018392,100.0
STU_018393,75.95593460793434
STU_018394,77.9776959284176
STU_018395,74.86279371720426
STU_018396,61.906123652968276
STU_018397,68.48773836986064
STU_018398,85.34307176287825
STU_018399,100.0
STU_018400,69.9520121609201
STU_018401,81.95490708860856
STU_018402,73.95738640613449
STU_018403,91.68132859929418
STU_018404,86.15097175354214
STU_018405,86.52957879956563
STU_018406,67.0044907485737
STU_018407,98.44176706811602
STU_018408,84.38285930612055
STU_018409,61.831272363330896
STU_018410,92.15984847880058
STU_018411,72.10674361250071
STU_018412,72.59991448477636
STU_018413,94.14227510077689
STU_018414,99.87665072377158
STU_018415,70.72319720136558
STU_018416,88.5159963672052
STU_018417,60.36474707679088
STU_018418,93.44393380998685
STU_018419,78.71493971115143
STU_018420,90.27804335426858
STU_018421,89.17618028010425
STU_018422,88.07997753751988
STU_018423,78.77254102233711
STU_018424,56.13313640913
STU_018425,95.21922612227611
STU_018426,76.32384095942683
STU_018427,77.92721695728797
STU_018428,77.24409949709889
STU_018429,95.5764541174817
STU_018430,59.095095372509434
STU_018431,81.05176972450784
STU_018432,94.10363203451669
STU_018433,68.0788044229926
STU_018434,77.42641052014012
STU_018435,66.36528956917984
STU_018436,75.39610018255514
STU_018437,87.73205228793684
STU_018438,62.46063251599588
STU_018439,100.0
STU_018440,77.42600467933546
STU_018441,72.95533827073197
STU_018442,74.91110346414757
STU_018443,59.61472211366602
STU_018444,66.77866891369699
STU_018445,94.4450286833613
STU_018446,79.52810849808743
STU_018447,94.36486117639093
STU_018448,63.94664457290028
STU_018449,96.34139372485214
STU_018450,73.35876666357656
STU_018451,68.62913409021878
STU_018452,55.92360634481277
STU_018453,63.28377346098071
STU_018454,51.89384074432974
STU_018455,53.344873542651584
STU_018456,74.58646454242903
STU_018457,57.78446316620426
STU_018458,76.85950311480258
STU_018459,60.71691142140007
STU_018460,70.00507558515287
STU_018461,95.70598297727011
STU_018462,51.428020531336315
STU_018463,79.78745169768875
STU_018464,65.30630844815545
STU_018465,76.27148184593499
STU_018466,65.91402395821261
STU_018467,86.04851289317385
STU_018468,72.87537009626531
STU_018469,75.98668240622149
STU_018470,89.35683152771331
STU_018471,89.64214307778606
STU_018472,61.292869131652765
STU_018473,82.37850268479497
STU_018474,88.8543922525515
STU_018475,74.99011017291677
STU_018476,77.15614956396652
STU_018477,47.58500998827111
STU_018478,100.0
STU_018479,91.84128905490239
STU_018480,86.17247810991942
STU_018481,68.99965640862126
STU_018482,61.09194353252602
STU_018483,89.30233901798195
STU_018484,89.71537307599455
STU_018485,68.5616136910329
STU_018486,71.04198411487062
STU_018487,57.64885530161128
STU_018488,74.21545615422373
STU_018489,58.8600262452275
STU_018490,74.97392603502728
STU_018491,82.74223341608278
STU_018492,73.39396212873383
STU_018493,85.65664785067874
STU_018494,79.51891265045077
STU_018495,84.96487575039879
STU_018496,66.59913508559792
STU_018497,92.96581584998852
STU_018498,69.02433925457674
STU_018499,66.28757656200408
STU_018500,78.95019616036198
STU_018501,100.0
STU_018502,71.97141676164689
STU_018503,47.6324237506104
STU_018504,100.0
STU_018505,73.28592965749476
STU_018506,82.97014891484437
STU_018507,72.6501215070276
STU_018508,81.34492489755841
STU_018509,57.4431939351353
STU_018510,86.6973710620549
STU_018511,72.32176400053126
STU_018512,81.11035676864034
STU_018513,78.95998394449317
STU_018514,61.50731979402231
STU_018515,65.10845739915332
STU_018516,61.60916527342036
STU_018517,85.65963315070105
STU_018518,60.31943851112638
STU_018519,56.91238818506922
STU_018520,88.7427282679425
STU_018521,77.03496645170114
STU_018522,84.15102385034861
STU_018523,86.75405515513471
STU_018524,92.74975510009592
STU_018525,75.8740863464116
STU_018526,61.35969063492318
STU_018527,88.12960302672346
STU_018528,86.35797885280722
STU_018529,75.56427209941538
STU_018530,75.13922762926931
STU_018531,84.35799340078864
STU_018532,66.4327040701228
STU_018533,67.00287911490773
STU_018534,63.799512768951814
STU_018535,90.06176036186459
STU_018536,100.0
STU_018537,84.05359940987084
STU_018538,71.31900641285402
STU_018539,56.85531859822795
STU_018540,80.42386005426695
STU_018541,65.48625326820624
STU_018542,95.4468096289712
STU_018543,70.91620158184368
STU_018544,72.93486907680499
STU_018545,69.44358341303497
STU_018546,97.02758272498406
STU_018547,71.21750635006639
STU_018548,89.7914229699806
STU_018549,87.05002299079423
STU_018550,78.71740442223138
STU_018551,74.21728082153082
STU_018552,62.783548995833385
STU_018553,66.19158721581258
STU_018554,61.29717417462048
STU_018555,57.642711226645716
STU_018556,79.30483399226665
STU_018557,62.18063899065395
STU_018558,63.49709885276036
STU_018559,67.70884824161814
STU_018560,79.3255697178043
STU_018561,78.40773826630492
STU_018562,81.63785519470132
STU_018563,78.46527403843008
STU_018564,84.27938539983136
STU_018565,64.05019389090319
STU_018566,70.1346091605767
STU_018567,91.82400980006814
STU_018568,84.96126141065645
STU_018569,85.37552832518612
STU_018570,68.50030746096057
STU_018571,85.07694022857369
STU_018572,62.94199791715123
STU_018573,85.07748945445083
STU_018574,71.89681716378759
STU_018575,70.42904478895004
STU_018576,73.77459206148686
STU_018577,67.078457487217
STU_018578,82.15684938341418
STU_018579,53.680155133653116
STU_018580,100.0
STU_018581,71.33517600117794
STU_018582,80.77283536871872
STU_018583,93.90538452232332
STU_018584,82.83235570692116
STU_018585,68.20850887970744
STU_018586,89.87728703028418
STU_018587,93.9207645577569
STU_018588,53.94277056956683
STU_018589,82.58772231731568
STU_018590,72.92031205121515
STU_018591,87.58167216792756
STU_018592,45.37226399162357
STU_018593,83.77991636916198
STU_018594,65.85425670778469
STU_018595,72.75074017672497
STU_018596,59.19155622952623
STU_018597,70.11920226233536
STU_018598,65.89490102395295
STU_018599,58.542676320019694
STU_018600,84.01090974355446
STU_018601,68.01145513977124
STU_018602,70.04966811609957
STU_018603,73.26644622695547
STU_018604,73.9652762895488
STU_018605,46.03112405274693
STU_018606,69.03137747071663
STU_018607,90.31291422617609
STU_018608,92.06461583378426
STU_018609,89.2033621834749
STU_018610,100.0
STU_018611,64.35715979188461
STU_018612,78.79535785826488
STU_018613,81.45979088136212
STU_018614,72.88969966791349
STU_018615,52.17819161535786
STU_018616,84.90007704012316
STU_018617,73.09784157403577
STU_018618,63.56776281707256
STU_018619,72.26144624005401
STU_018620,90.93092209137495
STU_018621,61.66971430395108
STU_018622,79.15794990888814
STU_018623,71.63971939574895
STU_018624,75.17854771112628
STU_018625,81.89120072209384
STU_018626,68.34109919361157
STU_018627,70.9421863558152
STU_018628,61.628052430843525
STU_018629,70.66763442837596
STU_018630,61.758943930887526
STU_018631,90.13879366217218
STU_018632,91.65683608764557
STU_018633,69.83884718627404
STU_018634,66.08955483810001
STU_018635,72.18636247040185
STU_018636,75.47030432455442
STU_018637,67.67533393100045
STU_018638,100.0
STU_018639,92.62012699311661
STU_018640,70.2621093692628
STU_018641,57.40703685248917
STU_018642,81.5270809558107
STU_018643,64.85644112334025
STU_018644,58.646281626653604
STU_018645,96.39644031149801
STU_018646,66.65579987169359
STU_018647,100.0
STU_018648,54.23039174413401
STU_018649,56.7120367836482
STU_018650,74.813026882367
STU_018651,64.4476008452742
STU_018652,87.46551128082614
STU_018653,78.54329619111353
STU_018654,79.25485486750473
STU_018655,62.07018898933096
STU_018656,72.90004204770814
STU_018657,91.00156256348009
STU_018658,80.42436810928741
STU_018659,80.37288991844174
STU_018660,72.41082700109388
STU_018661,56.84185230671733
STU_018662,62.70887500499215
STU_018663,78.52896206082265
STU_018664,48.40226644640555
STU_018665,67.39818482065245
STU_018666,65.52662453260832
STU_018667,62.95022837358313
STU_018668,48.83168058505876
STU_018669,74.9492555559399
STU_018670,73.23847196798762
STU_018671,59.68038768560504
STU_018672,79.15334122405524
STU_018673,61.8965820346143
STU_018674,66.52753382894564
STU_018675,75.23410132353764
STU_018676,67.8717002304311
STU_018677,66.53035530056269
STU_018678,90.67918911329664
STU_018679,90.99223097950902
STU_018680,61.18125548380675
STU_018681,82.67262004305198
STU_018682,88.32934211375374
STU_018683,75.7943735649453
STU_018684,89.45526462661859
STU_018685,73.62174215226378
STU_018686,87.93819247365856
STU_018687,73.61375227414435
STU_018688,69.5335129307171
STU_018689,87.57070882304419
STU_018690,70.14072584597785
STU_018691,68.54233983173644
STU_018692,75.92193307738665
STU_018693,72.72172131870481
STU_018694,86.65316445549574
STU_018695,79.48068497524669
STU_018696,64.61780928135606
STU_018697,81.9595811262323
STU_018698,91.06973389601578
STU_018699,65.95534799185675
STU_018700,100.0
STU_018701,69.1062174934742
STU_018702,82.27117807377203
STU_018703,71.1023160267978
STU_018704,88.57901763420388
STU_018705,71.0172990058165
STU_018706,93.48069898640453
STU_018707,63.879758351839214
STU_018708,70.68921506612243
STU_018709,97.01096986063632
STU_018710,84.23114356386061
STU_018711,57.437925484519965
STU_018712,91.91859419038211
STU_018713,73.79776815031383
STU_018714,76.17902693002229
STU_018715,100.0
STU_018716,64.3254698662421
STU_018717,72.90900578653228
STU_018718,58.42443525455617
STU_018719,80.66811930700682
STU_018720,71.27307304346736
STU_018721,91.55648039417069
STU_018722,54.550381523637725
STU_018723,59.107931698379346
STU_018724,71.74131023002832
STU_018725,81.80611530699402
STU_018726,68.90134099202268
STU_018727,86.78683325850712
STU_018728,75.74162948393152
STU_018729,90.73582072075126
STU_018730,85.0483543773491
STU_018731,65.52166685931863
STU_018732,76.64278326059083
STU_018733,88.73116930530311
STU_018734,78.64025603993271
STU_018735,77.86767221026506
STU_018736,58.54918729971541
STU_018737,74.28110736553246
STU_018738,72.6935064914992
STU_018739,79.88765720373105
STU_018740,71.87548443134641
STU_018741,52.79090740935208
STU_018742,97.0605593125045
STU_018743,63.140685677929824
STU_018744,100.0
STU_018745,77.76924857809244
STU_018746,64.45063631805532
STU_018747,86.411409961776
STU_018748,55.08311237317565
STU_018749,59.25763271933647
STU_018750,85.93727153595292
STU_018751,85.51091192414127
STU_018752,59.725245590571475
STU_018753,59.303125641563284
STU_018754,95.03612582914862
STU_018755,91.13663072237293
STU_018756,68.36241758157242
STU_018757,89.09430363011055
STU_018758,89.33501289140548
STU_018759,92.14874675906566
STU_018760,73.60394179956982
STU_018761,70.76419253192107
STU_018762,77.5662144946116
STU_018763,64.19195441340229
STU_018764,84.71691785549622
STU_018765,76.11519140683029
STU_018766,66.87418457890793
STU_018767,83.11033733533294
STU_018768,76.80610617816339
STU_018769,55.38474119285132
STU_018770,86.56783329508356
STU_018771,67.45445054608241
STU_018772,92.45706678372767
STU_018773,77.26404214757487
STU_018774,63.81051095355143
STU_018775,84.01993987250579
STU_018776,83.84477612498036
STU_018777,53.940579672404695
STU_018778,98.39678429596871
STU_018779,94.06846243276388
STU_018780,62.2762045989886
STU_018781,94.14967407416454
STU_018782,95.81626497041674
STU_018783,83.07342041963105
STU_018784,80.43427316412134
STU_018785,85.31340537610679
STU_018786,71.18075761531601
STU_018787,57.66524869921663
STU_018788,70.93366207221574
STU_018789,74.49397842363894
STU_018790,92.5844009852223
STU_018791,71.93059776046552
STU_018792,61.55045528272586
STU_018793,60.50446105172942
STU_018794,60.621700113592226
STU_018795,95.85161944562194
STU_018796,58.704639718960635
STU_018797,65.56463797061969
STU_018798,65.43158386264186
STU_018799,83.83073505878811
STU_018800,86.43290086812193
STU_018801,81.94486744191339
STU_018802,68.31245970135451
STU_018803,67.43173959054495
STU_018804,56.677600030368026
STU_018805,65.40439828819507
STU_018806,83.61521986353817
STU_018807,76.8790562295366
STU_018808,64.89010040533007
STU_018809,80.84421184725383
STU_018810,81.16078183890811
STU_018811,53.256729398458134
STU_018812,82.3317651809713
STU_018813,71.14037755494407
STU_018814,48.800816061329286
STU_018815,89.24814117141231
STU_018816,65.33171950963559
STU_018817,70.07909432636681
STU_018818,85.78336116914203
STU_018819,68.20781338162978
STU_018820,90.4769847037377
STU_018821,78.78865910219214
STU_018822,76.35773622569623
STU_018823,96.688053971169
STU_018824,67.4353561075407
STU_018825,70.6458726802239
STU_018826,71.09889826809588
STU_018827,72.89955646551827
STU_018828,68.34624358583177
STU_018829,57.07011447301289
STU_018830,87.42830989419247
STU_018831,87.01419740862441
STU_018832,84.28447633478767
STU_018833,59.98614091105404
STU_018834,56.739119932701456
STU_018835,62.23761201191827
STU_018836,79.873094670942
STU_018837,75.37858143561105
STU_018838,61.20766832701537
STU_018839,83.57653695394986
STU_018840,83.68955095610622
STU_018841,86.70905971947647
STU_018842,77.688137257363
STU_018843,75.95477505728842
STU_018844,73.02244720778555
STU_018845,81.14153636349968
STU_018846,100.0
STU_018847,99.7251852246503
STU_018848,78.94886619801271
STU_018849,71.52722820406862
STU_018850,72.119145667343
STU_018851,63.56544337138703
STU_018852,53.84021860752378
STU_018853,63.662085533664836
STU_018854,66.48127937798992
STU_018855,74.33027485415383
STU_018856,63.41035739365812
STU_018857,86.6786804936471
STU_018858,82.20089208878552
STU_018859,96.36873622899829
STU_018860,75.31036412516423
STU_018861,76.62467451572996
STU_018862,93.74386058113019
STU_018863,66.91106933373601
STU_018864,63.824517661330376
STU_018865,76.87271505569045
STU_018866,73.28974252861211
STU_018867,65.95623932244042
STU_018868,76.97147546073914
STU_018869,76.24952236863142
STU_018870,88.41139476524624
STU_018871,98.95958782726426
STU_018872,80.00419745542094
STU_018873,74.2711020410873
STU_018874,86.31024926749429
STU_018875,100.0
STU_018876,69.82753812168906
STU_018877,56.95189083429791
STU_018878,94.94253533335592
STU_018879,87.84897072766564
STU_018880,80.20051137793055
STU_018881,64.91767806862505
STU_018882,70.66584189948121
STU_018883,74.69355644502924
STU_018884,89.32219176012576
STU_018885,59.91475331588204
STU_018886,86.8915325771416
STU_018887,64.25693869900009
STU_018888,91.38103540209724
STU_018889,63.18236970042376
STU_018890,46.967033560504404
STU_018891,76.39079072375581
STU_018892,78.73884375108983
STU_018893,80.31150292525709
STU_018894,98.93205458954398
STU_018895,78.98322330873535
STU_018896,84.38417793777845
STU_018897,74.01784707766593
STU_018898,67.37855674016538
STU_018899,68.16876415271457
STU_018900,75.4010634858029
STU_018901,80.22746136711405
STU_018902,93.66266073216636
STU_018903,88.14702836552776
STU_018904,78.65788640301439
STU_018905,64.57615496355176
STU_018906,78.7526823699588
STU_018907,72.5666677684843
STU_018908,65.55463899825679
STU_018909,76.60874043612786
STU_018910,70.92964280967865
STU_018911,56.78904451210032
STU_018912,85.06925297236981
STU_018913,69.2335915987078
STU_018914,70.05227341869394
STU_018915,77.58312978061043
STU_018916,62.833612823592304
STU_018917,79.42684771716921
STU_018918,91.51478531521694
STU_018919,80.4070377217251
STU_018920,52.80295327473411
STU_018921,74.29436236000525
STU_018922,63.98108881938927
STU_018923,98.94393115513077
STU_018924,65.6470840120195
STU_018925,75.40847319704939
STU_018926,82.61038412466182
STU_018927,73.13737663161847
STU_018928,71.2595038289885
STU_018929,70.75280831461194
STU_018930,57.25590178860868
STU_018931,60.98627289637547
STU_018932,49.52452670517084
STU_018933,73.71352440032948
STU_018934,79.42699785515308
STU_018935,69.01521966896053
STU_018936,70.91564042721518
STU_018937,87.63654550507071
STU_018938,84.42249062694533
STU_018939,67.1579410290672
STU_018940,83.2905056962284
STU_018941,91.40235935344583
STU_018942,58.04467089614532
STU_018943,79.59302220241774
STU_018944,76.00308711295605
STU_018945,77.89466576630261
STU_018946,82.1488870815169
STU_018947,69.57586636449325
STU_018948,68.81522534524501
STU_018949,75.7516364917897
STU_018950,81.18190368358627
STU_018951,66.57640398631908
STU_018952,65.23556933853806
STU_018953,70.7709021113742
STU_018954,77.66494823114799
STU_018955,77.08950035059505
STU_018956,58.87043704295928
STU_018957,76.74641700175253
STU_018958,84.87214176351848
STU_018959,81.01893141694275
STU_018960,75.75245039133888
STU_018961,68.24195880104322
STU_018962,78.78323136310914
STU_018963,87.73454543885731
STU_018964,68.0768199005341
STU_018965,87.95420948379147
STU_018966,93.93307616674161
STU_018967,92.7181059742886
STU_018968,73.7826830146845
STU_018969,78.46530990589274
STU_018970,90.69274540254152
STU_018971,60.52792436595635
STU_018972,76.87607822325805
STU_018973,87.75066156021494
STU_018974,57.75655409595281
STU_018975,85.14872552251028
STU_018976,73.65477565758056
STU_018977,89.84101700189018
STU_018978,83.44037057381146
STU_018979,58.002178166139046
STU_018980,78.35895874264122
STU_018981,56.09300092396465
STU_018982,76.02039095845366
STU_018983,74.58429629208179
STU_018984,71.516617583025
STU_018985,76.79406611486722
STU_018986,83.25617239066078
STU_018987,82.6665269607049
STU_018988,72.35152766528142
STU_018989,83.80998230723272
STU_018990,83.56798751705351
STU_018991,66.6622713842129
STU_018992,75.45209544477676
STU_018993,79.34948787193211
STU_018994,80.57511181954699
STU_018995,94.60026995838423
STU_018996,62.21066981816243
STU_018997,71.70281835945131
STU_018998,78.29352758970559
STU_018999,91.20865326277132
STU_019000,74.04600552692625
STU_019001,62.59278865616443
STU_019002,69.9444473887548
STU_019003,91.8065558022802
STU_019004,79.92669319917744
STU_019005,96.50444414024956
STU_019006,88.28410644572392
STU_019007,100.0
STU_019008,78.04726373320833
STU_019009,100.0
STU_019010,47.934368720223986
STU_019011,82.88848990579349
STU_019012,76.36616278530504
STU_019013,60.21539349277141
STU_019014,100.0
STU_019015,53.6738316083394
STU_019016,63.0429961622515
STU_019017,95.26735087264416
STU_019018,71.84165375814837
STU_019019,70.76009176541733
STU_019020,100.0
STU_019021,46.55322581815628
STU_019022,74.22380668908266
STU_019023,86.78556313404943
STU_019024,73.64504112250117
STU_019025,96.28403631828441
STU_019026,100.0
STU_019027,77.23719533065483
STU_019028,62.87810712007543
STU_019029,58.13413973177546
STU_019030,72.13757430813824
STU_019031,81.8943963486162
STU_019032,84.97288586690199
STU_019033,78.85677411329995
STU_019034,67.43565851502885
STU_019035,82.63154495834169
STU_019036,92.51363708609638
STU_019037,84.50357926121656
STU_019038,64.97031709117282
STU_019039,79.80211289522383
STU_019040,72.5081691177492
STU_019041,78.51195158453342
STU_019042,82.59352183102962
STU_019043,86.99826621875378
STU_019044,84.63394175893687
STU_019045,71.86004373344873
STU_019046,62.28820940292678
STU_019047,47.43239690899926
STU_019048,82.85780378694334
STU_019049,54.71706203638762
STU_019050,88.04737994505903
STU_019051,65.26248109870605
STU_019052,71.68704233306887
STU_019053,77.90328805935283
STU_019054,69.2411871106867
STU_019055,51.73175356809577
STU_019056,85.34549967858983
STU_019057,80.94701743527916
STU_019058,85.1563249856387
STU_019059,52.54645144867895
STU_019060,67.76505171849222
STU_019061,48.992649199130284
STU_019062,87.98808906818219
STU_019063,73.18728214984102
STU_019064,64.69705484709569
STU_019065,99.75774785497443
STU_019066,62.79875716441313
STU_019067,83.20662205816066
STU_019068,65.04989533001142
STU_019069,61.510665372533154
STU_019070,78.96017959495788
STU_019071,66.211564528943
STU_019072,100.0
STU_019073,60.90899117945038
STU_019074,66.32832321656593
STU_019075,63.384465232168324
STU_019076,61.44685827146115
STU_019077,95.20941880570241
STU_019078,96.11787422511318
STU_019079,89.57589082908862
STU_019080,57.930001614727374
STU_019081,81.54825346250026
STU_019082,86.51706652322889
STU_019083,60.20749421562249
STU_019084,58.91148570419351
STU_019085,58.48714832597601
STU_019086,47.55957113574584
STU_019087,75.95328808753973
STU_019088,77.10454258185156
STU_019089,79.69372943146601
STU_019090,94.01927690043655
STU_019091,78.49855349186927
STU_019092,85.8483526071771
STU_019093,73.3273829286106
STU_019094,85.04177441188082
STU_019095,77.01425855265724
STU_019096,80.21523663576303
STU_019097,84.55032555093281
STU_019098,59.661119310324935
STU_019099,67.20443180311686
STU_019100,71.27654177487427
STU_019101,58.39947026753181
STU_019102,76.30342037504617
STU_019103,87.90368771926939
STU_019104,60.435326024285075
STU_019105,63.536182392791275
STU_019106,61.075935514881635
STU_019107,88.08636641080706
STU_019108,67.94594113854879
STU_019109,99.03013341166067
STU_019110,95.22996422645735
STU_019111,75.70290536604658
STU_019112,100.0
STU_019113,82.20739628840651
STU_019114,99.44196382071743
STU_019115,82.4121904956878
STU_019116,84.42343079870042
STU_019117,63.791451441721065
STU_019118,78.78284220394251
STU_019119,71.7843236892863
STU_019120,63.09251505925418
STU_019121,94.34085252385374
STU_019122,80.2339631205067
STU_019123,63.67011258724342
STU_019124,95.22067448887603
STU_019125,69.56542541582247
STU_019126,73.23592198321619
STU_019127,70.5333125640368
STU_019128,85.7307244771885
STU_019129,62.23005436151148
STU_019130,60.45351007349363
STU_019131,79.76270405002326
STU_019132,87.28004109810318
STU_019133,54.29785267058698
STU_019134,65.11883834625891
STU_019135,99.33927897398614
STU_019136,92.58049994143997
STU_019137,62.76475781282922
STU_019138,89.63219038504529
STU_019139,87.05174270181273
STU_019140,83.80153597657237
STU_019141,91.48324206954499
STU_019142,84.28390035706838
STU_019143,79.18469700789446
STU_019144,73.76599380626507
STU_019145,68.27194621876349
STU_019146,87.43841512045327
STU_019147,71.71060111813598
STU_019148,98.49331192311368
STU_019149,77.5807546953515
STU_019150,79.54985391921895
STU_019151,96.0796629186861
STU_019152,47.056143274696325
STU_019153,65.57055018395228
STU_019154,90.30953782867508
STU_019155,100.0
STU_019156,78.42740044046474
STU_019157,90.48120462686099
STU_019158,52.37640323898597
STU_019159,66.97503011809373
STU_019160,62.55216314624933
STU_019161,59.90463387683336
STU_019162,59.83490587897016
STU_019163,70.83484146369467
STU_019164,73.9600924190289
STU_019165,77.03580682501969
STU_019166,90.55131643304144
STU_019167,85.30564281552788
STU_019168,85.57303300467868
STU_019169,70.62041289517002
STU_019170,83.595437186925
STU_019171,71.14766759596813
STU_019172,81.39085373239355
STU_019173,83.23633646743929
STU_019174,61.03123045927836
STU_019175,74.08127303989919
STU_019176,77.37157272520813
STU_019177,96.26141830987345
STU_019178,40.274117606517464
STU_019179,72.68093360891059
STU_019180,69.62514496314445
STU_019181,96.01388116680961
STU_019182,58.82367741868231
STU_019183,95.44687744371434
STU_019184,86.69186094683916
STU_019185,89.61536922051626
STU_019186,98.96143424508791
STU_019187,76.63511666841191
STU_019188,97.09808159757102
STU_019189,90.18775348908736
STU_019190,72.87219936028771
STU_019191,64.03228298834242
STU_019192,99.25865280104735
STU_019193,68.53696700530199
STU_019194,72.42291761868638
STU_019195,81.32819426359623
STU_019196,83.15584121631848
STU_019197,90.44040099761824
STU_019198,73.35067334945644
STU_019199,100.0
STU_019200,67.85959597402363
STU_019201,90.286157486978
STU_019202,79.78621876172032
STU_019203,52.7107591233833
STU_019204,59.27322215620951
STU_019205,78.81449140938165
STU_019206,47.51457644057588
STU_019207,64.72943016778883
STU_019208,70.01319548518676
STU_019209,72.69491657570002
STU_019210,60.685921683073914
STU_019211,68.16054356763827
STU_019212,72.97832468301533
STU_019213,71.18933980860872
STU_019214,75.42698998899664
STU_019215,100.0
STU_019216,64.51538492385241
STU_019217,72.11235080863601
STU_019218,49.99372544579292
STU_019219,82.00486347228527
STU_019220,74.90974422128937
STU_019221,64.56212043453995
STU_019222,80.9766318807349
STU_019223,73.47367813496113
STU_019224,94.44865498780456
STU_019225,55.37816545664707
STU_019226,57.77569185407289
STU_019227,65.49597280021793
STU_019228,59.62360888243289
STU_019229,75.8416515741013
STU_019230,62.24094918611172
STU_019231,89.19180665869015
STU_019232,85.12532554749016
STU_019233,59.45782492116321
STU_019234,66.18033223192346
STU_019235,79.17588476603356
STU_019236,76.65974753176515
STU_019237,73.81714704768261
STU_019238,74.03023884372129
STU_019239,85.5747111187648
STU_019240,82.07687449548034
STU_019241,95.94951810174355
STU_019242,68.64645483058713
STU_019243,85.93976690429415
STU_019244,77.503593697533
STU_019245,52.266008817092846
STU_019246,60.21198587022444
STU_019247,93.78007678407381
STU_019248,82.1188299729747
STU_019249,96.26056765426917
STU_019250,57.48563222148995
STU_019251,97.58369884691878
STU_019252,71.27694028226068
STU_019253,59.30943047796221
STU_019254,53.12932355220315
STU_019255,67.29874568918659
STU_019256,92.33273803292435
STU_019257,62.124708180241086
STU_019258,51.96820427155859
STU_019259,71.1510766798633
STU_019260,81.90445786163515
STU_019261,64.62391843158458
STU_019262,88.46141379062487
STU_019263,67.50713988874463
STU_019264,71.83211523330432
STU_019265,90.27638778397116
STU_019266,84.89651209713406
STU_019267,56.28597791765007
STU_019268,69.27512794609324
STU_019269,79.76225981188254
STU_019270,86.35453691271672
STU_019271,53.51832267292272
STU_019272,65.95076373436426
STU_019273,97.60287239170688
STU_019274,100.0
STU_019275,99.85358748798393
STU_019276,59.63146221235891
STU_019277,99.08951495235421
STU_019278,85.63596921736983
STU_019279,73.66544545126497
STU_019280,65.02831083299826
STU_019281,86.25160030002193
STU_019282,58.45993598490625
STU_019283,100.0
STU_019284,82.40002543975392
STU_019285,78.15543254436497
STU_019286,92.24096648057267
STU_019287,77.38859760708611
STU_019288,64.13943227685378
STU_019289,91.01497885809381
STU_019290,82.03412130393761
STU_019291,72.4655472948596
STU_019292,79.82403464374416
STU_019293,65.78408117488935
STU_019294,67.15738735210307
STU_019295,63.50138713557011
STU_019296,68.94946516831122
STU_019297,80.31695019718508
STU_019298,88.55742172704608
STU_019299,92.09336465787338
STU_019300,82.05557980215336
STU_019301,69.76367711899658
STU_019302,82.19496512189359
STU_019303,69.8752078278135
STU_019304,93.08875974061255
STU_019305,70.2725638999086
STU_019306,56.35827913674294
STU_019307,63.60595574213227
STU_019308,48.87330864637808
STU_019309,71.84478883930056
STU_019310,87.42801017611427
STU_019311,91.96570337662745
STU_019312,70.27325716210137
STU_019313,80.97171761852694
STU_019314,83.36903562439927
STU_019315,73.56329775523785
STU_019316,90.71122271320617
STU_019317,75.72558203673357
STU_019318,85.06517860055496
STU_019319,88.32763617043604
STU_019320,99.19088891507921
STU_019321,73.43287916998518
STU_019322,87.12173148977408
STU_019323,71.44730773689774
STU_019324,89.85289747517173
STU_019325,77.54437599709469
STU_019326,92.57916190660801
STU_019327,94.96097509536534
STU_019328,94.24396343112794
STU_019329,91.63957767621658
STU_019330,78.59102153682267
STU_019331,73.0496637186723
STU_019332,70.55397556681034
STU_019333,85.71278991383826
STU_019334,60.11932574963261
STU_019335,67.10426862870943
STU_019336,64.5986340195916
STU_019337,97.54423289681118
STU_019338,64.55032271026542
STU_019339,91.98564100374905
STU_019340,99.42799208864953
STU_019341,75.28719484940554
STU_019342,59.07823024388044
STU_019343,73.60546706931046
STU_019344,62.80333206325838
STU_019345,71.72015210146884
STU_019346,75.82699245301318
STU_019347,48.778274098183445
STU_019348,92.64305114349908
STU_019349,83.34335282197655
STU_019350,61.79422210913296
STU_019351,89.16772727802714
STU_019352,78.07381314727697
STU_019353,83.90341323959164
STU_019354,68.13608357945637
STU_019355,78.57766681694993
STU_019356,55.59593942190632
STU_019357,54.92197447043854
STU_019358,79.52322515465279
STU_019359,86.45247504789084
STU_019360,64.81571656039769
STU_019361,87.76280453289081
STU_019362,62.59765591798086
STU_019363,70.76114581295629
STU_019364,72.40143504007129
STU_019365,85.00964137215934
STU_019366,95.60502380584403
STU_019367,100.0
STU_019368,74.0160289248985
STU_019369,79.06556312464866
STU_019370,73.53197007650188
STU_019371,81.96824263237748
STU_019372,72.40167333160342
STU_019373,62.411031658111355
STU_019374,66.255837115497
STU_019375,81.20818423716105
STU_019376,93.56185793782988
STU_019377,90.15127403537323
STU_019378,66.20986616671162
STU_019379,54.73820777362339
STU_019380,90.5692098641579
STU_019381,63.70469541716679
STU_019382,70.29057147876831
STU_019383,84.91441962710188
STU_019384,64.00831711090686
STU_019385,86.72565632850656
STU_019386,70.78692346994245
STU_019387,57.330061494169996
STU_019388,68.70036915418117
STU_019389,100.0
STU_019390,46.88118402263016
STU_019391,76.10120190252945
STU_019392,81.08427230343656
STU_019393,73.44356379867226
STU_019394,71.57195026148953
STU_019395,77.22504541561801
STU_019396,100.0
STU_019397,72.63543189532389
STU_019398,58.56849862817802
STU_019399,56.13373823030325
STU_019400,95.7429618300305
STU_019401,65.22232278705555
STU_019402,62.062899516457136
STU_019403,86.79764482761117
STU_019404,89.84858806655338
STU_019405,77.11259471452229
STU_019406,74.16873495202607
STU_019407,62.37074796765009
STU_019408,79.36335661563875
STU_019409,71.74340426683028
STU_019410,73.58414185445747
STU_019411,86.31949924556469
STU_019412,60.608271937644886
STU_019413,68.53799942736154
STU_019414,66.17356662069405
STU_019415,83.9887555003095
STU_019416,83.45217757362211
STU_019417,89.83640324964095
STU_019418,95.16080280909837
STU_019419,74.97901187542276
STU_019420,73.48062865982932
STU_019421,82.62123023857446
STU_019422,75.56090085162671
STU_019423,73.3204929095794
STU_019424,93.27539277103584
STU_019425,59.06642292072881
STU_019426,82.1535231852454
STU_019427,85.30735321595533
STU_019428,91.71294992427455
STU_019429,69.29792662600235
STU_019430,81.78134062459807
STU_019431,51.42055253875489
STU_019432,74.62588171074812
STU_019433,60.3592759900007
STU_019434,53.15971984557988
STU_019435,97.62037430224417
STU_019436,61.05899688256922
STU_019437,94.55087650170019
STU_019438,84.46253321531127
STU_019439,54.99394656003447
STU_019440,68.37713043257712
STU_019441,83.48190352922559
STU_019442,75.6253351896376
STU_019443,59.88374425884753
STU_019444,94.92736256512313
STU_019445,89.62341467529956
STU_019446,52.26206728682656
STU_019447,76.2877859321874
STU_019448,68.39591118056724
STU_019449,61.23922602518543
STU_019450,75.54558636795886
STU_019451,69.05892935373879
STU_019452,79.0979898693185
STU_019453,80.59542985041057
STU_019454,72.14383800507413
STU_019455,71.55139771880341
STU_019456,69.95500861141299
STU_019457,68.59035312043261
STU_019458,67.4364354435218
STU_019459,64.06234165262124
STU_019460,89.7869885581536
STU_019461,92.31987318180815
STU_019462,99.05552100087716
STU_019463,65.55859025773181
STU_019464,73.68138730734908
STU_019465,64.01935458450536
STU_019466,68.53202894310328
STU_019467,73.23490985305307
STU_019468,88.08671037824759
STU_019469,74.1653876739869
STU_019470,91.0995946011821
STU_019471,97.81722456337745
STU_019472,87.23555757957341
STU_019473,88.44504086461431
STU_019474,61.29800969327363
STU_019475,61.97581156010489
STU_019476,95.95814005827354
STU_019477,67.4714596052164
STU_019478,72.29820297656157
STU_019479,76.40715714723828
STU_019480,92.06697586307757
STU_019481,67.80784395622562
STU_019482,72.52660440905704
STU_019483,74.56260762819456
STU_019484,80.46723990898494
STU_019485,59.5052745119479
STU_019486,39.605636714650444
STU_019487,67.06641138844894
STU_019488,94.30964699895056
STU_019489,62.91218324022266
STU_019490,75.43845436747019
STU_019491,56.57354413081981
STU_019492,72.99699558581327
STU_019493,62.9378946347894
STU_019494,58.692218438389006
STU_019495,96.55218794574031
STU_019496,91.37032365345242
STU_019497,56.96113301137851
STU_019498,91.97184464470023
STU_019499,92.54677942777184
STU_019500,87.53823483306896
STU_019501,83.94152239974252
STU_019502,61.93693858459066
STU_019503,70.57307898681262
STU_019504,96.91943569226271
STU_019505,61.77956583669214
STU_019506,79.40751129177436
STU_019507,93.169662700694
STU_019508,93.0631616004284
STU_019509,98.04063078763433
STU_019510,93.88241255041767
STU_019511,55.18485991987447
STU_019512,81.24783698974502
STU_019513,66.11995155689613
STU_019514,57.16306924248404
STU_019515,64.06424358754101
STU_019516,87.2451955709965
STU_019517,65.96962415068042
STU_019518,65.83078082143548
STU_019519,67.2326053051609
STU_019520,83.09144808838047
STU_019521,62.91197033561727
STU_019522,73.049853795956
STU_019523,98.19988113187458
STU_019524,80.62714198722365
STU_019525,83.94807547188084
STU_019526,70.2410647693293
STU_019527,73.9139914685368
STU_019528,71.35266960927812
STU_019529,90.46244893906382
STU_019530,91.94219962079275
STU_019531,96.0234174355614
STU_019532,50.15194634968111
STU_019533,76.41606466396946
STU_019534,71.93950155246056
STU_019535,66.47459384197234
STU_019536,66.16195409145966
STU_019537,53.40889380575334
STU_019538,75.4507164768996
STU_019539,69.50531297994907
STU_019540,59.526655505534634
STU_019541,79.69899825424267
STU_019542,100.0
STU_019543,100.0
STU_019544,75.59910662975969
STU_019545,85.83675685471565
STU_019546,59.06618985970485
STU_019547,66.49718164953674
STU_019548,91.29312285155355
STU_019549,87.06797782493
STU_019550,96.66617078968687
STU_019551,80.35946325925639
STU_019552,72.56548188086082
STU_019553,70.06784284422741
STU_019554,60.77170180592293
STU_019555,100.0
STU_019556,70.94918769970519
STU_019557,100.0
STU_019558,58.5297709521991
STU_019559,89.0225897072203
STU_019560,77.80878051137657
STU_019561,44.639879469572506
STU_019562,95.94447199907883
STU_019563,75.99120133136144
STU_019564,71.74893751002368
STU_019565,57.30148363365211
STU_019566,82.98854241440124
STU_019567,82.94051651166318
STU_019568,71.24829268350386
STU_019569,63.81634387968268
STU_019570,73.10372281789878
STU_019571,47.81636249282994
STU_019572,64.97369838432935
STU_019573,68.53866876758724
STU_019574,74.8625871875484
STU_019575,79.1548221467954
STU_019576,94.77565248035656
STU_019577,64.90858808412557
STU_019578,65.66335548450577
STU_019579,71.66368233047773
STU_019580,66.53231708202065
STU_019581,100.0
STU_019582,72.99931869887088
STU_019583,73.71114370494631
STU_019584,67.49353587927915
STU_019585,82.84520822306662
STU_019586,73.59017211774257
STU_019587,90.48468999233033
STU_019588,74.55451506715498
STU_019589,64.04826580133539
STU_019590,97.51753631372317
STU_019591,93.54815822012539
STU_019592,70.12341788900997
STU_019593,65.38558553596285
STU_019594,97.65948411686793
STU_019595,74.14577180527344
STU_019596,93.66678546101723
STU_019597,72.25846358395835
STU_019598,76.85557772592337
STU_019599,67.97484597432388
STU_019600,100.0
STU_019601,81.19878020790325
STU_019602,79.68605373403034
STU_019603,94.94528614742984
STU_019604,92.48003596908589
STU_019605,74.79155494144905
STU_019606,82.44071450100647
STU_019607,58.173365622646315
STU_019608,71.64517131534177
STU_019609,92.93386444828488
STU_019610,61.26960613883789
STU_019611,68.94026135717293
STU_019612,59.41353839518264
STU_019613,55.4275488118808
STU_019614,60.55409419822418
STU_019615,88.95464918138337
STU_019616,68.79381671195134
STU_019617,76.75937369606125
STU_019618,63.46518114348156
STU_019619,89.0129920429315
STU_019620,77.25548584537158
STU_019621,74.9665863812119
STU_019622,80.02388083810779
STU_019623,72.73514861650166
STU_019624,96.42982421486546
STU_019625,42.008782754379595
STU_019626,89.58067295744884
STU_019627,94.85833092081005
STU_019628,70.57967428491862
STU_019629,77.19594682603713
STU_019630,94.42884220204756
STU_019631,64.12537951530848
STU_019632,95.54668896175043
STU_019633,88.59033169721243
STU_019634,88.25183686652822
STU_019635,76.99953880356715
STU_019636,66.59274141652766
STU_019637,80.58489270023465
STU_019638,62.96491051573079
STU_019639,69.38801823782914
STU_019640,80.23606603292895
STU_019641,94.19945434032
STU_019642,78.59951053943016
STU_019643,84.36970197888232
STU_019644,71.96981897172958
STU_019645,76.25647072903669
STU_019646,74.6171101435329
STU_019647,74.14467522331543
STU_019648,59.007113568098234
STU_019649,63.04233254113349
STU_019650,70.00664767569882
STU_019651,71.14702129317224
STU_019652,72.53814298124101
STU_019653,68.91860635679951
STU_019654,54.145461766507395
STU_019655,55.94373421786558
STU_019656,50.510708469637244
STU_019657,72.0368654004312
STU_019658,69.76986173595715
STU_019659,80.53070693152766
STU_019660,68.58813413132972
STU_019661,78.92563835150013
STU_019662,69.38803795827093
STU_019663,75.01088176067758
STU_019664,66.15763948800922
STU_019665,88.08681523260242
STU_019666,89.89037234762442
STU_019667,74.85537184343674
STU_019668,52.672034593193025
STU_019669,61.14445280221932
STU_019670,85.52946688101441
STU_019671,54.69451767370677
STU_019672,86.25641688972097
STU_019673,72.93191783836672
STU_019674,78.69653024890603
STU_019675,79.45815954325177
STU_019676,79.99810362803628
STU_019677,85.0967663514645
STU_019678,100.0
STU_019679,93.96602990269785
STU_019680,82.96030842408646
STU_019681,95.39201862906377
STU_019682,93.49323165628793
STU_019683,68.37821088757259
STU_019684,70.82057435458768
STU_019685,91.67108287200774
STU_019686,85.27924760334463
STU_019687,63.14763567542262
STU_019688,80.85863990711839
STU_019689,70.01313539894954
STU_019690,78.89734484685528
STU_019691,59.80778275624229
STU_019692,57.29304536146171
STU_019693,98.75184822540304
STU_019694,78.91882751842516
STU_019695,55.22445967089807
STU_019696,63.0932831188088
STU_019697,96.70139392253554
STU_019698,93.22870791374615
STU_019699,80.20824129823224
STU_019700,82.68015083941457
STU_019701,69.07554060511607
STU_019702,76.12422217838375
STU_019703,77.44558293537251
STU_019704,73.96899187100102
STU_019705,65.54088789393359
STU_019706,88.67769692926859
STU_019707,59.242343982098916
STU_019708,79.40096260954016
STU_019709,70.87864071096578
STU_019710,64.65404160319144
STU_019711,94.27272899625618
STU_019712,48.87289850037465
STU_019713,95.3100582481499
STU_019714,64.72165883013133
STU_019715,86.76024001352322
STU_019716,83.01288760869636
STU_019717,95.38019965282056
STU_019718,70.23985774419036
STU_019719,97.63459054846037
STU_019720,93.09301321208922
STU_019721,55.930240850514366
STU_019722,73.28105998429281
STU_019723,78.43716890827237
STU_019724,73.73977005435816
STU_019725,88.73941746578437
STU_019726,60.73885066008944
STU_019727,89.01308188522532
STU_019728,80.17084019579802
STU_019729,70.44641968515491
STU_019730,71.24041642792152
STU_019731,63.352656326552165
STU_019732,86.87188467680343
STU_019733,72.23387834984388
STU_019734,74.95568627877971
STU_019735,86.64505473382931
STU_019736,100.0
STU_019737,96.43833029160918
STU_019738,91.2813528300121
STU_019739,70.04943097788812
STU_019740,75.71219691717697
STU_019741,100.0
STU_019742,76.06576664631467
STU_019743,86.04819524636868
STU_019744,75.08129068720706
STU_019745,83.98671778537977
STU_019746,91.49093699474713
STU_019747,78.10680941208275
STU_019748,63.46797332712141
STU_019749,63.082225535561136
STU_019750,74.02370649679379
STU_019751,71.88748183073453
STU_019752,65.06562835931838
STU_019753,93.56245352439537
STU_019754,68.99193644482962
STU_019755,82.85072460606506
STU_019756,52.17737453939985
STU_019757,86.96783394792448
STU_019758,60.50507187578478
STU_019759,75.6258803345153
STU_019760,81.92363672461006
STU_019761,68.48113705984515
STU_019762,90.33721842750685
STU_019763,69.40122500099993
STU_019764,60.91387523320017
STU_019765,87.54428884918347
STU_019766,67.65419522516845
STU_019767,53.13845839990812
STU_019768,83.38411231559523
STU_019769,59.175944002807555
STU_019770,79.9978699311825
STU_019771,96.18678306628081
STU_019772,67.24544444418342
STU_019773,85.09996316867638
STU_019774,51.38646222777602
STU_019775,89.79321454100771
STU_019776,59.76164382646063
STU_019777,73.70820148321454
STU_019778,74.43298693104528
STU_019779,71.85031121386963
STU_019780,82.93741515909053
STU_019781,52.8069386006132
STU_019782,72.0333326448814
STU_019783,64.52210464611271
STU_019784,78.98139240629094
STU_019785,80.37344758764769
STU_019786,54.006274475080104
STU_019787,77.85264211848629
STU_019788,70.47714631823347
STU_019789,77.28465965870656
STU_019790,65.74760823686806
STU_019791,52.27340226524869
STU_019792,77.86931364172854
STU_019793,64.46027024400333
STU_019794,88.65504949034793
STU_019795,73.2323985790083
STU_019796,85.33655578428035
STU_019797,49.00757171148866
STU_019798,90.13234013145441
STU_019799,78.43585191335309
STU_019800,51.823312584964455
STU_019801,79.30781413851534
STU_019802,96.39247711678539
STU_019803,65.07289020823397
STU_019804,79.94125362877925
STU_019805,73.2557131115149
STU_019806,59.28547467185031
STU_019807,57.31299241365451
STU_019808,64.54013462537696
STU_019809,96.47051433341214
STU_019810,67.72012945328065
STU_019811,69.5342618167562
STU_019812,85.69788017161547
STU_019813,76.89852693344056
STU_019814,83.8585629362103
STU_019815,90.02368105242792
STU_019816,73.0616171014391
STU_019817,92.29675690586724
STU_019818,65.16577156109209
STU_019819,97.40129231394253
STU_019820,56.46155468523234
STU_019821,79.14750309700776
STU_019822,67.24071613397078
STU_019823,79.86589582228922
STU_019824,100.0
STU_019825,82.0210766804141
STU_019826,82.37326252838453
STU_019827,79.65915036104954
STU_019828,82.92081291706678
STU_019829,71.65967466909497
STU_019830,96.72276856824394
STU_019831,84.87689387682933
STU_019832,88.66292897023116
STU_019833,71.45487300334172
STU_019834,73.89193513748984
STU_019835,68.92552888662615
STU_019836,89.45725668269462
STU_019837,75.45706622697283
STU_019838,78.29023262863055
STU_019839,83.66632667995462
STU_019840,66.57548180634286
STU_019841,65.0157176859518
STU_019842,70.59636061812525
STU_019843,66.79872854589532
STU_019844,73.47677491191577
STU_019845,73.67789010961876
STU_019846,96.82201709390684
STU_019847,100.0
STU_019848,67.59476625164184
STU_019849,92.4916462234692
STU_019850,76.69596437117146
STU_019851,96.30392676689011
STU_019852,64.55509956261191
STU_019853,85.94738911370305
STU_019854,79.13075821111181
STU_019855,78.27682852414867
STU_019856,68.1659243887941
STU_019857,82.2161057165604
STU_019858,98.40688804638243
STU_019859,94.86982167293799
STU_019860,83.9134444181878
STU_019861,66.78365562030079
STU_019862,68.37721617220409
STU_019863,74.76398617608972
STU_019864,81.6014811673836
STU_019865,89.42547742014243
STU_019866,91.27682145533517
STU_019867,77.09351181546118
STU_019868,81.97797667741501
STU_019869,72.89765405536723
STU_019870,73.46576019063271
STU_019871,90.93531853940077
STU_019872,100.0
STU_019873,75.77586808387532
STU_019874,55.27110554041214
STU_019875,79.90724083576599
STU_019876,100.0
STU_019877,66.65799768394312
STU_019878,60.86148349047734
STU_019879,91.42764147542239
STU_019880,54.01452340833205
STU_019881,72.32449065528937
STU_019882,94.42977059400184
STU_019883,59.55442887468756
STU_019884,71.42335401096683
STU_019885,82.35297097210884
STU_019886,71.55755904671511
STU_019887,100.0
STU_019888,58.41950402134941
STU_019889,85.46486615429411
STU_019890,77.12397722640796
STU_019891,74.44390921385593
STU_019892,69.89434457812989
STU_019893,92.3169387708058
STU_019894,59.709656322456226
STU_019895,76.66743092136763
STU_019896,79.33991211738908
STU_019897,76.36203344059392
STU_019898,74.90228594883585
STU_019899,80.90247673087634
STU_019900,85.310160044465
STU_019901,70.986399677906
STU_019902,75.90619761906541
STU_019903,83.78249094051135
STU_019904,69.18350882616758
STU_019905,77.71892597004872
STU_019906,69.34218297356774
STU_019907,59.26340667186632
STU_019908,54.462981382738164
STU_019909,62.71259166835645
STU_019910,96.43336361812955
STU_019911,100.0
STU_019912,65.92073941002458
STU_019913,76.1082179292762
STU_019914,60.97587567043422
STU_019915,78.04217015881726
STU_019916,66.30951323691414
STU_019917,62.892654976400465
STU_019918,92.5881883462273
STU_019919,67.49958758907921
STU_019920,93.47138401461073
STU_019921,71.66097670397484
STU_019922,98.07155417173963
STU_019923,56.84123619618751
STU_019924,98.9428699181265
STU_019925,86.77541483142551
STU_019926,69.41465081809577
STU_019927,78.03259108653869
STU_019928,77.88437561026392
STU_019929,81.8885261882245
STU_019930,67.71966126636302
STU_019931,97.59528693534645
STU_019932,85.75018679618893
STU_019933,59.09154014411712
STU_019934,88.22602265750866
STU_019935,50.6227885178527
STU_019936,85.66846319307155
STU_019937,82.88124377364976
STU_019938,67.19093953686607
STU_019939,86.75702941686481
STU_019940,87.14165931111327
STU_019941,69.35350019794548
STU_019942,70.70538058292126
STU_019943,83.44028544614713
STU_019944,100.0
STU_019945,78.01087410291935
STU_019946,93.66579890537041
STU_019947,71.65361252877669
STU_019948,86.13785448831429
STU_019949,78.14377451545047
STU_019950,72.69810361614064
STU_019951,66.96969042754053
STU_019952,56.0056768985865
STU_019953,63.58740094740848
STU_019954,80.91113392519925
STU_019955,60.58567755747734
STU_019956,57.74365463534777
STU_019957,83.03886428691065
STU_019958,80.34613230717859
STU_019959,76.35696351560591
STU_019960,64.37582267993061
STU_019961,68.81271751900081
STU_019962,77.7377947544177
STU_019963,58.57055222358807
STU_019964,69.13286928824232
STU_019965,63.32025046255244
STU_019966,80.19073307458997
STU_019967,96.66648586406416
STU_019968,75.41541402451067
STU_019969,54.2541906679251
STU_019970,92.73965066842455
STU_019971,90.69943245605971
STU_019972,69.37209427841738
STU_019973,77.87918566059388
STU_019974,89.25616527322775
STU_019975,72.50141595212501
STU_019976,75.19416897103171
STU_019977,65.871931955331
STU_019978,56.81364023283017
STU_019979,57.68346025722259
STU_019980,63.38674733592441
STU_019981,100.0
STU_019982,76.47957459797506
STU_019983,86.34676955790663
STU_019984,95.80627981157288
STU_019985,81.1127899699757
STU_019986,95.85805087502294
STU_019987,83.36859323621178
STU_019988,65.29266726435871
STU_019989,68.8448691507693
STU_019990,77.25109236288826
STU_019991,85.61608284839754
STU_019992,83.84659508806801
STU_019993,86.14564475107763
STU_019994,51.367392076902775
STU_019995,77.70877349413503
STU_019996,62.20252104922427
STU_019997,82.1938725293844
STU_019998,55.9582650542241
STU_019999,88.40190164736714
STU_020000,76.1335610318998
