student_id,career_success_score
STU_010001,62.1944422349542
STU_010002,75.87117620216591
STU_010003,70.86412685532878
STU_010004,96.02769557044304
STU_010005,78.71022002203661
STU_010006,73.19060357769301
STU_010007,74.95229157931529
STU_010008,76.05070019756579
STU_010009,72.3762061539689
STU_010010,55.144508740259546
STU_010011,92.95970375499004
STU_010012,78.32991152835953
STU_010013,82.01737739795064
STU_010014,92.07818389991809
STU_010015,53.844915989178105
STU_010016,67.61208607135704
STU_010017,57.5034795095755
STU_010018,62.096086627678886
STU_010019,89.29687500835075
STU_010020,68.85230235298795
STU_010021,85.27919624952516
STU_010022,94.22247198718878
STU_010023,93.67048102800814
STU_010024,67.83387214771143
STU_010025,76.67063154277783
STU_010026,83.95976128150289
STU_010027,73.85655030787579
STU_010028,86.27551457101025
STU_010029,97.09779034832316
STU_010030,62.58359458187234
STU_010031,67.83311816050161
STU_010032,91.19199003640445
STU_010033,61.055572432635316
STU_010034,90.61499859754849
STU_010035,81.98543903731614
STU_010036,68.25785717998093
STU_010037,65.23730757813935
STU_010038,90.39258023562112
STU_010039,66.6947152315995
STU_010040,81.11696556914944
STU_010041,90.82628507485691
STU_010042,59.77294859570139
STU_010043,82.48983046128873
STU_010044,71.3942855260666
STU_010045,84.87757478107174
STU_010046,58.944374233160794
STU_010047,68.9553627700258
STU_010048,82.47189814629323
STU_010049,53.2918961002768
STU_010050,60.89212203871711
STU_010051,75.67101586917893
STU_010052,64.06763956970477
STU_010053,61.94677298256573
STU_010054,68.6311300404041
STU_010055,60.80464837776664
STU_010056,60.36810797187032
STU_010057,64.97303583050919
STU_010058,99.58708144390226
STU_010059,88.93258394648201
STU_010060,71.33171803761347
STU_010061,44.20060395360887
STU_010062,78.25739531955979
STU_010063,61.26169964852725
STU_010064,87.4918991883898
STU_010065,58.65662327916349
STU_010066,61.66939424693004
STU_010067,90.66801185388144
STU_010068,61.11733989600702
STU_010069,69.9825637399243
STU_010070,60.08331192414968
STU_010071,93.92257018073985
STU_010072,70.024945364104
STU_010073,92.69569439474772
STU_010074,60.65216360377202
STU_010075,76.86466589839806
STU_010076,96.79284672779795
STU_010077,84.2646147182606
STU_010078,86.15500841116254
STU_010079,81.61326727644459
STU_010080,80.41727266329565
STU_010081,63.952517399744835
STU_010082,78.2658444071658
STU_010083,79.14305547789544
STU_010084,78.20861249467649
STU_010085,75.7392497348607
STU_010086,77.90188666513471
STU_010087,68.59407244310788
STU_010088,69.42147883408309
STU_010089,85.91078566450618
STU_010090,80.31269930422427
STU_010091,57.612161359331424
STU_010092,71.93114324630498
STU_010093,66.5308817304201
STU_010094,87.15075092209429
STU_010095,57.9264670889223
STU_010096,80.52035101194312
STU_010097,69.13432987259971
STU_010098,86.61612473940083
STU_010099,69.67595470097905
STU_010100,71.366781345929
STU_010101,76.44363439141362
STU_010102,63.42459297890602
STU_010103,93.44155412133271
STU_010104,54.24599370593866
STU_010105,97.35778859005352
STU_010106,52.752645401413865
STU_010107,82.1745363614882
STU_010108,79.6824787661362
STU_010109,66.78812275708651
STU_010110,80.52953522522463
STU_010111,86.1823510166052
STU_010112,81.42265452756736
STU_010113,74.12868332836902
STU_010114,79.60132328324208
STU_010115,79.23186156965969
STU_010116,87.04630229464532
STU_010117,77.950737801829
STU_010118,90.61723879726493
STU_010119,69.11542598429725
STU_010120,70.31920023837458
STU_010121,78.59925971971941
STU_010122,75.45919581189277
STU_010123,90.3444205184063
STU_010124,72.50413624886575
STU_010125,84.55536303659288
STU_010126,75.57632752440857
STU_010127,61.585811956254325
STU_010128,90.13066211351031
STU_010129,83.29788327440343
STU_010130,70.63386081409358
STU_010131,62.704419915629
STU_010132,70.81843413640242
STU_010133,80.30528926894789
STU_010134,67.75838298825231
STU_010135,45.57260051773051
STU_010136,68.87493764883463
STU_010137,59.441002150388876
STU_010138,78.98613573256424
STU_010139,82.60341919604824
STU_010140,87.48294745461605
STU_010141,58.39756764790566
STU_010142,84.81785122606964
STU_010143,73.33163460007631
STU_010144,72.40551483141121
STU_010145,91.48223758112175
STU_010146,77.78990333135833
STU_010147,58.18103881068156
STU_010148,56.58389628940771
STU_010149,63.2138904054018
STU_010150,91.85223652534049
STU_010151,72.50929353138211
STU_010152,85.22721727006876
STU_010153,74.68298254877735
STU_010154,79.96302882037534
STU_010155,67.56760271529564
STU_010156,91.874030376695
STU_010157,100.0
STU_010158,73.92295059837555
STU_010159,88.04374698559997
STU_010160,66.36214199780962
STU_010161,94.90782033637691
STU_010162,100.0
STU_010163,77.83140629582809
STU_010164,71.64648971401613
STU_010165,73.78403805430074
STU_010166,88.33696801706019
STU_010167,84.88135568125503
STU_010168,77.92906234920356
STU_010169,72.79452479600765
STU_010170,92.18073491329577
STU_010171,70.76203534964134
STU_010172,99.53128963434685
STU_010173,67.73053410940159
STU_010174,76.24747569964131
STU_010175,73.6850477958265
STU_010176,66.98783115322648
STU_010177,90.31278019169194
STU_010178,82.23823490372901
STU_010179,80.73357570780246
STU_010180,79.07619495988187
STU_010181,77.87383342752764
STU_010182,76.32072647138519
STU_010183,78.73687533711403
STU_010184,81.40534292157851
STU_010185,63.554887756412526
STU_010186,85.02025598847865
STU_010187,67.33253053731737
STU_010188,92.9860174754786
STU_010189,72.17914174195626
STU_010190,58.97883482114613
STU_010191,48.213498106563236
STU_010192,83.18062933366866
STU_010193,61.90981466294433
STU_010194,86.93930293192854
STU_010195,80.03447177065156
STU_010196,72.29602154898402
STU_010197,75.46385853326903
STU_010198,81.9200128492186
STU_010199,96.20386466753764
STU_010200,72.50954500149395
STU_010201,100.0
STU_010202,78.84008173444936
STU_010203,73.35649261284972
STU_010204,91.88556815363125
STU_010205,85.78207426684784
STU_010206,88.189729952974
STU_010207,50.899236825578534
STU_010208,72.46222377964841
STU_010209,65.81421230670627
STU_010210,90.03253835183064
STU_010211,77.56325876732635
STU_010212,92.25301722244389
STU_010213,87.94314109189801
STU_010214,64.11821058029587
STU_010215,69.36255542032238
STU_010216,59.213533628712945
STU_010217,81.45526953846675
STU_010218,56.278480845199056
STU_010219,79.40025152627591
STU_010220,67.98714859419432
STU_010221,76.21377738769387
STU_010222,58.08733423855148
STU_010223,75.60407049136194
STU_010224,99.17906132604152
STU_010225,59.91752680795224
STU_010226,83.93132084928389
STU_010227,56.27769888982404
STU_010228,89.20510680117147
STU_010229,73.53171075220266
STU_010230,64.40247816193707
STU_010231,54.03230961965094
STU_010232,93.1596632441584
STU_010233,59.24517285912953
STU_010234,79.87608871830714
STU_010235,49.13743722362923
STU_010236,93.93456036254898
STU_010237,83.34622698227005
STU_010238,74.9397883677187
STU_010239,51.25855176716488
STU_010240,72.71021383054922
STU_010241,81.08609638442555
STU_010242,79.42307566609941
STU_010243,67.17456402128302
STU_010244,86.76477585508684
STU_010245,60.77221692366659
STU_010246,48.2198801163645
STU_010247,94.46258999666831
STU_010248,77.86843758624924
STU_010249,67.77785604123709
STU_010250,93.23151633705845
STU_010251,74.1243742501785
STU_010252,100.0
STU_010253,62.172552127623504
STU_010254,92.4041762645278
STU_010255,66.50384773924053
STU_010256,59.593907344051836
STU_010257,74.72284686113606
STU_010258,79.18318747792014
STU_010259,78.29521571247737
STU_010260,61.01733274278918
STU_010261,62.43275764562721
STU_010262,58.10297851934903
STU_010263,58.69050217132523
STU_010264,100.0
STU_010265,71.24604621531023
STU_010266,81.88500453141185
STU_010267,63.86786798122776
STU_010268,85.07492246256756
STU_010269,75.60048291381145
STU_010270,91.58219059378789
STU_010271,78.35661506432716
STU_010272,64.38673545960862
STU_010273,76.90027955777525
STU_010274,62.532361274930615
STU_010275,88.63021435400074
STU_010276,62.902899991009875
STU_010277,81.62792194246695
STU_010278,84.07382176297939
STU_010279,66.18455377269044
STU_010280,65.95234833239853
STU_010281,60.526447337935714
STU_010282,67.60302988867176
STU_010283,86.49931465807288
STU_010284,70.1439154542701
STU_010285,57.109678370086016
STU_010286,78.76831171262774
STU_010287,91.93937775506089
STU_010288,62.608553897937334
STU_010289,55.6439760594357
STU_010290,81.33991597069775
STU_010291,50.799410741229536
STU_010292,85.03311518596767
STU_010293,69.66999273110808
STU_010294,60.37807678908579
STU_010295,70.754527597759
STU_010296,85.61339832124246
STU_010297,82.2486644750223
STU_010298,96.28800369585403
STU_010299,93.5904224040588
STU_010300,66.03518940820115
STU_010301,78.7899516204092
STU_010302,83.5261150177262
STU_010303,75.63910450842094
STU_010304,56.47635320699193
STU_010305,80.03207321563134
STU_010306,65.47488735116058
STU_010307,68.44833355385954
STU_010308,76.10286724821162
STU_010309,71.64629306556537
STU_010310,57.76150911639587
STU_010311,67.3295213617769
STU_010312,76.54746627034432
STU_010313,76.63117806325364
STU_010314,82.72016532098651
STU_010315,90.71554947654799
STU_010316,91.69445903297702
STU_010317,86.49572435824929
STU_010318,72.07678914545104
STU_010319,90.19598211237296
STU_010320,99.37343899356443
STU_010321,68.88027335412612
STU_010322,93.09671584379132
STU_010323,74.00353792142596
STU_010324,92.62867259546682
STU_010325,92.10669411875452
STU_010326,78.60047548852998
STU_010327,67.26789037307172
STU_010328,85.39357878284626
STU_010329,90.94017140642995
STU_010330,80.90175724739439
STU_010331,96.56429017963582
STU_010332,62.95745260970322
STU_010333,100.0
STU_010334,73.15157512836937
STU_010335,91.4261551131239
STU_010336,57.2237533020443
STU_010337,62.38031716154762
STU_010338,81.27734931281134
STU_010339,80.19042231301759
STU_010340,65.83167113621592
STU_010341,93.79733086908212
STU_010342,60.36882064167674
STU_010343,62.283986034961515
STU_010344,78.72986485513731
STU_010345,78.8266739984834
STU_010346,87.81767629150626
STU_010347,54.338575173942324
STU_010348,60.79593122698774
STU_010349,85.07154064005152
STU_010350,82.52296225060896
STU_010351,73.1128053874222
STU_010352,71.63136736826385
STU_010353,94.56899067697682
STU_010354,71.16835688161025
STU_010355,77.68113125547094
STU_010356,85.38817503720446
STU_010357,90.60339400900503
STU_010358,79.30116197551011
STU_010359,64.42311336771394
STU_010360,69.45836520223145
STU_010361,95.9574054785233
STU_010362,72.76588305357389
STU_010363,77.78257830616025
STU_010364,95.82514645396515
STU_010365,84.56751496852021
STU_010366,93.59608400916186
STU_010367,67.3379587077307
STU_010368,65.80258846727362
STU_010369,90.45904987326564
STU_010370,84.80627035988043
STU_010371,68.22827865057994
STU_010372,75.85353115367288
STU_010373,70.09807557820831
STU_010374,82.95177948178438
STU_010375,97.3284840545362
STU_010376,56.38538959207827
STU_010377,76.68181086483105
STU_010378,76.15166128526201
STU_010379,69.33530825216302
STU_010380,63.674182765513706
STU_010381,67.26099025854352
STU_010382,89.94655497616782
STU_010383,81.79247403540215
STU_010384,90.51879224948927
STU_010385,81.12593956804636
STU_010386,64.73980455163499
STU_010387,60.51577929721743
STU_010388,96.26975486961207
STU_010389,68.29465034103842
STU_010390,57.79576696418231
STU_010391,63.44648049567334
STU_010392,76.77378326904947
STU_010393,81.64927552555041
STU_010394,71.22637923376817
STU_010395,78.98913899995287
STU_010396,81.56640498883158
STU_010397,88.88831717096711
STU_010398,87.70144866866636
STU_010399,62.36778608008452
STU_010400,70.68251191272739
STU_010401,49.551682032297755
STU_010402,70.35488457975057
STU_010403,76.67888813692633
STU_010404,86.63168220109661
STU_010405,79.45481614159537
STU_010406,75.31041679923561
STU_010407,93.01704794515324
STU_010408,67.01038264120561
STU_010409,95.556214310972
STU_010410,68.85456913029469
STU_010411,88.13606314332773
STU_010412,98.87508419711054
STU_010413,85.27671848203767
STU_010414,85.45139058001233
STU_010415,87.59507233224438
STU_010416,80.54514791505429
STU_010417,99.23437961045462
STU_010418,74.13422331018144
STU_010419,95.7271348107458
STU_010420,85.95857654499461
STU_010421,84.44562308870523
STU_010422,72.39994617701663
STU_010423,73.10640552362119
STU_010424,54.69235524340541
STU_010425,58.00652808174077
STU_010426,76.65617430021771
STU_010427,62.581282152436046
STU_010428,72.32969320968714
STU_010429,55.41128274356005
STU_010430,88.3872896530187
STU_010431,54.43219493381745
STU_010432,65.58628252565595
STU_010433,72.05032072585054
STU_010434,88.5766936296106
STU_010435,61.96130934500983
STU_010436,78.07715286364657
STU_010437,54.78215926047272
STU_010438,98.84570628420639
STU_010439,65.50215043896378
STU_010440,83.79047784730892
STU_010441,57.17607383286101
STU_010442,69.51274538600222
STU_010443,80.01355330245534
STU_010444,66.68657195815133
STU_010445,69.22340607836709
STU_010446,49.889607955960685
STU_010447,80.2276010108537
STU_010448,71.11911758529311
STU_010449,70.62438481691431
STU_010450,59.50451019638608
STU_010451,91.32749983600317
STU_010452,81.02654781397369
STU_010453,71.06398542076408
STU_010454,72.2944392637071
STU_010455,52.52494892635698
STU_010456,84.10104672927746
STU_010457,75.68297279953552
STU_010458,86.39025961963455
STU_010459,75.22571069576941
STU_010460,67.89909829501049
STU_010461,70.94500755488697
STU_010462,57.86767967567966
STU_010463,84.67354823514952
STU_010464,88.80350013134799
STU_010465,57.0014498438694
STU_010466,67.30814981086812
STU_010467,78.65436210644572
STU_010468,73.27369273372392
STU_010469,74.70733556626362
STU_010470,68.21002084574701
STU_010471,97.71297751352846
STU_010472,54.91781844350672
STU_010473,84.85997351730052
STU_010474,82.85763490180443
STU_010475,78.81972033165087
STU_010476,65.93071483973503
STU_010477,70.66526175691338
STU_010478,93.71184641646434
STU_010479,64.3660821148938
STU_010480,67.20350519497724
STU_010481,64.13203449075523
STU_010482,73.47395692895205
STU_010483,92.74937841228352
STU_010484,75.65642396175308
STU_010485,48.7115743546517
STU_010486,71.90233474302623
STU_010487,95.29560342960825
STU_010488,81.9778088474461
STU_010489,82.70341436525885
STU_010490,83.846830292461
STU_010491,76.29514376792818
STU_010492,72.82748810085533
STU_010493,81.56918329609844
STU_010494,60.28295012202158
STU_010495,43.52052741665203
STU_010496,96.01068111093669
STU_010497,65.20590347175815
STU_010498,75.21017309641171
STU_010499,64.75761783787912
STU_010500,69.403469143383
STU_010501,71.2550055226256
STU_010502,67.48184390799058
STU_010503,77.70554655361124
STU_010504,70.74280242132392
STU_010505,62.47375924482867
STU_010506,87.70139961251236
STU_010507,67.55908036120432
STU_010508,63.0805197088627
STU_010509,80.40973644281465
STU_010510,48.84962705779462
STU_010511,61.32199222455527
STU_010512,70.88096338437562
STU_010513,94.44592662315092
STU_010514,78.41672270150747
STU_010515,83.453234081594
STU_010516,82.82158067232872
STU_010517,98.69519849342853
STU_010518,53.79061081605582
STU_010519,85.74861387007691
STU_010520,87.0945797663239
STU_010521,98.01410866504729
STU_010522,71.08218705471509
STU_010523,81.14084828974305
STU_010524,90.57329116790845
STU_010525,71.53017861440202
STU_010526,56.504473637777856
STU_010527,85.76776584395856
STU_010528,84.51512295241967
STU_010529,51.08864766366749
STU_010530,72.53238755914695
STU_010531,67.59349243076437
STU_010532,57.268382898772714
STU_010533,82.32892610163579
STU_010534,79.67889005039774
STU_010535,84.0154108135616
STU_010536,78.75483150157392
STU_010537,77.32436652359516
STU_010538,74.84018609636695
STU_010539,61.701206242600364
STU_010540,52.91065674859178
STU_010541,86.18394175309534
STU_010542,100.0
STU_010543,83.23613534752192
STU_010544,72.85128398250004
STU_010545,80.68392339149914
STU_010546,68.41412357766912
STU_010547,75.67061563159199
STU_010548,100.0
STU_010549,63.69225244398132
STU_010550,79.52176413553583
STU_010551,64.39363340107982
STU_010552,97.012259801731
STU_010553,95.5588759996685
STU_010554,89.47387124060421
STU_010555,75.72381538933341
STU_010556,61.227427240272945
STU_010557,77.78611272786141
STU_010558,77.64805937214685
STU_010559,75.5611866771942
STU_010560,76.12691227812911
STU_010561,95.88767515263157
STU_010562,58.946255620919345
STU_010563,63.43248154703501
STU_010564,64.97333565054363
STU_010565,88.59162398605946
STU_010566,61.03264071210867
STU_010567,72.74085902994537
STU_010568,79.84102056670842
STU_010569,91.3999217163918
STU_010570,58.84388895215322
STU_010571,88.835728889803
STU_010572,72.51939525856513
STU_010573,94.97859485289712
STU_010574,74.24901779476558
STU_010575,63.160085816442255
STU_010576,57.039250775292224
STU_010577,62.2494582281622
STU_010578,67.94437295662478
STU_010579,81.93127587099248
STU_010580,61.0280338696139
STU_010581,51.526866787149864
STU_010582,73.6522854618248
STU_010583,76.07637791850193
STU_010584,93.70057941561711
STU_010585,78.4445436292197
STU_010586,100.0
STU_010587,74.2438993552177
STU_010588,68.19224149172796
STU_010589,99.93217186021727
STU_010590,88.48165064063987
STU_010591,72.22470440808881
STU_010592,94.38869033829192
STU_010593,86.2738375648999
STU_010594,55.630634462869665
STU_010595,79.90060066791897
STU_010596,75.01369378232891
STU_010597,59.2525636501218
STU_010598,93.89077977748168
STU_010599,65.42367282339735
STU_010600,65.62288353179824
STU_010601,83.43741897145952
STU_010602,73.76234563524532
STU_010603,80.75305811930036
STU_010604,75.52148920041635
STU_010605,62.55588160962248
STU_010606,94.46886694467601
STU_010607,82.76604619098283
STU_010608,64.15115930851296
STU_010609,77.47327784667321
STU_010610,78.92854915034616
STU_010611,87.68008279339155
STU_010612,59.6243296748184
STU_010613,91.92788175600948
STU_010614,100.0
STU_010615,89.55856869961917
STU_010616,88.38261227588345
STU_010617,57.51197080092002
STU_010618,82.74873546699247
STU_010619,98.33679199230704
STU_010620,67.4763142710637
STU_010621,68.41449610726053
STU_010622,58.698138193683626
STU_010623,85.4740037418178
STU_010624,66.0728913508254
STU_010625,69.41335051071692
STU_010626,87.32522679750244
STU_010627,88.38774103573647
STU_010628,60.42097670340772
STU_010629,82.57744055265947
STU_010630,77.71652188776413
STU_010631,92.2455180678211
STU_010632,68.5132198722864
STU_010633,76.34251061614522
STU_010634,80.18200688597175
STU_010635,62.1921892889428
STU_010636,81.97836108742877
STU_010637,64.98575998842846
STU_010638,71.43245809804425
STU_010639,65.52780251429931
STU_010640,62.53053925485594
STU_010641,64.21207059589211
STU_010642,97.90547915831438
STU_010643,88.36504270930118
STU_010644,72.49896479770517
STU_010645,77.8962400649228
STU_010646,94.42632707839863
STU_010647,69.37034744589018
STU_010648,75.09123912878374
STU_010649,74.28599404759613
STU_010650,86.87909059875952
STU_010651,80.70416675644894
STU_010652,64.48869025401554
STU_010653,86.83316831529925
STU_010654,87.67852899958552
STU_010655,85.8447015205228
STU_010656,76.72213567008727
STU_010657,78.80134384111618
STU_010658,72.88753311488155
STU_010659,92.64475761626753
STU_010660,91.91073184937437
STU_010661,73.3813819376637
STU_010662,93.30714778927887
STU_010663,69.14415001173523
STU_010664,75.53647437877898
STU_010665,61.41703358599383
STU_010666,95.55436650103236
STU_010667,84.277777338224
STU_010668,69.05592415858379
STU_010669,77.70876092315572
STU_010670,86.03681985711478
STU_010671,65.99777514694874
STU_010672,58.5820540386291
STU_010673,87.47847273390698
STU_010674,97.71396316702294
STU_010675,94.4016806139977
STU_010676,77.8872174024147
STU_010677,79.52912308978814
STU_010678,77.72558988022854
STU_010679,69.57989825308654
STU_010680,92.89842139255798
STU_010681,84.22857937424112
STU_010682,52.67270261671966
STU_010683,71.21856434410958
STU_010684,80.18742395528139
STU_010685,86.15259823343015
STU_010686,75.41635697109623
STU_010687,65.15876436066125
STU_010688,97.79346041451433
STU_010689,89.31138154858915
STU_010690,99.87016871529627
STU_010691,75.48005395061838
STU_010692,89.82746923348964
STU_010693,72.4507387671811
STU_010694,66.99292289046221
STU_010695,61.88621181122733
STU_010696,55.798293669447325
STU_010697,70.62784157343103
STU_010698,90.98037764445434
STU_010699,84.6156860171198
STU_010700,90.4227202865039
STU_010701,83.44728833869247
STU_010702,68.53504937939124
STU_010703,98.35024612830854
STU_010704,100.0
STU_010705,77.01500803562796
STU_010706,90.53498244238214
STU_010707,75.10788487156026
STU_010708,77.99006678076313
STU_010709,62.80587782453676
STU_010710,59.81229440114283
STU_010711,100.0
STU_010712,53.38914898096494
STU_010713,89.14001566292666
STU_010714,63.415092654652625
STU_010715,80.60689863171493
STU_010716,56.84370687421299
STU_010717,84.07409622786079
STU_010718,77.72549529617999
STU_010719,81.73470191945566
STU_010720,54.04074459811404
STU_010721,65.34685919441641
STU_010722,100.0
STU_010723,72.70534181612801
STU_010724,82.56320269899871
STU_010725,64.54844877207051
STU_010726,64.36073840921264
STU_010727,53.08666139122025
STU_010728,70.66690853019387
STU_010729,91.69879537059565
STU_010730,93.60084081100472
STU_010731,69.01849224975858
STU_010732,76.23838611969688
STU_010733,96.42971835867208
STU_010734,83.39577069307252
STU_010735,73.5663343912598
STU_010736,65.10748140571424
STU_010737,67.54074351327044
STU_010738,67.74577683969338
STU_010739,69.5625643761453
STU_010740,67.01010749934339
STU_010741,82.50502308316467
STU_010742,67.20202355191779
STU_010743,97.81564282736444
STU_010744,77.34638627959438
STU_010745,65.74370693943308
STU_010746,73.07890821204333
STU_010747,87.36193378787526
STU_010748,76.32602322712378
STU_010749,86.14618485885204
STU_010750,77.81702010874515
STU_010751,76.44314636518105
STU_010752,65.26692402690772
STU_010753,76.71780360545753
STU_010754,85.41538180042906
STU_010755,63.49711720465144
STU_010756,89.1655356367122
STU_010757,58.20511143470065
STU_010758,84.98906653201752
STU_010759,90.71065565560373
STU_010760,83.98512333215385
STU_010761,74.10923221688438
STU_010762,75.21221555464437
STU_010763,63.657585718891454
STU_010764,53.54384283979221
STU_010765,82.65129892284783
STU_010766,64.93030716877124
STU_010767,73.96108878422326
STU_010768,55.16657593520081
STU_010769,88.74826864941927
STU_010770,69.74594663594695
STU_010771,50.60297386750044
STU_010772,70.19777621228012
STU_010773,86.04720007913629
STU_010774,85.96198959787044
STU_010775,92.2772257541431
STU_010776,46.08095185927008
STU_010777,79.97557507712943
STU_010778,56.294591288286796
STU_010779,62.597462282817155
STU_010780,82.153538188142
STU_010781,81.11935155469325
STU_010782,84.35783708232677
STU_010783,50.53606543879034
STU_010784,70.2001365843218
STU_010785,82.61285837741357
STU_010786,81.62639611892043
STU_010787,72.46770870409759
STU_010788,69.01759269924793
STU_010789,98.43809801855646
STU_010790,62.61695444937926
STU_010791,59.4388174040942
STU_010792,95.04119385121305
STU_010793,82.58652117552758
STU_010794,61.68539302338631
STU_010795,82.179293566565
STU_010796,78.4050256429975
STU_010797,55.58701045877063
STU_010798,63.20262775965437
STU_010799,86.07973683515006
STU_010800,63.70076473574037
STU_010801,63.069747729780005
STU_010802,84.83825683800039
STU_010803,75.53683453947173
STU_010804,55.62000340768226
STU_010805,71.43562337488498
STU_010806,83.35526594672197
STU_010807,93.34060768084109
STU_010808,67.19741711945215
STU_010809,100.0
STU_010810,83.65793164955248
STU_010811,72.28205541777278
STU_010812,79.93089682110758
STU_010813,95.93242022234287
STU_010814,69.0897721196327
STU_010815,88.4271442711485
STU_010816,99.85052378397178
STU_010817,87.65347923511254
STU_010818,82.8224025296955
STU_010819,78.99226181708883
STU_010820,91.62057498783352
STU_010821,97.44113370203114
STU_010822,61.10002403299843
STU_010823,92.6717073507551
STU_010824,89.9670070248404
STU_010825,82.79627161456648
STU_010826,81.54017092264613
STU_010827,58.83830527609971
STU_010828,67.96133552467624
STU_010829,70.20322392301262
STU_010830,76.70284372752116
STU_010831,90.39450507510504
STU_010832,93.36647864936835
STU_010833,83.88574215205288
STU_010834,67.9426570630131
STU_010835,80.43319411753076
STU_010836,83.84614196600506
STU_010837,77.02012601751065
STU_010838,91.70568050546534
STU_010839,67.44479901162224
STU_010840,78.79240481218525
STU_010841,86.96801995798336
STU_010842,88.58017420498669
STU_010843,73.70184164933708
STU_010844,55.94654577008578
STU_010845,90.46565597079426
STU_010846,81.46363030127725
STU_010847,100.0
STU_010848,74.69865549304173
STU_010849,77.85591984031781
STU_010850,63.23676405888333
STU_010851,93.47535187436912
STU_010852,63.64359423057143
STU_010853,85.82672206139301
STU_010854,89.7253311454556
STU_010855,69.21062367431773
STU_010856,56.70604848972417
STU_010857,68.6802028754346
STU_010858,55.00137482108829
STU_010859,65.30472456211398
STU_010860,90.75874775556048
STU_010861,75.59097035267233
STU_010862,65.9241564240003
STU_010863,78.62119364818076
STU_010864,88.38683297684541
STU_010865,77.51283033764726
STU_010866,92.19170198392561
STU_010867,55.56097509058566
STU_010868,66.01105590472802
STU_010869,78.67204979428406
STU_010870,66.49428205438983
STU_010871,85.87045956210542
STU_010872,79.8787629461799
STU_010873,51.28351826401968
STU_010874,68.02420938657762
STU_010875,83.78524913165468
STU_010876,67.91799250984981
STU_010877,75.87314816407793
STU_010878,76.45688679140568
STU_010879,64.6109294065426
STU_010880,83.00454885872338
STU_010881,97.9939034332941
STU_010882,77.30075097133042
STU_010883,77.45625907063254
STU_010884,62.15540289268573
STU_010885,64.19757936169259
STU_010886,96.77438543220609
STU_010887,59.76409361019475
STU_010888,85.96673729923637
STU_010889,93.17907227390424
STU_010890,75.66025817974796
STU_010891,97.39642431628494
STU_010892,82.80262520985102
STU_010893,71.32090675426078
STU_010894,82.52685646893049
STU_010895,69.29607238321444
STU_010896,71.63644855779933
STU_010897,67.76343983884102
STU_010898,85.26927681649762
STU_010899,61.5847296577384
STU_010900,66.5950164354801
STU_010901,62.035862294587815
STU_010902,92.482734532712
STU_010903,53.89949022659056
STU_010904,72.78839293654397
STU_010905,68.7967775902349
STU_010906,55.02563322878228
STU_010907,95.80712513408646
STU_010908,86.75272749207876
STU_010909,84.76662218114102
STU_010910,80.1445310284421
STU_010911,80.76174977244327
STU_010912,92.18757192417618
STU_010913,79.66290718232379
STU_010914,88.66882514334564
STU_010915,75.80400964946554
STU_010916,69.82507756492618
STU_010917,80.15965703370557
STU_010918,79.51861089206682
STU_010919,89.62566477823273
STU_010920,72.68631174367226
STU_010921,80.2741190736865
STU_010922,75.38791192482306
STU_010923,89.5599931586587
STU_010924,93.86384028371042
STU_010925,66.65995751794266
STU_010926,90.72191477820277
STU_010927,63.703067994923515
STU_010928,75.04416059716536
STU_010929,66.4161871622901
STU_010930,89.70053253913721
STU_010931,75.73456087788175
STU_010932,87.45686954300834
STU_010933,73.62229988984558
STU_010934,88.2236074233253
STU_010935,71.8566605841065
STU_010936,64.77848855772994
STU_010937,73.76012687171095
STU_010938,61.694514424953894
STU_010939,81.42455224557237
STU_010940,53.481866725721225
STU_010941,94.8215822588143
STU_010942,79.98398082857928
STU_010943,56.4347247610702
STU_010944,63.75246045999101
STU_010945,75.33072469669266
STU_010946,85.10455421140512
STU_010947,73.10345044137385
STU_010948,91.72790523015078
STU_010949,94.90829056856708
STU_010950,65.76388783249249
STU_010951,73.87283121388424
STU_010952,59.670482887395224
STU_010953,88.74804707022204
STU_010954,55.54844859855896
STU_010955,60.5754758178135
STU_010956,98.05183401995103
STU_010957,84.6293646862708
STU_010958,75.06583623331565
STU_010959,84.8056126141925
STU_010960,82.62604402887763
STU_010961,75.06476396364505
STU_010962,91.7883922464298
STU_010963,70.22971204614433
STU_010964,79.23320206670799
STU_010965,64.89163445319724
STU_010966,57.81386714127163
STU_010967,69.88145271853588
STU_010968,68.5300857369021
STU_010969,59.3189648538399
STU_010970,83.44664231620587
STU_010971,75.92105352431865
STU_010972,76.35935502220067
STU_010973,75.40859118575025
STU_010974,67.58801418174504
STU_010975,79.51649023095442
STU_010976,77.77766219875491
STU_010977,85.43922611527717
STU_010978,95.70923870081396
STU_010979,74.49068601456605
STU_010980,76.53136899189352
STU_010981,90.75138785020498
STU_010982,68.51519387582015
STU_010983,73.59520818087051
STU_010984,76.31472755689238
STU_010985,54.64052289719639
STU_010986,90.688899490315
STU_010987,90.17786356078405
STU_010988,70.6009059717512
STU_010989,84.871601452821
STU_010990,80.63832267903557
STU_010991,64.62732281460978
STU_010992,81.7405795670321
STU_010993,73.90337848324144
STU_010994,81.83911811025882
STU_010995,99.28549455083925
STU_010996,60.21539425027145
STU_010997,68.22132037474017
STU_010998,70.67322237431159
STU_010999,67.26897585411028
STU_011000,77.36497824442728
STU_011001,62.401621847029446
STU_011002,76.01246912541309
STU_011003,62.14489900995285
STU_011004,83.30523307650262
STU_011005,74.00476624319403
STU_011006,80.93584309582077
STU_011007,66.03846062949665
STU_011008,80.04969506534209
STU_011009,96.08415661642083
STU_011010,95.98000609650367
STU_011011,68.964137400693
STU_011012,80.11331072087737
STU_011013,55.56591209173575
STU_011014,63.03543885961336
STU_011015,97.47819646745637
STU_011016,62.327275780022404
STU_011017,75.97686997003227
STU_011018,85.40369622780847
STU_011019,64.67488486153117
STU_011020,88.67683748571282
STU_011021,63.695176824971554
STU_011022,85.61569829593041
STU_011023,71.16098561398422
STU_011024,78.68459305338826
STU_011025,67.20028275794377
STU_011026,76.03527402135006
STU_011027,74.06112224613618
STU_011028,91.54140104291038
STU_011029,80.64664479867079
STU_011030,61.99155674037728
STU_011031,60.22008796461392
STU_011032,62.77329676595454
STU_011033,54.96889907660003
STU_011034,71.90925504968617
STU_011035,87.86932360532252
STU_011036,93.79519909921233
STU_011037,93.6538548021126
STU_011038,84.94690100814486
STU_011039,59.60530498252112
STU_011040,77.50030206959231
STU_011041,58.68767944619495
STU_011042,62.813087230117375
STU_011043,69.65197744426082
STU_011044,62.65595057527928
STU_011045,97.64352793099494
STU_011046,82.684525128873
STU_011047,83.95278623660712
STU_011048,61.44026745515322
STU_011049,83.85758413213128
STU_011050,78.53092182784695
STU_011051,85.97724847399084
STU_011052,100.0
STU_011053,52.26677291260104
STU_011054,70.19331133628613
STU_011055,62.157813904806225
STU_011056,55.048883557987956
STU_011057,81.50814085828242
STU_011058,100.0
STU_011059,99.1510400920288
STU_011060,68.2887312103526
STU_011061,65.60259584089108
STU_011062,61.973608406257405
STU_011063,83.9756036464301
STU_011064,73.30576402796655
STU_011065,73.2305430596765
STU_011066,72.3878350055741
STU_011067,87.16788941621053
STU_011068,93.97274206193407
STU_011069,93.04440010238625
STU_011070,66.2371806296912
STU_011071,87.29741038641681
STU_011072,93.28147378023786
STU_011073,76.96632176110506
STU_011074,87.59831363001604
STU_011075,71.07660224915958
STU_011076,97.17240417946886
STU_011077,74.47153073347712
STU_011078,70.1307651177037
STU_011079,68.05880669199445
STU_011080,60.73690598886647
STU_011081,88.33271959469609
STU_011082,55.64420285160563
STU_011083,93.06248336565918
STU_011084,71.40413102369682
STU_011085,89.16947127603827
STU_011086,66.72803441327775
STU_011087,73.17721669437896
STU_011088,75.80852154757387
STU_011089,90.22871486137429
STU_011090,87.90245888541827
STU_011091,82.14471770728576
STU_011092,64.73045341106483
STU_011093,78.28804329992305
STU_011094,58.36093709215149
STU_011095,78.68288103905435
STU_011096,58.50354721233818
STU_011097,86.10959531204577
STU_011098,85.48261522048247
STU_011099,83.5035326308609
STU_011100,62.22233423675024
STU_011101,61.58605547587954
STU_011102,81.26932528167943
STU_011103,66.73813909680496
STU_011104,95.49239511036026
STU_011105,77.77224327450008
STU_011106,82.96211053496539
STU_011107,60.32598688764767
STU_011108,83.44295128141167
STU_011109,93.13233457376863
STU_011110,100.0
STU_011111,73.78973249962662
STU_011112,76.73261604261586
STU_011113,81.6839812227544
STU_011114,90.38186682967536
STU_011115,91.7825341169577
STU_011116,82.7665956581138
STU_011117,69.97918633624113
STU_011118,71.58541024417359
STU_011119,80.4391181658805
STU_011120,80.32455295880077
STU_011121,72.63167626288781
STU_011122,63.629649029527066
STU_011123,100.0
STU_011124,62.06031232593337
STU_011125,100.0
STU_011126,86.69478274855757
STU_011127,74.46911821917236
STU_011128,64.94550847007756
STU_011129,88.63266527499893
STU_011130,61.954791017545624
STU_011131,85.69255443677343
STU_011132,75.21089373523658
STU_011133,83.291666082179
STU_011134,56.390625877942064
STU_011135,56.13831775377227
STU_011136,93.20039328467112
STU_011137,77.86179049414703
STU_011138,100.0
STU_011139,71.28662821874725
STU_011140,86.80308318884023
STU_011141,51.94626636261982
STU_011142,95.27344362428207
STU_011143,82.43300963983215
STU_011144,65.17060010250154
STU_011145,68.25576981557329
STU_011146,66.34742281484564
STU_011147,92.23007146353945
STU_011148,93.27400093418017
STU_011149,89.59805506090646
STU_011150,82.34392475160773
STU_011151,94.58300160182567
STU_011152,62.70341070628001
STU_011153,74.51351924104479
STU_011154,73.42382324644367
STU_011155,71.53501281880565
STU_011156,75.52664699496755
STU_011157,56.62282357663249
STU_011158,69.7519952438088
STU_011159,67.31246293203387
STU_011160,55.609171694144514
STU_011161,90.93484076764561
STU_011162,71.40615092796143
STU_011163,69.96286077049481
STU_011164,87.20400936882953
STU_011165,77.37072024630633
STU_011166,77.67134864497432
STU_011167,67.53419682615153
STU_011168,82.9402851371264
STU_011169,88.04710503824585
STU_011170,66.04819924878512
STU_011171,75.22071178389002
STU_011172,99.16665594069079
STU_011173,91.30250097216259
STU_011174,70.26920048406951
STU_011175,64.45411955590532
STU_011176,78.91182942124296
STU_011177,73.40324449559424
STU_011178,91.040762415943
STU_011179,83.66648506600846
STU_011180,67.28243993207698
STU_011181,79.14280339552487
STU_011182,93.49798480827502
STU_011183,57.322826459530475
STU_011184,80.48427566745178
STU_011185,77.53519816234248
STU_011186,49.146656641691706
STU_011187,80.30178621292622
STU_011188,76.80861809268322
STU_011189,49.378208244503696
STU_011190,81.31068024044026
STU_011191,94.37623397062787
STU_011192,79.90391065019183
STU_011193,70.5182100076935
STU_011194,82.06756402503646
STU_011195,77.88022709239765
STU_011196,88.18975088666886
STU_011197,96.78457322975244
STU_011198,79.46448213221065
STU_011199,89.33066983075702
STU_011200,72.52159659144255
STU_011201,52.76314962763203
STU_011202,65.22306683287027
STU_011203,77.69924837491097
STU_011204,85.74574277691929
STU_011205,86.285131687534
STU_011206,81.326097037597
STU_011207,60.34334059619612
STU_011208,73.90616641959258
STU_011209,76.4101540152874
STU_011210,71.30333183556418
STU_011211,76.79537941122192
STU_011212,74.10145178760648
STU_011213,84.8047488033952
STU_011214,59.72891594488394
STU_011215,92.92615191224085
STU_011216,60.289875249108995
STU_011217,100.0
STU_011218,64.24979995916672
STU_011219,87.72433647683535
STU_011220,66.50656215767994
STU_011221,80.82805325680995
STU_011222,90.58661847414533
STU_011223,66.81740501256787
STU_011224,96.88342062268775
STU_011225,49.16104802225978
STU_011226,83.28346702832982
STU_011227,63.63769947115987
STU_011228,93.75901365497936
STU_011229,80.67744985145522
STU_011230,76.43771855289893
STU_011231,91.44287948739976
STU_011232,86.9382189456799
STU_011233,72.95689827352676
STU_011234,77.99029262061853
STU_011235,98.0880093895847
STU_011236,64.08601139300099
STU_011237,62.93842397523595
STU_011238,69.69154423640269
STU_011239,80.1419409819622
STU_011240,89.0733809296465
STU_011241,96.65742095780341
STU_011242,68.5817587288394
STU_011243,65.37921457943762
STU_011244,55.95187027690584
STU_011245,73.261883416593
STU_011246,73.27794823491803
STU_011247,86.94156527001454
STU_011248,70.72764888179074
STU_011249,69.01355155779076
STU_011250,70.36841680127932
STU_011251,75.19055414836096
STU_011252,78.30334045844334
STU_011253,77.35444660154938
STU_011254,98.38951260078397
STU_011255,86.86617531705001
STU_011256,77.20423625978454
STU_011257,55.976152464351834
STU_011258,77.3486511536544
STU_011259,78.87560474272499
STU_011260,100.0
STU_011261,65.38994911114635
STU_011262,87.90688075945936
STU_011263,60.268998494167356
STU_011264,49.191975802051296
STU_011265,77.17435818957587
STU_011266,79.48268642082685
STU_011267,90.25514836495977
STU_011268,68.78691739197232
STU_011269,90.36481898889359
STU_011270,75.96652723615951
STU_011271,77.64709473975803
STU_011272,89.58189966869286
STU_011273,76.19155931670836
STU_011274,83.34253123247521
STU_011275,74.55872521858491
STU_011276,81.02174813409503
STU_011277,73.54651686447973
STU_011278,73.33018720347962
STU_011279,98.51390206778291
STU_011280,78.37512455923596
STU_011281,70.81508513886008
STU_011282,88.60894305699381
STU_011283,77.40393476966108
STU_011284,58.42531003257634
STU_011285,93.21846734857107
STU_011286,79.20294584795244
STU_011287,70.3338901058067
STU_011288,72.96065915880601
STU_011289,63.559363612662494
STU_011290,72.34950555692504
STU_011291,86.25549621842674
STU_011292,44.64908127091446
STU_011293,92.08344740916007
STU_011294,74.91381670060059
STU_011295,76.89391424403395
STU_011296,95.65629978600461
STU_011297,71.86862320501314
STU_011298,57.49119568918612
STU_011299,84.84149284355274
STU_011300,91.91799550352405
STU_011301,100.0
STU_011302,71.85184801738704
STU_011303,80.87581063138084
STU_011304,83.9525558848172
STU_011305,70.97530414926607
STU_011306,73.09077776306982
STU_011307,61.52695362201999
STU_011308,51.197625617133056
STU_011309,78.85650887118014
STU_011310,53.70465838947888
STU_011311,82.56536788918459
STU_011312,70.54592244593081
STU_011313,86.62374958314874
STU_011314,64.14115291079412
STU_011315,80.94950782981158
STU_011316,60.11298766918497
STU_011317,73.12125424694052
STU_011318,60.727904507936145
STU_011319,84.46469236110012
STU_011320,60.3045245703293
STU_011321,87.52490257454559
STU_011322,64.45361616810123
STU_011323,49.99267889115981
STU_011324,64.97966377206298
STU_011325,60.21919116350991
STU_011326,76.4402514652299
STU_011327,78.6265938155612
STU_011328,86.89416445334051
STU_011329,63.07438347548578
STU_011330,53.50090479718027
STU_011331,60.25502908043307
STU_011332,85.89736236219453
STU_011333,61.093509097043075
STU_011334,84.73524906161875
STU_011335,68.23279964917418
STU_011336,61.95305348100198
STU_011337,78.9563257150387
STU_011338,90.19907384612509
STU_011339,73.25676417150652
STU_011340,76.75747252089516
STU_011341,97.60769935819789
STU_011342,81.19937270212404
STU_011343,83.60382990975454
STU_011344,47.321006356627805
STU_011345,66.04442055674109
STU_011346,73.48523196981657
STU_011347,99.01690438626862
STU_011348,78.995675267219
STU_011349,100.0
STU_011350,67.41236634836518
STU_011351,74.99690049698754
STU_011352,81.68439550244896
STU_011353,70.50600333372195
STU_011354,92.6291781210914
STU_011355,70.10352597258057
STU_011356,85.11948388519554
STU_011357,67.90704487996152
STU_011358,94.62786187153895
STU_011359,100.0
STU_011360,100.0
STU_011361,68.9354390456042
STU_011362,79.44699084563902
STU_011363,100.0
STU_011364,91.63780553427257
STU_011365,65.10340553100946
STU_011366,88.04386497243306
STU_011367,73.43404965661419
STU_011368,84.38270876324745
STU_011369,74.76223457417821
STU_011370,81.64309681162919
STU_011371,65.26555691636048
STU_011372,96.67524446184692
STU_011373,66.36908316143118
STU_011374,75.48323541454285
STU_011375,89.50832196753288
STU_011376,52.432656495692996
STU_011377,100.0
STU_011378,87.98700413003193
STU_011379,81.93899496002497
STU_011380,72.53935437950813
STU_011381,64.66687486410311
STU_011382,80.20164816105333
STU_011383,91.08166822999425
STU_011384,73.41050352697434
STU_011385,75.08048563497363
STU_011386,67.08420501620735
STU_011387,56.28038943120159
STU_011388,63.97381481800084
STU_011389,61.122960539484254
STU_011390,90.83346957787367
STU_011391,55.00948201320579
STU_011392,73.90443942340545
STU_011393,72.18197633444836
STU_011394,81.96380230957107
STU_011395,83.75404468940296
STU_011396,86.98328315403867
STU_011397,65.83472002607334
STU_011398,100.0
STU_011399,70.0292701939718
STU_011400,71.50358284372197
STU_011401,77.21964603020662
STU_011402,75.35050456991023
STU_011403,78.66771023741644
STU_011404,99.72941628604522
STU_011405,79.58033511449872
STU_011406,84.41105810079992
STU_011407,96.23008073385803
STU_011408,76.59895572516322
STU_011409,84.51723439647775
STU_011410,73.73111654076267
STU_011411,94.46371533306487
STU_011412,74.88364337115476
STU_011413,64.4731548494817
STU_011414,91.98704799736934
STU_011415,73.50198540500993
STU_011416,96.72199360613993
STU_011417,75.03057417663437
STU_011418,63.400841220333106
STU_011419,72.1947874277252
STU_011420,93.44372053128006
STU_011421,92.70444744946504
STU_011422,77.8979292765074
STU_011423,64.9928020977907
STU_011424,73.28890241036501
STU_011425,71.52838545717054
STU_011426,98.30169808031808
STU_011427,62.863040948373545
STU_011428,93.62978870319277
STU_011429,72.85958269341047
STU_011430,77.84333042443923
STU_011431,77.32167750104269
STU_011432,68.73462491362841
STU_011433,93.66974179080327
STU_011434,96.66478822124623
STU_011435,74.2356728758286
STU_011436,87.74289619895816
STU_011437,64.1880445588054
STU_011438,66.81030555731567
STU_011439,74.56211068765462
STU_011440,66.83868122788753
STU_011441,75.53746924355818
STU_011442,76.9063207832175
STU_011443,71.51304177970381
STU_011444,74.92683815733638
STU_011445,71.24729827787668
STU_011446,58.18067860592058
STU_011447,91.92628550877838
STU_011448,62.90725729365218
STU_011449,71.3551722645012
STU_011450,82.07244335549011
STU_011451,80.05129653414362
STU_011452,70.5348351358069
STU_011453,71.05560042042484
STU_011454,65.29722520821076
STU_011455,51.745057265572605
STU_011456,90.2499923080199
STU_011457,66.46800572481591
STU_011458,96.2960817330808
STU_011459,73.70176854583644
STU_011460,80.16979082649193
STU_011461,79.45622696085788
STU_011462,84.51769803569115
STU_011463,80.87157851843145
STU_011464,74.34909912017545
STU_011465,64.96823419509946
STU_011466,82.07498024721089
STU_011467,76.00783090868173
STU_011468,66.9252375386269
STU_011469,74.69841723335422
STU_011470,95.62364165685682
STU_011471,58.7002985729856
STU_011472,69.95494741835232
STU_011473,77.22750766804445
STU_011474,92.66215360376593
STU_011475,86.46730410872573
STU_011476,89.88158387344757
STU_011477,98.64180488316444
STU_011478,48.95284519505752
STU_011479,61.35324386796729
STU_011480,96.21312160526341
STU_011481,71.12590808120446
STU_011482,62.51904977866396
STU_011483,93.90822423864421
STU_011484,75.46208178802509
STU_011485,74.05175313943387
STU_011486,61.195127599695006
STU_011487,82.4502068766698
STU_011488,74.94489822966827
STU_011489,69.81549216254473
STU_011490,77.62561760695434
STU_011491,59.28913613181429
STU_011492,81.10369768018612
STU_011493,95.3826929681248
STU_011494,81.78439305244163
STU_011495,85.61953555553147
STU_011496,94.61450980928541
STU_011497,77.04112741818142
STU_011498,76.38838166563707
STU_011499,81.1523023142597
STU_011500,75.4715126642307
STU_011501,67.07748035000967
STU_011502,48.790490033070256
STU_011503,88.5987075903282
STU_011504,61.03181343972614
STU_011505,73.35789957891006
STU_011506,58.65463552758803
STU_011507,69.49551258535813
STU_011508,83.71856715945584
STU_011509,66.41773160910256
STU_011510,82.40422802489736
STU_011511,97.58487613968751
STU_011512,51.804484444598884
STU_011513,75.74706649847332
STU_011514,78.38910117960059
STU_011515,67.01846778180985
STU_011516,82.58609634607419
STU_011517,85.2388674505421
STU_011518,97.34556508276334
STU_011519,61.23537061599251
STU_011520,51.18874846377477
STU_011521,52.974513752580435
STU_011522,100.0
STU_011523,74.7781038542326
STU_011524,87.55650204484093
STU_011525,98.43066161629697
STU_011526,83.08936590812785
STU_011527,84.91084474741068
STU_011528,84.72912505183265
STU_011529,83.43108247034122
STU_011530,63.1274039298002
STU_011531,78.29609550398379
STU_011532,73.32157467135947
STU_011533,73.3508737903439
STU_011534,73.41754213265786
STU_011535,68.21729445861762
STU_011536,57.74313770997676
STU_011537,50.73079268998447
STU_011538,74.21050253206081
STU_011539,70.16938160675751
STU_011540,73.95085961599607
STU_011541,81.11660058833289
STU_011542,65.01564756803081
STU_011543,80.10492240645205
STU_011544,86.66059762814311
STU_011545,88.96159477770736
STU_011546,60.879411116296495
STU_011547,91.68445759192198
STU_011548,81.09120864992647
STU_011549,62.46702911725086
STU_011550,81.9459773790575
STU_011551,72.79155939382426
STU_011552,58.66856271672817
STU_011553,75.09371759928715
STU_011554,81.21034809097009
STU_011555,84.10713659952256
STU_011556,100.0
STU_011557,61.99362991071251
STU_011558,100.0
STU_011559,91.50789326741184
STU_011560,98.01022465486889
STU_011561,68.73847846157715
STU_011562,98.20152953171839
STU_011563,96.0550299405623
STU_011564,55.81147103293902
STU_011565,72.21270613033754
STU_011566,68.61389662354901
STU_011567,60.23476098900843
STU_011568,60.852970210579244
STU_011569,76.9044564405891
STU_011570,99.89835703976439
STU_011571,78.48759726971923
STU_011572,87.3140613870077
STU_011573,76.62855640451146
STU_011574,70.13609203709802
STU_011575,71.0279155968357
STU_011576,73.9406997285045
STU_011577,65.09158362148864
STU_011578,67.92805054253608
STU_011579,68.2672506573915
STU_011580,91.95578652140824
STU_011581,59.83285497993922
STU_011582,85.7245671636391
STU_011583,67.3902168090132
STU_011584,87.30906971476523
STU_011585,85.59799369174426
STU_011586,82.32337532946076
STU_011587,95.75776981426823
STU_011588,89.89274328952418
STU_011589,82.95168581274251
STU_011590,69.11363662449462
STU_011591,66.06298829441816
STU_011592,95.02949842541109
STU_011593,74.16583390416378
STU_011594,98.60197050062642
STU_011595,94.895121243947
STU_011596,78.65076782325983
STU_011597,65.52889977550052
STU_011598,80.4981310396212
STU_011599,62.63653681057489
STU_011600,57.407871928225106
STU_011601,72.64952758362367
STU_011602,90.14775857934879
STU_011603,62.0443442377507
STU_011604,82.28626592635369
STU_011605,83.8430388326951
STU_011606,62.93451082908637
STU_011607,94.94637818444981
STU_011608,88.72266024355497
STU_011609,64.18012321401362
STU_011610,80.88135737140864
STU_011611,57.78821095756265
STU_011612,82.7421632444261
STU_011613,66.82302391091707
STU_011614,61.2196148651666
STU_011615,92.47594959580711
STU_011616,91.278186693842
STU_011617,70.09817864350006
STU_011618,70.93764671380184
STU_011619,78.49971692564537
STU_011620,58.561818484182595
STU_011621,71.22559278131794
STU_011622,73.12253663235556
STU_011623,62.26645237122112
STU_011624,85.32423555193611
STU_011625,97.63488250303347
STU_011626,79.38047855767655
STU_011627,68.16054188709347
STU_011628,69.85300799189386
STU_011629,67.90303342965149
STU_011630,95.47535983926772
STU_011631,52.40724218796268
STU_011632,61.81255868922457
STU_011633,100.0
STU_011634,49.97599414248673
STU_011635,92.7324525009115
STU_011636,66.23370218511104
STU_011637,72.80082040969684
STU_011638,83.31642024619717
STU_011639,89.80387463035062
STU_011640,90.65961282933215
STU_011641,77.0269303409004
STU_011642,77.86657820373904
STU_011643,62.04630736646586
STU_011644,92.18198533818101
STU_011645,96.36120738005813
STU_011646,75.34883598887254
STU_011647,78.78702167874921
STU_011648,77.24425088292708
STU_011649,86.53888668628773
STU_011650,90.78167430338725
STU_011651,64.47492187912654
STU_011652,58.5380560714735
STU_011653,100.0
STU_011654,66.92155952733974
STU_011655,74.16975673342881
STU_011656,61.15886217765747
STU_011657,41.91686639695772
STU_011658,100.0
STU_011659,64.13151050855427
STU_011660,83.58481641323415
STU_011661,100.0
STU_011662,85.55995441382571
STU_011663,93.841940896651
STU_011664,90.21158812629524
STU_011665,64.0086788891368
STU_011666,67.89504601074073
STU_011667,60.164038939207735
STU_011668,75.8810163731043
STU_011669,62.02989109997753
STU_011670,89.57458909684429
STU_011671,78.48762596571454
STU_011672,88.80659385238651
STU_011673,74.05872076737306
STU_011674,61.63842913256651
STU_011675,85.25134960840836
STU_011676,71.82469302400698
STU_011677,81.65025352210786
STU_011678,54.90327604782215
STU_011679,94.8908899513795
STU_011680,89.98741880381888
STU_011681,95.33654073983682
STU_011682,46.395689396088265
STU_011683,72.16839020447526
STU_011684,60.99292207191196
STU_011685,59.24431863805387
STU_011686,73.54770954832962
STU_011687,87.56356904083441
STU_011688,85.32279323428585
STU_011689,70.02209889592156
STU_011690,73.1012973756063
STU_011691,99.01442625986054
STU_011692,79.08451679832352
STU_011693,85.72426047282877
STU_011694,91.08351431024057
STU_011695,90.36097964269902
STU_011696,89.03229453653432
STU_011697,65.94204819542975
STU_011698,66.62078043899987
STU_011699,79.7820474322637
STU_011700,62.33534642977387
STU_011701,77.82644712510253
STU_011702,83.39813385717372
STU_011703,90.69094291444728
STU_011704,82.54649589534021
STU_011705,77.35556277275367
STU_011706,91.5789818635403
STU_011707,72.32386959929087
STU_011708,77.32169901638211
STU_011709,85.9032613519519
STU_011710,78.62568698375071
STU_011711,82.34747834292446
STU_011712,56.86540178493513
STU_011713,93.56840878666485
STU_011714,72.29331776784083
STU_011715,87.44783711565445
STU_011716,86.67036318092718
STU_011717,71.16135346152068
STU_011718,86.45097178448624
STU_011719,76.45352793658118
STU_011720,96.58300381525117
STU_011721,63.067914772955895
STU_011722,64.50045510697296
STU_011723,75.41818615842308
STU_011724,92.44170241652884
STU_011725,77.90012432712733
STU_011726,56.69119996847559
STU_011727,61.959347701872204
STU_011728,57.01606994649141
STU_011729,74.3551911523867
STU_011730,74.77666450437805
STU_011731,95.68042056045127
STU_011732,87.69155238321753
STU_011733,78.6013161182833
STU_011734,91.19104061380945
STU_011735,78.13012442584905
STU_011736,69.96005164432356
STU_011737,69.1372985142388
STU_011738,89.31381840106269
STU_011739,90.37878093473205
STU_011740,86.67048916545252
STU_011741,79.66029506567622
STU_011742,62.33288548281368
STU_011743,57.92737049882257
STU_011744,73.7322285649464
STU_011745,60.03543443193811
STU_011746,69.48841415801513
STU_011747,88.83508338806885
STU_011748,72.05096237169514
STU_011749,73.6877103967336
STU_011750,94.1221602103245
STU_011751,67.3862550957032
STU_011752,67.90852141735458
STU_011753,51.047985908050315
STU_011754,80.8013538522035
STU_011755,76.71815289954426
STU_011756,85.41897236737047
STU_011757,77.458819118786
STU_011758,97.53254139629865
STU_011759,72.31709716200176
STU_011760,84.7104734329722
STU_011761,87.3324125402805
STU_011762,73.84252317997613
STU_011763,80.46181671020302
STU_011764,63.38357903839165
STU_011765,79.55019285779727
STU_011766,50.83867395008853
STU_011767,61.28821687185163
STU_011768,91.93708253567372
STU_011769,63.10180537652756
STU_011770,95.71447045287057
STU_011771,66.7276403394183
STU_011772,64.21096484523471
STU_011773,63.84149897242315
STU_011774,62.59380032703034
STU_011775,80.91286228223163
STU_011776,68.33081752906715
STU_011777,75.44703370380788
STU_011778,89.01372714815389
STU_011779,80.68133291987613
STU_011780,74.90478379939677
STU_011781,60.27071817874953
STU_011782,88.0538400596439
STU_011783,73.55384179840243
STU_011784,73.35656564318991
STU_011785,67.02359901841244
STU_011786,81.5137558343087
STU_011787,69.62461051184151
STU_011788,70.00547234952268
STU_011789,62.73506721140552
STU_011790,82.92143903677578
STU_011791,95.75908046358498
STU_011792,81.19914372923085
STU_011793,63.123478457893356
STU_011794,57.09788975755164
STU_011795,61.4258974161325
STU_011796,98.97339370906926
STU_011797,64.17598840244051
STU_011798,63.04606943821414
STU_011799,100.0
STU_011800,68.64998113705308
STU_011801,84.3904674431759
STU_011802,89.27279455080206
STU_011803,71.07890812222796
STU_011804,69.58924508003426
STU_011805,68.00542572876516
STU_011806,68.05963166709051
STU_011807,84.80141449119027
STU_011808,86.8685190608638
STU_011809,89.21916963965711
STU_011810,90.36034499644381
STU_011811,88.78163288426711
STU_011812,68.46742453971142
STU_011813,73.61964545113969
STU_011814,91.77835391151773
STU_011815,64.18137223249445
STU_011816,77.40997724897511
STU_011817,96.42522090580476
STU_011818,79.66668663221952
STU_011819,71.92556905075789
STU_011820,71.22678206731874
STU_011821,70.03594614190234
STU_011822,99.39142459006769
STU_011823,69.26991418020089
STU_011824,70.52191420615281
STU_011825,79.01083349768754
STU_011826,70.07236084702423
STU_011827,71.59421706707558
STU_011828,74.14180431398755
STU_011829,75.98443511078091
STU_011830,66.48120868600533
STU_011831,69.28611855642225
STU_011832,69.26425127646982
STU_011833,67.04917968200752
STU_011834,66.28432859718188
STU_011835,77.51661167806117
STU_011836,74.80629361547517
STU_011837,69.89564952304792
STU_011838,69.88781988116197
STU_011839,88.57317757586863
STU_011840,79.28119690307845
STU_011841,81.52244475244316
STU_011842,57.57938440319837
STU_011843,58.552880940167825
STU_011844,88.45033172230208
STU_011845,69.9049818678056
STU_011846,88.80215389597844
STU_011847,71.61987120409168
STU_011848,97.51376407440102
STU_011849,77.82465307714153
STU_011850,70.69646332951739
STU_011851,87.42239743306129
STU_011852,90.97064925303961
STU_011853,84.74729277868703
STU_011854,73.3572832355212
STU_011855,89.1864214366578
STU_011856,82.12496299639567
STU_011857,80.14087119997363
STU_011858,81.28201731334538
STU_011859,73.44419922761597
STU_011860,71.52136141131042
STU_011861,67.18629901089189
STU_011862,69.95410997705932
STU_011863,99.2101026809126
STU_011864,52.21458315014264
STU_011865,81.09053040784369
STU_011866,63.96335416522828
STU_011867,87.06366663456015
STU_011868,79.29993591008359
STU_011869,73.82714059892581
STU_011870,90.8349995885008
STU_011871,64.19290991879109
STU_011872,67.59340393453219
STU_011873,79.45007593275956
STU_011874,65.32445907013346
STU_011875,63.72633837189867
STU_011876,68.21277299482483
STU_011877,92.20904233722754
STU_011878,56.129264908351836
STU_011879,77.776192942581
STU_011880,62.86147310202551
STU_011881,60.2724524795987
STU_011882,83.41979033514511
STU_011883,55.12357913816663
STU_011884,69.7181092190136
STU_011885,60.83520522893361
STU_011886,73.64650922829438
STU_011887,77.06228415853803
STU_011888,80.25621699371362
STU_011889,46.40420679355776
STU_011890,60.04422394785255
STU_011891,80.76660380856937
STU_011892,100.0
STU_011893,88.22377228780846
STU_011894,71.20416095773977
STU_011895,90.9973077121404
STU_011896,57.31780961640754
STU_011897,72.80176650100309
STU_011898,100.0
STU_011899,58.10348582722368
STU_011900,78.31550286781375
STU_011901,76.16460863588938
STU_011902,53.49917033666523
STU_011903,74.05068325865572
STU_011904,79.32912253000818
STU_011905,70.34176977541766
STU_011906,80.43386621492762
STU_011907,81.39377945696047
STU_011908,96.45084449031442
STU_011909,48.93546347290282
STU_011910,88.25794985005413
STU_011911,72.55042829084088
STU_011912,92.15078845371707
STU_011913,72.34561822707693
STU_011914,87.95792756721627
STU_011915,76.25856695607847
STU_011916,69.84033708215071
STU_011917,85.92025644734349
STU_011918,78.15561037807929
STU_011919,100.0
STU_011920,76.39613673990625
STU_011921,72.1715815550512
STU_011922,80.26227060314757
STU_011923,61.07947259282125
STU_011924,69.75096201235996
STU_011925,44.57330905160045
STU_011926,70.5984018301413
STU_011927,70.95282488097526
STU_011928,70.2148651236276
STU_011929,82.48597047567657
STU_011930,86.48046200738236
STU_011931,86.12064521226668
STU_011932,68.39979660945102
STU_011933,54.636351388887405
STU_011934,82.9602719397927
STU_011935,57.62676818458432
STU_011936,90.96040643986734
STU_011937,70.78363363272835
STU_011938,60.18477758333142
STU_011939,91.53681652240763
STU_011940,80.64794887633808
STU_011941,80.50694986098388
STU_011942,89.13748519461112
STU_011943,70.66810102053651
STU_011944,68.53141376392188
STU_011945,75.04530884772349
STU_011946,98.41589342895008
STU_011947,86.74432117493897
STU_011948,63.431423067137196
STU_011949,78.75036073437248
STU_011950,75.24950440449629
STU_011951,89.38326968822054
STU_011952,67.61394325173406
STU_011953,52.95086113864633
STU_011954,90.27596623192217
STU_011955,61.96495480662228
STU_011956,93.96576001701894
STU_011957,61.79518475051773
STU_011958,94.52666784931222
STU_011959,78.58965625806478
STU_011960,92.9512793414153
STU_011961,91.78165266526146
STU_011962,77.95745208104287
STU_011963,85.62790364616244
STU_011964,68.17708795877778
STU_011965,76.33744646180305
STU_011966,90.96475537591706
STU_011967,57.0531598376733
STU_011968,89.442796369474
STU_011969,57.9736671076758
STU_011970,79.00746229625855
STU_011971,57.42952072644592
STU_011972,88.71874874102222
STU_011973,66.83230511192187
STU_011974,94.85162383206688
STU_011975,75.78556445027075
STU_011976,68.95368856911496
STU_011977,83.84706580184832
STU_011978,61.404185695935595
STU_011979,78.29631525059416
STU_011980,78.61204288026808
STU_011981,80.41511227092427
STU_011982,94.6884414749882
STU_011983,69.76006877784597
STU_011984,80.34378015955156
STU_011985,79.42112621784983
STU_011986,68.89139580830877
STU_011987,56.85457268319965
STU_011988,76.39747649833696
STU_011989,72.3058301435219
STU_011990,92.03653502642884
STU_011991,62.08447510018799
STU_011992,46.61879870517871
STU_011993,70.33559299239462
STU_011994,64.97543701963046
STU_011995,76.45236447072296
STU_011996,69.70342417669991
STU_011997,85.59860125749694
STU_011998,94.31686351959316
STU_011999,100.0
STU_012000,88.65074914669044
STU_012001,86.36761282513554
STU_012002,74.97799481918194
STU_012003,78.65285350440229
STU_012004,69.82209392757674
STU_012005,75.43627255773126
STU_012006,93.00337815907089
STU_012007,62.38282994880031
STU_012008,76.71291802725302
STU_012009,71.40690421527687
STU_012010,44.47114271944734
STU_012011,61.08707681782085
STU_012012,73.42403288503944
STU_012013,70.93122389809535
STU_012014,56.99709723699283
STU_012015,70.57429448181966
STU_012016,54.639443802616164
STU_012017,73.47972753766027
STU_012018,88.19208308568425
STU_012019,95.12623842515168
STU_012020,61.530110555499675
STU_012021,66.19251677676476
STU_012022,73.25901293356125
STU_012023,74.54642901171106
STU_012024,93.16849801317974
STU_012025,86.99825421510984
STU_012026,65.53426415888906
STU_012027,94.05880029860523
STU_012028,94.69810255950856
STU_012029,63.44275404823811
STU_012030,84.38275902569073
STU_012031,90.86404095743269
STU_012032,68.00436527907755
STU_012033,66.5052997140443
STU_012034,96.34260433350794
STU_012035,70.06934588364308
STU_012036,69.88934423286393
STU_012037,84.85782124694198
STU_012038,63.786854534928004
STU_012039,69.22595430285517
STU_012040,94.05189082178612
STU_012041,72.06364773186226
STU_012042,87.32723492469907
STU_012043,69.30417195467668
STU_012044,71.89572121351505
STU_012045,53.555262326679035
STU_012046,85.74263733396857
STU_012047,94.0900695672376
STU_012048,56.44543151853634
STU_012049,73.01475726013281
STU_012050,75.9946000250031
STU_012051,39.37381006876099
STU_012052,84.45461985637546
STU_012053,84.10785812330077
STU_012054,66.85093923686509
STU_012055,78.37504065093495
STU_012056,98.10557333859462
STU_012057,89.9924660645489
STU_012058,65.51024573137488
STU_012059,55.51109550221615
STU_012060,72.72838341790036
STU_012061,63.26634709282457
STU_012062,90.1944980612161
STU_012063,58.99946548426436
STU_012064,64.99573484068344
STU_012065,86.43545711432697
STU_012066,73.62383297985917
STU_012067,77.1178773510779
STU_012068,64.58838958291186
STU_012069,67.69228341964944
STU_012070,81.3997267329966
STU_012071,73.99277096309852
STU_012072,73.09280876167783
STU_012073,89.89809683430076
STU_012074,87.21034526867122
STU_012075,51.46938781147238
STU_012076,64.18649914332043
STU_012077,64.94396725185995
STU_012078,69.47114296158135
STU_012079,76.22683079516031
STU_012080,75.95875368488568
STU_012081,50.54613788221146
STU_012082,92.65288720184276
STU_012083,69.0681621185284
STU_012084,76.3744326370132
STU_012085,97.02750395099204
STU_012086,79.66627109269565
STU_012087,77.51248000895538
STU_012088,76.6833786157132
STU_012089,76.41289752118952
STU_012090,94.75672792625107
STU_012091,83.91758596345522
STU_012092,80.12654306560916
STU_012093,77.2856891775271
STU_012094,78.63151698967516
STU_012095,60.300079864921834
STU_012096,77.02418189347217
STU_012097,75.95302963037463
STU_012098,65.04228173126977
STU_012099,77.96909995093306
STU_012100,92.52112040695442
STU_012101,90.98064495105886
STU_012102,66.96866968959864
STU_012103,77.60463734387287
STU_012104,59.05790774442471
STU_012105,84.75268127921098
STU_012106,89.19048770681971
STU_012107,79.68526531487318
STU_012108,90.84203843919222
STU_012109,75.64507243822236
STU_012110,74.72141886350589
STU_012111,51.27556828142621
STU_012112,82.23969138533697
STU_012113,90.49625312035587
STU_012114,73.3424473880697
STU_012115,73.55661050373035
STU_012116,75.98435457177592
STU_012117,92.82147886324623
STU_012118,66.78429537970825
STU_012119,94.00608443861697
STU_012120,66.23006163165527
STU_012121,70.57175167282003
STU_012122,67.50205991683667
STU_012123,83.96478182617052
STU_012124,71.75319667015792
STU_012125,76.29967308091324
STU_012126,77.65947265960182
STU_012127,75.66806304618603
STU_012128,74.88919476844293
STU_012129,74.54514790706597
STU_012130,63.74519000716113
STU_012131,52.099808618821854
STU_012132,82.51773700247054
STU_012133,80.57439028089253
STU_012134,61.897658090144816
STU_012135,67.05602750027111
STU_012136,54.98411356973177
STU_012137,70.50880302753684
STU_012138,62.09656145237506
STU_012139,69.82783580274634
STU_012140,72.8357409406903
STU_012141,61.90167563729877
STU_012142,78.88956542134322
STU_012143,100.0
STU_012144,84.05355595005355
STU_012145,76.63054047284945
STU_012146,78.71833791100505
STU_012147,67.0266545816369
STU_012148,72.58001406001672
STU_012149,83.98624541770695
STU_012150,77.34708599081713
STU_012151,81.84069938164585
STU_012152,55.337719988949424
STU_012153,72.34411938619951
STU_012154,81.5289351359813
STU_012155,64.61426951162164
STU_012156,73.39990071739082
STU_012157,83.53768289451534
STU_012158,89.43423725286462
STU_012159,84.21660546409255
STU_012160,91.06661394254758
STU_012161,94.59932554689641
STU_012162,84.39217025972056
STU_012163,98.73260576640182
STU_012164,46.932914439632754
STU_012165,70.90588752551498
STU_012166,67.05820897503315
STU_012167,92.89729636926924
STU_012168,55.369053590177714
STU_012169,60.886290046235295
STU_012170,71.30046654930192
STU_012171,79.91564718144384
STU_012172,92.6005250587604
STU_012173,93.88257331525985
STU_012174,83.54854517768578
STU_012175,81.82503258486724
STU_012176,70.23940060671137
STU_012177,71.98865497163146
STU_012178,87.87987872634015
STU_012179,69.91696442501569
STU_012180,80.8552424690903
STU_012181,95.84880797101408
STU_012182,74.30338795171205
STU_012183,89.54385806857476
STU_012184,71.99106960988313
STU_012185,73.69101793839943
STU_012186,91.72802131821085
STU_012187,52.371230455184886
STU_012188,62.08036965788572
STU_012189,61.86825734013813
STU_012190,86.82972505886174
STU_012191,74.4280309626918
STU_012192,70.8684406666115
STU_012193,65.31482928458058
STU_012194,82.1855477380558
STU_012195,66.07726642434771
STU_012196,50.094841217400145
STU_012197,85.59173003822507
STU_012198,67.24686270340437
STU_012199,83.57138892864049
STU_012200,56.929108040341276
STU_012201,74.388853878165
STU_012202,79.44550637730414
STU_012203,87.56618588214006
STU_012204,71.82061731143312
STU_012205,76.39083154261598
STU_012206,84.28290331350048
STU_012207,87.16961425071965
STU_012208,74.79769286077773
STU_012209,57.81009831395242
STU_012210,78.0739164478339
STU_012211,82.96975190943287
STU_012212,71.02119350817334
STU_012213,83.12635220385857
STU_012214,66.05698293466644
STU_012215,64.64666297107746
STU_012216,85.48306688801007
STU_012217,93.45569136588684
STU_012218,100.0
STU_012219,71.77881826601923
STU_012220,61.024626593812066
STU_012221,77.30836794780282
STU_012222,65.75560635416866
STU_012223,66.4587453211591
STU_012224,68.75184055935068
STU_012225,92.37998546680521
STU_012226,74.10570582637226
STU_012227,74.89518104071537
STU_012228,62.65832445050031
STU_012229,83.14237083142373
STU_012230,84.07367605003745
STU_012231,67.12903753186336
STU_012232,74.66865498948509
STU_012233,81.70259490555276
STU_012234,66.75676139624974
STU_012235,68.09112867383683
STU_012236,100.0
STU_012237,71.60591759641935
STU_012238,67.66125748577069
STU_012239,72.92198269825764
STU_012240,76.38354843953154
STU_012241,91.57364946636073
STU_012242,74.19045380363087
STU_012243,53.22039738215404
STU_012244,59.67100143814093
STU_012245,73.57360668419898
STU_012246,63.51362301879818
STU_012247,56.84333664219312
STU_012248,90.8789715063194
STU_012249,84.71025115533673
STU_012250,86.01134843677923
STU_012251,70.72327818838197
STU_012252,64.04657314653917
STU_012253,58.94826521741016
STU_012254,51.08561224904556
STU_012255,82.40276107684944
STU_012256,71.32602645848569
STU_012257,80.50810835495454
STU_012258,76.44582085527209
STU_012259,81.25215607888926
STU_012260,85.35307111766963
STU_012261,86.16307197105532
STU_012262,84.38435708312363
STU_012263,68.27996840614148
STU_012264,63.35192447251672
STU_012265,64.52121132841353
STU_012266,97.24676744086148
STU_012267,88.62719585759577
STU_012268,53.620682352776484
STU_012269,79.6921037347967
STU_012270,69.62784552018796
STU_012271,76.74899416524602
STU_012272,70.73618817525099
STU_012273,70.98795052783578
STU_012274,61.89358611188369
STU_012275,93.15409402360795
STU_012276,68.99699597587555
STU_012277,76.43322372352758
STU_012278,66.05702352010105
STU_012279,74.72296207982625
STU_012280,72.23056664076802
STU_012281,57.162596510627544
STU_012282,86.4860009131296
STU_012283,92.14917593059968
STU_012284,68.1762865967928
STU_012285,73.94130239590753
STU_012286,75.65195277591583
STU_012287,95.84053218952891
STU_012288,82.37654964020076
STU_012289,91.4395430395302
STU_012290,84.61685225854353
STU_012291,66.29830507266854
STU_012292,76.97853532540235
STU_012293,74.8139032598345
STU_012294,87.5799537074064
STU_012295,80.14691287014873
STU_012296,77.70650870327012
STU_012297,75.40956397654179
STU_012298,68.77227729783897
STU_012299,88.10036068333176
STU_012300,54.543687193847056
STU_012301,87.01143253867848
STU_012302,79.87523984844047
STU_012303,62.800360578757946
STU_012304,51.59138036590842
STU_012305,97.44012879425014
STU_012306,70.99974287998783
STU_012307,70.63099850990437
STU_012308,85.3123924805735
STU_012309,66.84063687781149
STU_012310,73.67533250828966
STU_012311,83.45598479353788
STU_012312,56.91034296907865
STU_012313,75.49044321791017
STU_012314,97.63641248520982
STU_012315,89.18072302458481
STU_012316,68.05392047097394
STU_012317,100.0
STU_012318,78.32253587974085
STU_012319,81.9486586583698
STU_012320,64.04697061234873
STU_012321,64.1234826742346
STU_012322,92.37343783366137
STU_012323,62.04610151031552
STU_012324,82.88211206634641
STU_012325,65.24122357382254
STU_012326,75.39609707805016
STU_012327,62.46153112645318
STU_012328,62.96078298433846
STU_012329,92.25642529764755
STU_012330,87.40365150743719
STU_012331,79.02568998760387
STU_012332,70.70445823325375
STU_012333,85.71196342919653
STU_012334,73.83686640174214
STU_012335,67.35292505285909
STU_012336,90.54176157578345
STU_012337,90.52782919373104
STU_012338,67.47394849350924
STU_012339,83.71037368237072
STU_012340,64.30001029355815
STU_012341,55.00012633913969
STU_012342,86.51232181217561
STU_012343,86.68314188196115
STU_012344,62.613900652025414
STU_012345,65.2288329238011
STU_012346,71.89234109566006
STU_012347,94.49603282609016
STU_012348,80.72025546682532
STU_012349,66.88588926620379
STU_012350,85.51405138547673
STU_012351,84.39754922698783
STU_012352,82.27674582417762
STU_012353,94.97244340901624
STU_012354,62.31835923374847
STU_012355,85.03474314384985
STU_012356,78.3340676785118
STU_012357,67.94734744416635
STU_012358,94.9451912045223
STU_012359,87.96289046938412
STU_012360,73.89955710526245
STU_012361,62.71676071014163
STU_012362,82.37489137702167
STU_012363,74.44596070475075
STU_012364,79.92410997813833
STU_012365,65.63484387546956
STU_012366,84.92765061106603
STU_012367,76.23987949667776
STU_012368,60.23929549431854
STU_012369,74.54844938719779
STU_012370,100.0
STU_012371,74.27948013860912
STU_012372,83.31182083253259
STU_012373,75.04425277150774
STU_012374,77.5420824977868
STU_012375,63.48802491157066
STU_012376,81.84110366718015
STU_012377,85.83890095022011
STU_012378,72.03743164458386
STU_012379,71.34648476670826
STU_012380,94.94706549868062
STU_012381,99.89714727366118
STU_012382,66.16151791120382
STU_012383,82.55290304054287
STU_012384,96.08648203010205
STU_012385,84.93691642516343
STU_012386,77.76008030264673
STU_012387,80.16682834469701
STU_012388,85.71343546627466
STU_012389,98.019497977422
STU_012390,74.97104274143933
STU_012391,49.994294497549774
STU_012392,75.75101932831582
STU_012393,71.455126665823
STU_012394,70.65015695833023
STU_012395,84.20952214369649
STU_012396,80.63381842797885
STU_012397,73.27634243397291
STU_012398,84.00368560873565
STU_012399,75.4480241294725
STU_012400,75.69534665036467
STU_012401,91.4756010575913
STU_012402,100.0
STU_012403,48.16091957049312
STU_012404,75.21192569597099
STU_012405,62.57141469711939
STU_012406,65.76432281774586
STU_012407,94.80581873967219
STU_012408,79.92230751291399
STU_012409,70.68348182045281
STU_012410,45.99593412594583
STU_012411,92.92719237533026
STU_012412,71.15299370120525
STU_012413,59.87128557648661
STU_012414,98.06711788134552
STU_012415,89.01426615348578
STU_012416,89.76732856275542
STU_012417,57.969985545107086
STU_012418,86.4747294479319
STU_012419,73.42341051238827
STU_012420,56.46567188233327
STU_012421,71.69890114195329
STU_012422,83.87305985365143
STU_012423,78.09399319930453
STU_012424,89.56321714484696
STU_012425,56.13094560855895
STU_012426,83.71814844296337
STU_012427,71.45573599231581
STU_012428,85.92147761978478
STU_012429,59.86621419065391
STU_012430,70.85785964134844
STU_012431,71.23094560083905
STU_012432,58.66322438558758
STU_012433,55.82850256397473
STU_012434,90.08899081704355
STU_012435,65.66043430528829
STU_012436,72.63942797866595
STU_012437,92.29536999201494
STU_012438,60.498629578989586
STU_012439,75.06066512964718
STU_012440,70.73086690131909
STU_012441,93.5126320704506
STU_012442,98.09156516849059
STU_012443,62.63688942802318
STU_012444,87.54400185146488
STU_012445,70.8073494897001
STU_012446,85.0404969363607
STU_012447,91.91669062631816
STU_012448,73.75074591839731
STU_012449,80.40975836154394
STU_012450,72.01853041220676
STU_012451,86.0404573555984
STU_012452,80.155050607051
STU_012453,92.81999597611137
STU_012454,88.08317726124758
STU_012455,74.1647527077123
STU_012456,92.41309418070904
STU_012457,70.11533558117867
STU_012458,82.02745771600951
STU_012459,58.218511714986064
STU_012460,87.37943833434667
STU_012461,75.4869213979903
STU_012462,71.84388116187345
STU_012463,81.6385597648459
STU_012464,75.69556600512782
STU_012465,74.32024030788686
STU_012466,68.31333351608455
STU_012467,77.50129038625455
STU_012468,85.35831966816845
STU_012469,86.77284532816894
STU_012470,54.563251572793135
STU_012471,54.639597289199656
STU_012472,95.48974469740256
STU_012473,73.10047959028844
STU_012474,64.55078242308046
STU_012475,69.24957353032023
STU_012476,47.23651009040138
STU_012477,98.43703755093912
STU_012478,70.67489215670918
STU_012479,66.84622368097406
STU_012480,78.18451228976447
STU_012481,90.54548328421184
STU_012482,70.71028812653623
STU_012483,61.913591202824406
STU_012484,70.87408895677515
STU_012485,77.42965899309519
STU_012486,69.91430937268369
STU_012487,66.74148131972532
STU_012488,75.58991912727323
STU_012489,81.8621555188636
STU_012490,88.6096290056672
STU_012491,61.57482573380199
STU_012492,63.03128073317038
STU_012493,63.68006762332384
STU_012494,74.42791448060727
STU_012495,72.78868455619245
STU_012496,79.98889014311695
STU_012497,88.85619752171263
STU_012498,71.8002756492026
STU_012499,76.6212539605299
STU_012500,83.38852615455114
STU_012501,94.12903552171684
STU_012502,85.37411906791735
STU_012503,82.80624522823058
STU_012504,78.22250114387103
STU_012505,82.3134138633334
STU_012506,66.14027676061147
STU_012507,86.44110316260284
STU_012508,68.30005419510144
STU_012509,87.73908270060639
STU_012510,74.33345801966306
STU_012511,75.26464503824491
STU_012512,78.71612451781434
STU_012513,70.36551217069184
STU_012514,100.0
STU_012515,87.11202679617327
STU_012516,78.882881629136
STU_012517,97.19475887716844
STU_012518,56.58147768791648
STU_012519,75.19813224596336
STU_012520,71.61875062312909
STU_012521,94.44449521877061
STU_012522,96.38611376403341
STU_012523,82.01512059791328
STU_012524,98.59941177556776
STU_012525,90.60733746186429
STU_012526,96.47681188121528
STU_012527,88.7750577098177
STU_012528,63.056063471358065
STU_012529,98.17495510277155
STU_012530,79.80966440864984
STU_012531,77.71632359384276
STU_012532,68.37297023658623
STU_012533,87.9250250749394
STU_012534,56.55181051485398
STU_012535,80.5774606879274
STU_012536,71.5751177065994
STU_012537,51.766494647568116
STU_012538,62.51288644332837
STU_012539,86.94605522822981
STU_012540,71.27870988594485
STU_012541,100.0
STU_012542,97.78807715341674
STU_012543,73.13352911980398
STU_012544,84.07657353951669
STU_012545,70.16502309653269
STU_012546,77.40475593698991
STU_012547,100.0
STU_012548,53.426669326084955
STU_012549,76.53178951355467
STU_012550,93.25397682194861
STU_012551,91.94225294401377
STU_012552,70.7424475219403
STU_012553,79.66858732663968
STU_012554,67.15039754917254
STU_012555,49.44265159472443
STU_012556,64.68830961694783
STU_012557,80.3039521262763
STU_012558,67.82291008105877
STU_012559,89.48374834876168
STU_012560,65.9435180210334
STU_012561,62.86300266588566
STU_012562,69.45526582208387
STU_012563,83.0134966673731
STU_012564,91.3557256289755
STU_012565,99.42165954751466
STU_012566,78.09377737097469
STU_012567,63.11382547596912
STU_012568,97.58064001416683
STU_012569,67.15089433410562
STU_012570,51.54671113299111
STU_012571,58.89489782039067
STU_012572,56.085916141260626
STU_012573,74.0337268683953
STU_012574,58.547477033350084
STU_012575,67.40266622142846
STU_012576,74.2491805726241
STU_012577,100.0
STU_012578,50.94314540410376
STU_012579,81.14633654074143
STU_012580,70.04718774500135
STU_012581,64.54847632972579
STU_012582,70.9641666395331
STU_012583,62.381026566104666
STU_012584,57.5050240567506
STU_012585,71.25996515946186
STU_012586,74.11103190648419
STU_012587,69.75388398258816
STU_012588,70.36598616105822
STU_012589,50.39205597817124
STU_012590,68.37856265333085
STU_012591,67.2756975246062
STU_012592,96.53799960061676
STU_012593,97.13653151462762
STU_012594,50.99755221698938
STU_012595,62.472858069892226
STU_012596,86.38042997070441
STU_012597,72.01744560598706
STU_012598,69.02041989774969
STU_012599,73.76026515211285
STU_012600,70.25438360297142
STU_012601,73.62493688483335
STU_012602,67.25045947794469
STU_012603,87.69156439175043
STU_012604,76.9191987064597
STU_012605,77.53768978871952
STU_012606,73.19089415450084
STU_012607,61.11393314208316
STU_012608,80.27978932140934
STU_012609,60.35677528292419
STU_012610,74.57622299124837
STU_012611,70.96650320723197
STU_012612,60.01375658455285
STU_012613,93.60667438559882
STU_012614,76.27579126322786
STU_012615,70.93556634375045
STU_012616,82.52326937538632
STU_012617,61.651173166752436
STU_012618,89.61850388612737
STU_012619,83.00818704211513
STU_012620,79.9226146782701
STU_012621,91.1169114334718
STU_012622,90.83372031944961
STU_012623,90.53821167321718
STU_012624,84.36792571360877
STU_012625,88.93675510492317
STU_012626,92.89305289413828
STU_012627,87.40906005852098
STU_012628,74.75072484205091
STU_012629,82.56907908065408
STU_012630,66.65900943182614
STU_012631,67.05568371957743
STU_012632,67.84908438181172
STU_012633,71.80063290270809
STU_012634,90.02059502108554
STU_012635,73.30317106149832
STU_012636,71.77164988775544
STU_012637,76.64659241000679
STU_012638,82.08375128761833
STU_012639,94.65736685336935
STU_012640,86.211310713056
STU_012641,71.05900831005016
STU_012642,66.3329480268055
STU_012643,81.21925988556458
STU_012644,82.5346458603971
STU_012645,55.93197725674574
STU_012646,86.59200132693243
STU_012647,81.71553002063541
STU_012648,63.23895242850317
STU_012649,75.98598247356317
STU_012650,78.28222733873353
STU_012651,75.17875308672288
STU_012652,96.42581598385402
STU_012653,86.72663096513404
STU_012654,80.3490476911002
STU_012655,73.08850984141988
STU_012656,78.07729975077316
STU_012657,94.29625957394272
STU_012658,85.09327392962899
STU_012659,83.304352688017
STU_012660,78.99906210164642
STU_012661,85.22009340343253
STU_012662,95.97878337784014
STU_012663,68.19864239650613
STU_012664,52.180483966392785
STU_012665,89.89002471713059
STU_012666,61.55772344253635
STU_012667,80.78162733366909
STU_012668,74.84289252144434
STU_012669,64.55633436649127
STU_012670,60.53684585267052
STU_012671,69.39026987442095
STU_012672,65.07838114172753
STU_012673,57.17331639543503
STU_012674,61.130220338123344
STU_012675,70.53804118417871
STU_012676,94.73954454505196
STU_012677,60.775233777911104
STU_012678,72.5412775064295
STU_012679,73.24709891410701
STU_012680,75.08778805552978
STU_012681,72.28387439675527
STU_012682,88.26820442665334
STU_012683,78.39254417907408
STU_012684,86.99532842032644
STU_012685,96.27486748659575
STU_012686,70.22507644052185
STU_012687,81.75509663581889
STU_012688,84.29313149731604
STU_012689,69.96321312607202
STU_012690,67.01768087183197
STU_012691,76.16764017453121
STU_012692,81.6935636709265
STU_012693,81.10901184593712
STU_012694,59.311837709554396
STU_012695,71.49395407804535
STU_012696,64.60574330070295
STU_012697,81.63803762293635
STU_012698,66.60482233643309
STU_012699,77.40836651516003
STU_012700,70.27945865373583
STU_012701,100.0
STU_012702,70.00964732619067
STU_012703,69.38122591396098
STU_012704,75.43122449624614
STU_012705,64.86102243473486
STU_012706,76.00221846570854
STU_012707,98.96954878484877
STU_012708,56.95866535292005
STU_012709,64.49439782288626
STU_012710,92.20089179647312
STU_012711,71.79964705113332
STU_012712,66.93109397315676
STU_012713,62.03026048484936
STU_012714,90.85054998951335
STU_012715,72.07606928656979
STU_012716,77.31984791926459
STU_012717,67.1646595042772
STU_012718,81.4500670549053
STU_012719,60.947784130956435
STU_012720,78.86166153678315
STU_012721,74.84195954863048
STU_012722,52.45774929635705
STU_012723,82.57343373810643
STU_012724,89.79829148328123
STU_012725,60.63616557047218
STU_012726,54.27769704835066
STU_012727,59.97844841062733
STU_012728,84.72316950129527
STU_012729,66.31969210326915
STU_012730,88.3763603748568
STU_012731,97.89334235752344
STU_012732,82.55046560717948
STU_012733,55.38614874416693
STU_012734,83.81207814016084
STU_012735,62.423968390167126
STU_012736,100.0
STU_012737,71.75415563892793
STU_012738,79.4817485019002
STU_012739,74.95923707999296
STU_012740,91.48228815696291
STU_012741,51.05103939467517
STU_012742,70.00717429458457
STU_012743,82.0603917351932
STU_012744,77.75184345890219
STU_012745,63.739636624255
STU_012746,84.23367216396193
STU_012747,60.789453179262395
STU_012748,87.75558436503528
STU_012749,85.54651320840361
STU_012750,68.42626494389876
STU_012751,51.7671563551665
STU_012752,71.0494247295653
STU_012753,66.87462866142953
STU_012754,60.482784881617654
STU_012755,90.2125938573877
STU_012756,60.910226598234445
STU_012757,48.965335051008815
STU_012758,89.72361667091079
STU_012759,59.83446474890411
STU_012760,74.19366150989697
STU_012761,59.45628626167426
STU_012762,83.78969747943945
STU_012763,96.34655684900164
STU_012764,95.16145074507929
STU_012765,87.32246056464314
STU_012766,63.38676762631664
STU_012767,97.06095532868103
STU_012768,85.91956971231731
STU_012769,69.82296381546443
STU_012770,55.977832784143004
STU_012771,55.58266434945505
STU_012772,99.5782640667458
STU_012773,65.67011610329595
STU_012774,73.3665965839975
STU_012775,65.24060524890218
STU_012776,83.56058990441649
STU_012777,51.4397841359673
STU_012778,71.68290902530002
STU_012779,72.93007131508655
STU_012780,70.55479421674232
STU_012781,84.82193374830547
STU_012782,54.61886664528827
STU_012783,98.36269381973804
STU_012784,55.17453903614354
STU_012785,71.71335102011736
STU_012786,52.342468997668185
STU_012787,66.37437935795644
STU_012788,92.82954331935346
STU_012789,78.3391436375537
STU_012790,98.28935457318525
STU_012791,83.41764126620609
STU_012792,69.85543222261427
STU_012793,88.451044947172
STU_012794,77.83958529613315
STU_012795,93.76340302961444
STU_012796,69.34343689882745
STU_012797,63.99600118602774
STU_012798,99.10607210491803
STU_012799,86.2937433569398
STU_012800,53.03019935218425
STU_012801,66.16381124385485
STU_012802,74.50253886196916
STU_012803,91.68576559930237
STU_012804,61.13920127867963
STU_012805,71.39838695616547
STU_012806,77.04555933435115
STU_012807,65.06087390448828
STU_012808,82.61012556448645
STU_012809,85.2873287770999
STU_012810,85.93514248742345
STU_012811,74.98037974932267
STU_012812,70.85762649290216
STU_012813,78.69196170622749
STU_012814,64.2305508477858
STU_012815,63.98436045291098
STU_012816,83.07593293512454
STU_012817,68.92609503582908
STU_012818,85.1781319406071
STU_012819,55.30938805013464
STU_012820,83.21614635679967
STU_012821,72.00401814211347
STU_012822,83.06038381808827
STU_012823,78.9251496448009
STU_012824,79.2612450540498
STU_012825,60.05316907228133
STU_012826,84.57452747416757
STU_012827,57.56077478014712
STU_012828,90.08608140326498
STU_012829,68.94470314555993
STU_012830,76.5330304024182
STU_012831,68.15691728133375
STU_012832,93.04576160718739
STU_012833,89.27017633834517
STU_012834,70.91016994701353
STU_012835,73.04299633993017
STU_012836,80.72093716156394
STU_012837,63.68972351375373
STU_012838,62.218025162295376
STU_012839,66.32521819078187
STU_012840,87.05214871556458
STU_012841,70.44933311475083
STU_012842,75.14457202428405
STU_012843,80.32934080364444
STU_012844,76.40978087207186
STU_012845,61.864323226371475
STU_012846,72.99163120290484
STU_012847,75.43702548820258
STU_012848,73.09151824874573
STU_012849,86.70295296962101
STU_012850,80.56278262044727
STU_012851,86.65497856654254
STU_012852,92.51928523411655
STU_012853,62.99218363473449
STU_012854,80.19984720865877
STU_012855,84.69507350128293
STU_012856,67.52841263654015
STU_012857,98.80774227907615
STU_012858,86.2847210772233
STU_012859,62.89903194569108
STU_012860,84.75456864809885
STU_012861,66.27657335968885
STU_012862,74.05642113427028
STU_012863,94.23490156504789
STU_012864,76.80893593814207
STU_012865,64.57641099462744
STU_012866,76.48667315703845
STU_012867,86.99285204760494
STU_012868,84.56283806270034
STU_012869,61.8482856179862
STU_012870,82.26593742827932
STU_012871,84.54133822588582
STU_012872,88.14224947486333
STU_012873,61.405044834810376
STU_012874,75.67665824455267
STU_012875,72.80557911883227
STU_012876,53.946982706769845
STU_012877,81.78279685173733
STU_012878,96.03728956438785
STU_012879,78.28068563917394
STU_012880,82.81361937259143
STU_012881,94.8512386824631
STU_012882,89.30404162323559
STU_012883,68.62007010683746
STU_012884,78.76116763452914
STU_012885,78.23363800091349
STU_012886,53.634783309729286
STU_012887,71.92511837924758
STU_012888,67.01161185863633
STU_012889,68.22669725412864
STU_012890,69.9274745697666
STU_012891,72.36429928567229
STU_012892,71.93898911210721
STU_012893,86.53934590888915
STU_012894,73.23209671406843
STU_012895,91.53192066693077
STU_012896,69.44125136542384
STU_012897,74.3510057666784
STU_012898,89.00546055068612
STU_012899,85.17549756725153
STU_012900,79.81029362248009
STU_012901,73.60022566912326
STU_012902,84.89954406051032
STU_012903,64.62549647374063
STU_012904,85.1076649264747
STU_012905,60.92100488804693
STU_012906,97.28898538957638
STU_012907,53.003734993251506
STU_012908,84.4879955604473
STU_012909,66.80626677886177
STU_012910,38.783126207459716
STU_012911,84.44962345596579
STU_012912,52.254606471415286
STU_012913,60.90255989197867
STU_012914,75.64621869730725
STU_012915,56.89352811744375
STU_012916,62.44240231121567
STU_012917,94.85656253059284
STU_012918,56.107791929869045
STU_012919,96.3325858059256
STU_012920,78.90742298967021
STU_012921,63.188235031091736
STU_012922,68.06525091378904
STU_012923,62.03492396721856
STU_012924,72.91407755365185
STU_012925,72.03978666159743
STU_012926,63.82729926514361
STU_012927,86.03806733526716
STU_012928,63.61697588947646
STU_012929,63.3995990088416
STU_012930,70.0046554214914
STU_012931,87.81855759606917
STU_012932,64.1486604173098
STU_012933,68.81188913589783
STU_012934,68.1829125329518
STU_012935,68.29919946772908
STU_012936,67.43029328081698
STU_012937,72.75157285528458
STU_012938,95.99664770054886
STU_012939,51.07847163970151
STU_012940,65.77579575669661
STU_012941,56.125868158965424
STU_012942,71.42131333266458
STU_012943,75.12079898701826
STU_012944,77.58031421800546
STU_012945,89.64067936512892
STU_012946,58.10515822331173
STU_012947,73.1950231849742
STU_012948,88.56014542351508
STU_012949,97.57255101460764
STU_012950,77.84082068663605
STU_012951,89.56987770253446
STU_012952,73.13484587089901
STU_012953,82.24977532826153
STU_012954,82.74491919029177
STU_012955,89.9149969776989
STU_012956,70.70101754532557
STU_012957,69.24374250141022
STU_012958,75.85985253665585
STU_012959,79.29319809651898
STU_012960,77.80009398884297
STU_012961,80.41722497297278
STU_012962,58.997964889149664
STU_012963,65.18520047706696
STU_012964,87.35509205467235
STU_012965,77.4385925316027
STU_012966,71.30123229688715
STU_012967,69.35119062192408
STU_012968,78.25504893785717
STU_012969,73.33155774359457
STU_012970,57.37943923294062
STU_012971,74.72909236427842
STU_012972,80.12239841077127
STU_012973,52.633904155992354
STU_012974,63.06494232999061
STU_012975,55.170415344434325
STU_012976,86.24432776127634
STU_012977,79.04149812834137
STU_012978,89.78790482104111
STU_012979,67.84979413976559
STU_012980,69.16023624875423
STU_012981,89.38645151623902
STU_012982,73.42323415761668
STU_012983,95.63084386839945
STU_012984,57.114548924143726
STU_012985,66.62906961219657
STU_012986,64.17861644152434
STU_012987,53.816904275466214
STU_012988,85.52626977656344
STU_012989,93.58581992220532
STU_012990,60.189285797935185
STU_012991,69.52259048151848
STU_012992,51.469807738818375
STU_012993,100.0
STU_012994,81.01225690220265
STU_012995,64.24542965889347
STU_012996,57.19955863620401
STU_012997,87.52570027024714
STU_012998,81.75186764162598
STU_012999,88.61349991759211
STU_013000,93.22962344613029
STU_013001,98.91880145690695
STU_013002,87.61255576309827
STU_013003,77.23108649813089
STU_013004,86.25869617973034
STU_013005,74.37934821313885
STU_013006,78.09875091762592
STU_013007,79.58808323801549
STU_013008,84.15923327336687
STU_013009,82.91105047578233
STU_013010,76.57991322839986
STU_013011,54.94192635917481
STU_013012,52.88854277671155
STU_013013,89.21055641879651
STU_013014,87.79489414816095
STU_013015,86.35110479369361
STU_013016,63.499204981900185
STU_013017,91.47380540023701
STU_013018,80.92999357312732
STU_013019,82.60523708360557
STU_013020,57.51711691390838
STU_013021,71.28237194070972
STU_013022,98.79591487160039
STU_013023,79.68277168928539
STU_013024,84.54371276791403
STU_013025,71.869698269397
STU_013026,69.61112042558875
STU_013027,74.12842821400507
STU_013028,83.88024461933455
STU_013029,77.65660199556407
STU_013030,75.76601005945399
STU_013031,65.28792854672344
STU_013032,100.0
STU_013033,71.28173293056179
STU_013034,98.25804285866367
STU_013035,90.76137076027626
STU_013036,57.93611150973116
STU_013037,86.91839996138386
STU_013038,76.67762488734702
STU_013039,85.69945299701858
STU_013040,96.59192333192968
STU_013041,79.12932651489459
STU_013042,58.43785286726333
STU_013043,95.12112878862952
STU_013044,65.30133623274699
STU_013045,88.36829917942254
STU_013046,62.0495568951214
STU_013047,70.12531866512052
STU_013048,90.47078009157354
STU_013049,82.45991099113937
STU_013050,83.306013763388
STU_013051,92.7832210763248
STU_013052,65.68954831838607
STU_013053,70.45276388852504
STU_013054,64.12900228784919
STU_013055,87.58854921382104
STU_013056,75.45452711738002
STU_013057,54.43301114916614
STU_013058,60.38305634469639
STU_013059,87.1167408227077
STU_013060,65.49788757590979
STU_013061,59.5965531136663
STU_013062,99.51327680756185
STU_013063,84.55391097302181
STU_013064,63.73343806736514
STU_013065,50.873876145952536
STU_013066,100.0
STU_013067,78.52521242507292
STU_013068,90.82013021805824
STU_013069,98.64910952703474
STU_013070,61.59146079893974
STU_013071,81.53394534580669
STU_013072,83.27275539157442
STU_013073,71.14690758479693
STU_013074,75.18912384439462
STU_013075,52.09999756169563
STU_013076,81.00511045280305
STU_013077,90.2310122606095
STU_013078,75.16866515193932
STU_013079,85.9188174206424
STU_013080,72.56932406884773
STU_013081,76.65683863476576
STU_013082,58.626279037542695
STU_013083,60.58331622893645
STU_013084,69.98497665640622
STU_013085,79.00876795232702
STU_013086,77.97022564406909
STU_013087,64.65857370714768
STU_013088,84.50360922240542
STU_013089,63.95184106855881
STU_013090,97.93103419137417
STU_013091,65.73069059563154
STU_013092,63.63269371173539
STU_013093,85.16185895754252
STU_013094,86.07055860889878
STU_013095,73.09783178445291
STU_013096,79.08461359632987
STU_013097,81.5832088000985
STU_013098,86.40277064227223
STU_013099,60.717885571168765
STU_013100,75.16884427123915
STU_013101,81.57941776546328
STU_013102,97.24495700603903
STU_013103,76.47124403792472
STU_013104,79.81431748803674
STU_013105,62.947304553358215
STU_013106,89.62261501397751
STU_013107,56.69566258183144
STU_013108,94.72777164677063
STU_013109,88.73870854053105
STU_013110,61.31727488564128
STU_013111,100.0
STU_013112,99.5306341176983
STU_013113,73.2980063610698
STU_013114,65.0224086779153
STU_013115,79.8192536567509
STU_013116,61.982283269351555
STU_013117,63.70835078144117
STU_013118,71.36748605927671
STU_013119,83.97451011572186
STU_013120,63.64213581345826
STU_013121,88.05743573357752
STU_013122,79.40703178156316
STU_013123,92.62645538914231
STU_013124,93.92388573997953
STU_013125,84.64692688087571
STU_013126,65.88622132011157
STU_013127,68.60450894453425
STU_013128,85.54692803408811
STU_013129,77.6677541318395
STU_013130,96.91849447063765
STU_013131,52.66983562609613
STU_013132,77.47298420683643
STU_013133,92.76334492965988
STU_013134,67.39453422240848
STU_013135,65.25426295318813
STU_013136,64.18264353944188
STU_013137,82.89393966751062
STU_013138,69.70112079179314
STU_013139,75.12937598471794
STU_013140,100.0
STU_013141,76.89451487043162
STU_013142,59.00639599243553
STU_013143,70.03879108036226
STU_013144,70.02962221110499
STU_013145,58.6804836066538
STU_013146,56.88124136087991
STU_013147,78.50110531354372
STU_013148,73.75169483605292
STU_013149,85.92900261444775
STU_013150,82.58284539537672
STU_013151,80.38017750228242
STU_013152,87.70668751614093
STU_013153,74.43151744753952
STU_013154,73.8844558566964
STU_013155,97.57225965112917
STU_013156,78.07116159406353
STU_013157,71.10420932465797
STU_013158,84.87655306504799
STU_013159,83.09300657692442
STU_013160,65.0396968011681
STU_013161,62.12122332330384
STU_013162,58.28096239948606
STU_013163,87.8787970623834
STU_013164,70.27144999339899
STU_013165,70.82301054450994
STU_013166,53.19831633109179
STU_013167,93.5814967877127
STU_013168,76.25225501268051
STU_013169,76.96159384004164
STU_013170,72.55009599336705
STU_013171,81.61095662569754
STU_013172,66.17912339935647
STU_013173,84.79385965599143
STU_013174,63.77195469095485
STU_013175,55.06329885134984
STU_013176,92.40178125556585
STU_013177,64.0294586655308
STU_013178,84.80205611506219
STU_013179,75.19330867151352
STU_013180,87.49496565695948
STU_013181,85.87876231427737
STU_013182,70.00435078048524
STU_013183,79.07710294375293
STU_013184,73.84982515626358
STU_013185,69.96625175274009
STU_013186,62.91463209376226
STU_013187,63.16829285872641
STU_013188,92.00317367312682
STU_013189,100.0
STU_013190,80.74396759655086
STU_013191,97.25038754120696
STU_013192,84.60029877098111
STU_013193,81.30676725237126
STU_013194,97.96734006623203
STU_013195,86.96319213491823
STU_013196,80.51552503300732
STU_013197,53.83343974433311
STU_013198,70.18278285651685
STU_013199,81.46671767686881
STU_013200,51.098109148078095
STU_013201,84.99464289387703
STU_013202,65.04235288227866
STU_013203,72.96728629359222
STU_013204,63.944669705086696
STU_013205,81.45083085351455
STU_013206,71.38902177750232
STU_013207,71.77345427414157
STU_013208,72.25836113241954
STU_013209,73.88620222825347
STU_013210,51.27687471772835
STU_013211,73.55156409330145
STU_013212,60.30511988364382
STU_013213,72.92082573155128
STU_013214,93.8261957393878
STU_013215,51.54655932668487
STU_013216,99.47935524369385
STU_013217,94.23902488787559
STU_013218,68.78639871541762
STU_013219,82.79113740116813
STU_013220,96.74871390317274
STU_013221,61.05566897472497
STU_013222,63.78464747299048
STU_013223,83.50165656600912
STU_013224,68.32596846843569
STU_013225,53.93914126897842
STU_013226,82.20288478017538
STU_013227,86.25231848545755
STU_013228,72.50931285087096
STU_013229,65.87528478119663
STU_013230,70.20401304792568
STU_013231,66.86846406675684
STU_013232,67.54952064893389
STU_013233,91.32423771052227
STU_013234,65.02320081690566
STU_013235,70.73398472331041
STU_013236,90.75436699563899
STU_013237,66.63438754849781
STU_013238,75.57628462760552
STU_013239,77.18834638541063
STU_013240,61.48830912658361
STU_013241,68.02330117511795
STU_013242,71.31481037124185
STU_013243,60.94119526447088
STU_013244,74.7362272951275
STU_013245,65.13679570507088
STU_013246,69.12370166163016
STU_013247,100.0
STU_013248,93.63369327525635
STU_013249,46.67579653068913
STU_013250,75.03878511801601
STU_013251,81.66230167038964
STU_013252,89.23313819403766
STU_013253,68.01484912253851
STU_013254,98.22499403209774
STU_013255,79.68674569514246
STU_013256,71.6301779884769
STU_013257,78.72967567387929
STU_013258,70.44040771368692
STU_013259,62.8111726254391
STU_013260,67.83039384079754
STU_013261,69.17759760506814
STU_013262,59.44385887434059
STU_013263,57.95868618714559
STU_013264,90.1541350361206
STU_013265,77.0324228423992
STU_013266,71.82841692751857
STU_013267,72.38330984751978
STU_013268,61.17130118696444
STU_013269,86.2427000806128
STU_013270,96.9849040090169
STU_013271,70.47428595936928
STU_013272,80.72043990630495
STU_013273,64.97593542850608
STU_013274,79.03781064111737
STU_013275,65.00396360747844
STU_013276,60.13913277833403
STU_013277,64.27061581115807
STU_013278,61.48695228804794
STU_013279,62.677658988361145
STU_013280,93.41576197142228
STU_013281,93.64528634847036
STU_013282,88.69128441336841
STU_013283,76.92234377736555
STU_013284,76.63015325669102
STU_013285,74.55256286985237
STU_013286,72.46824880210562
STU_013287,96.58900990078995
STU_013288,83.3117987634147
STU_013289,95.02730457347633
STU_013290,77.40335104328587
STU_013291,85.0994436142717
STU_013292,80.24961457623641
STU_013293,74.91926419182445
STU_013294,90.91457405868364
STU_013295,74.69541405091738
STU_013296,78.52968105001696
STU_013297,77.6523787513232
STU_013298,57.533892979272274
STU_013299,84.14714592045402
STU_013300,72.67176812427259
STU_013301,81.87164266889573
STU_013302,84.74573345640383
STU_013303,90.7012191870368
STU_013304,84.66389303332025
STU_013305,73.22027393373959
STU_013306,68.65321555307439
STU_013307,76.72601477666686
STU_013308,94.84868964918024
STU_013309,71.06482191524692
STU_013310,57.07678377685013
STU_013311,90.79669225484908
STU_013312,54.9256703986692
STU_013313,71.28524249432337
STU_013314,64.03750927542947
STU_013315,68.61611663542831
STU_013316,79.13466191800005
STU_013317,76.94646281413836
STU_013318,53.62306317015579
STU_013319,71.11548059735244
STU_013320,79.95881921841566
STU_013321,77.1804786935004
STU_013322,96.92125814531046
STU_013323,96.24251633345419
STU_013324,82.00339375743357
STU_013325,80.24684376202767
STU_013326,78.95558577724739
STU_013327,74.65949707208514
STU_013328,69.01218376007321
STU_013329,82.42385389805176
STU_013330,68.24791252868454
STU_013331,71.1105073998881
STU_013332,65.28246807507652
STU_013333,60.119806655419374
STU_013334,69.51460222684045
STU_013335,63.26089959569461
STU_013336,81.76436858417442
STU_013337,53.89111558327959
STU_013338,64.51321709729879
STU_013339,71.26929709280542
STU_013340,92.49585652508492
STU_013341,71.36478855546274
STU_013342,82.96088166060322
STU_013343,67.57256049453933
STU_013344,77.96930101676392
STU_013345,65.41929432778721
STU_013346,93.94134798411329
STU_013347,77.98502596811255
STU_013348,83.82121811269853
STU_013349,99.66834807798266
STU_013350,62.60115990638218
STU_013351,83.36945947779269
STU_013352,73.37743860654743
STU_013353,63.30914581640852
STU_013354,60.11036056428925
STU_013355,89.43607058938102
STU_013356,64.6952906641206
STU_013357,62.15162722454246
STU_013358,70.65767353662262
STU_013359,75.32866784752059
STU_013360,75.49773302002211
STU_013361,67.35036116283501
STU_013362,88.19774283091537
STU_013363,74.48276912665033
STU_013364,66.0615844378242
STU_013365,84.88900808451206
STU_013366,98.73676545043911
STU_013367,79.3680942563315
STU_013368,87.02854293976864
STU_013369,56.806996403722906
STU_013370,85.1900536931566
STU_013371,71.94579218224317
STU_013372,77.64633650693663
STU_013373,78.5131077254328
STU_013374,94.15496639165313
STU_013375,90.24555583773298
STU_013376,45.2200585427704
STU_013377,80.16929127946045
STU_013378,65.1358363821138
STU_013379,77.9648002730926
STU_013380,88.51066664860099
STU_013381,98.07006875329931
STU_013382,99.77330155781198
STU_013383,63.108673164072194
STU_013384,62.137728260449464
STU_013385,65.08203113153294
STU_013386,95.36644218357335
STU_013387,57.43187637365423
STU_013388,82.10469906120278
STU_013389,63.36816557365184
STU_013390,69.0667491677094
STU_013391,86.99913487600644
STU_013392,93.18452466244975
STU_013393,70.89540559392456
STU_013394,97.90080046726705
STU_013395,63.5492010202003
STU_013396,68.56139261882865
STU_013397,99.14106704604293
STU_013398,92.32097954678191
STU_013399,62.02566648141098
STU_013400,64.96151148095092
STU_013401,100.0
STU_013402,78.45682786380671
STU_013403,91.81237458899211
STU_013404,66.3735111787342
STU_013405,80.92881851818315
STU_013406,100.0
STU_013407,72.48200146062138
STU_013408,68.97655085736878
STU_013409,60.80715943949494
STU_013410,75.83864331599258
STU_013411,62.222480309506665
STU_013412,68.08591704720128
STU_013413,76.42168484425787
STU_013414,89.05301135222946
STU_013415,76.10640812636329
STU_013416,52.81817058550291
STU_013417,70.11943583423903
STU_013418,51.57631916078758
STU_013419,63.77217513086852
STU_013420,99.5835199608805
STU_013421,95.48826816462608
STU_013422,90.30114241793468
STU_013423,57.80627956325813
STU_013424,96.07302529575435
STU_013425,81.62237467332533
STU_013426,53.82150119793522
STU_013427,71.7830796500767
STU_013428,73.13575956709306
STU_013429,89.44295477557726
STU_013430,65.18269051406159
STU_013431,63.90210343104918
STU_013432,77.62313483021987
STU_013433,93.22192201307978
STU_013434,86.95174973320351
STU_013435,92.51217255899472
STU_013436,71.82188136055827
STU_013437,70.95722365028097
STU_013438,77.06539735899246
STU_013439,88.49188533852106
STU_013440,74.31551298709941
STU_013441,95.11750715242042
STU_013442,98.33086901789441
STU_013443,66.28279493479008
STU_013444,83.66609106372245
STU_013445,81.75307187974587
STU_013446,88.06143554938313
STU_013447,86.80198244769663
STU_013448,82.0671809699696
STU_013449,75.6442682913782
STU_013450,95.56882057422075
STU_013451,68.55925626406686
STU_013452,78.08782863829028
STU_013453,81.87316240683941
STU_013454,69.81486797480474
STU_013455,95.58202449505984
STU_013456,68.51372900940268
STU_013457,69.715199232192
STU_013458,76.12172034365061
STU_013459,60.420010911824114
STU_013460,59.133617490303244
STU_013461,76.08035772828539
STU_013462,57.20175912509527
STU_013463,83.4562254555444
STU_013464,59.12437844297241
STU_013465,65.99576335907113
STU_013466,84.49024899719006
STU_013467,59.15970750622187
STU_013468,89.61250102012292
STU_013469,78.18104989567216
STU_013470,89.35721109353643
STU_013471,82.31517340726946
STU_013472,79.98967124467545
STU_013473,63.81362211742831
STU_013474,76.35566162396492
STU_013475,83.88885078316721
STU_013476,80.54714633092725
STU_013477,64.11154833755552
STU_013478,76.23070322425775
STU_013479,72.43354709832467
STU_013480,85.98312670864325
STU_013481,79.92786880225141
STU_013482,78.10821000400333
STU_013483,75.88075790944286
STU_013484,86.9334496772614
STU_013485,94.83193044419743
STU_013486,50.201353948293416
STU_013487,77.42071232186925
STU_013488,78.61062325137979
STU_013489,73.8253180066219
STU_013490,76.61872553697857
STU_013491,84.01259500256751
STU_013492,78.79912865409526
STU_013493,65.76077953082945
STU_013494,73.74916210989053
STU_013495,82.13421447990663
STU_013496,85.39704236169382
STU_013497,50.37781071456633
STU_013498,69.54842314798549
STU_013499,82.33202861636686
STU_013500,66.89821645649388
STU_013501,83.58269911233127
STU_013502,82.25351594157564
STU_013503,69.88415496140513
STU_013504,87.5561081989415
STU_013505,70.81075996624757
STU_013506,94.41696581675303
STU_013507,64.65833336274623
STU_013508,73.20077461146072
STU_013509,84.05800118871575
STU_013510,66.60826427916027
STU_013511,82.27808790598934
STU_013512,64.6270772006807
STU_013513,52.41250321583108
STU_013514,86.35064329590098
STU_013515,72.26267540670445
STU_013516,100.0
STU_013517,81.78615119171371
STU_013518,70.50904410492943
STU_013519,100.0
STU_013520,73.46730453800978
STU_013521,64.10895043670061
STU_013522,61.48999163195018
STU_013523,96.7582631802728
STU_013524,78.96985751333665
STU_013525,75.47600585968175
STU_013526,75.9265116587793
STU_013527,69.00902070133968
STU_013528,53.157936115819325
STU_013529,96.23683455458801
STU_013530,73.71543101228933
STU_013531,96.29410156297048
STU_013532,58.23163122113453
STU_013533,71.64152964007054
STU_013534,89.10433511898454
STU_013535,95.71163480096469
STU_013536,86.78182640142212
STU_013537,75.33430210586086
STU_013538,97.06468625918158
STU_013539,69.05190191553272
STU_013540,100.0
STU_013541,66.12059778357425
STU_013542,84.50735619030813
STU_013543,71.97285589569807
STU_013544,76.21188838249122
STU_013545,89.19167118189824
STU_013546,95.69052704498675
STU_013547,95.73724046872721
STU_013548,81.30275123501592
STU_013549,63.416439993902515
STU_013550,77.87828806989765
STU_013551,66.61864740582496
STU_013552,84.45235346868844
STU_013553,73.77077413054056
STU_013554,76.31314110158134
STU_013555,63.72405710004284
STU_013556,88.42391103360194
STU_013557,69.60824349699612
STU_013558,68.03267971799353
STU_013559,84.89775920028167
STU_013560,53.63092885752676
STU_013561,72.72236771196094
STU_013562,88.99647835746062
STU_013563,86.13128563742954
STU_013564,55.96219261128598
STU_013565,81.42214055727135
STU_013566,67.62696546491321
STU_013567,95.50148692608052
STU_013568,75.6520226335814
STU_013569,75.26852725241625
STU_013570,70.68058817510449
STU_013571,75.08322396946706
STU_013572,60.902520201927715
STU_013573,65.01152073715977
STU_013574,74.74069829401635
STU_013575,54.31110646152612
STU_013576,71.85410380433547
STU_013577,61.75860192013868
STU_013578,69.54658444487708
STU_013579,74.97466751682235
STU_013580,83.91939582068974
STU_013581,59.433048702309975
STU_013582,75.07138201597621
STU_013583,66.31103836920722
STU_013584,71.77665830556433
STU_013585,62.19212089631247
STU_013586,59.38520904503661
STU_013587,98.024207167675
STU_013588,69.04938276713087
STU_013589,75.55745907796756
STU_013590,79.98179677473507
STU_013591,89.48605910604432
STU_013592,100.0
STU_013593,96.08073681091234
STU_013594,70.66613137683139
STU_013595,57.57921796506626
STU_013596,82.3469447377582
STU_013597,68.17120366227266
STU_013598,75.68382069904845
STU_013599,72.87067449113552
STU_013600,96.37245230103544
STU_013601,68.86458515183084
STU_013602,64.16114947448726
STU_013603,93.10684344032492
STU_013604,66.23798160715319
STU_013605,88.9039910970557
STU_013606,74.04619713761429
STU_013607,44.81084708195229
STU_013608,75.48889505987607
STU_013609,80.5598977449367
STU_013610,93.13538430777514
STU_013611,92.03298113912663
STU_013612,63.03519664018237
STU_013613,78.68075719350851
STU_013614,51.04560266234394
STU_013615,79.27759961837381
STU_013616,80.31892657667605
STU_013617,63.952578520084145
STU_013618,63.97183834025932
STU_013619,68.06665234048043
STU_013620,73.28444335424652
STU_013621,74.4500857259188
STU_013622,61.01989576925408
STU_013623,49.35168101756923
STU_013624,52.32722007465314
STU_013625,80.59784819347374
STU_013626,78.58176444895119
STU_013627,84.01122252719793
STU_013628,96.50100844702152
STU_013629,80.70184725632522
STU_013630,67.92309088078355
STU_013631,66.62889260843731
STU_013632,57.023506726296574
STU_013633,94.13557760060048
STU_013634,67.93053898321783
STU_013635,98.51907822306119
STU_013636,68.3241072414239
STU_013637,79.62182567931588
STU_013638,77.28888295752522
STU_013639,64.69253165116557
STU_013640,81.66733152846369
STU_013641,87.04240673184229
STU_013642,72.13986870660786
STU_013643,80.39748763168699
STU_013644,61.68987122796994
STU_013645,73.31356936902378
STU_013646,92.09009501038436
STU_013647,78.47672603846864
STU_013648,98.17011568648664
STU_013649,75.97696974647407
STU_013650,94.86315460781135
STU_013651,72.70690567126391
STU_013652,65.32728625500313
STU_013653,87.17399438520819
STU_013654,73.26484637734701
STU_013655,72.89406975688298
STU_013656,96.92880031449835
STU_013657,66.42184340641447
STU_013658,86.05080520955069
STU_013659,67.73718328242933
STU_013660,65.37823397712005
STU_013661,74.11277594390491
STU_013662,82.42396118365134
STU_013663,74.43440177719467
STU_013664,91.08215464277306
STU_013665,77.17069663918349
STU_013666,89.50427542342727
STU_013667,60.24538706211949
STU_013668,90.08149005937783
STU_013669,61.57759550491718
STU_013670,88.37483814768927
STU_013671,100.0
STU_013672,75.20149797032283
STU_013673,93.89047211549521
STU_013674,77.53816911690404
STU_013675,64.23457468741198
STU_013676,72.10506101973647
STU_013677,79.96214284137484
STU_013678,72.5684869470784
STU_013679,63.3524920060006
STU_013680,53.503669490800576
STU_013681,97.60229850498018
STU_013682,44.2195977970872
STU_013683,59.53884617566768
STU_013684,75.96673109811702
STU_013685,86.33733171846609
STU_013686,94.72030759095985
STU_013687,74.7124038195349
STU_013688,62.20913806751825
STU_013689,96.08913420072071
STU_013690,90.4821539255857
STU_013691,62.7883375580357
STU_013692,65.29561445395656
STU_013693,89.61046651333882
STU_013694,78.5119421246349
STU_013695,68.93909261381906
STU_013696,99.68723117845532
STU_013697,69.26028480539676
STU_013698,59.97851899387037
STU_013699,72.60027235758817
STU_013700,84.5335687697348
STU_013701,78.51799129537049
STU_013702,95.20493968804801
STU_013703,69.95764239171777
STU_013704,77.94973273339414
STU_013705,83.69857616585232
STU_013706,65.98096525803574
STU_013707,64.91825476742652
STU_013708,59.07660010609983
STU_013709,91.09803699214368
STU_013710,76.96915418197453
STU_013711,99.733983327878
STU_013712,72.45565133974212
STU_013713,65.9026496576535
STU_013714,68.84606371720766
STU_013715,98.24240214127626
STU_013716,70.3776440036576
STU_013717,57.94613124367571
STU_013718,80.4804672076395
STU_013719,73.21250211234845
STU_013720,53.557245484117786
STU_013721,58.63925727531851
STU_013722,77.83678728984735
STU_013723,82.06750040325096
STU_013724,91.44407054761984
STU_013725,67.90835606319814
STU_013726,67.6628123984715
STU_013727,67.96299792618059
STU_013728,94.38786016094711
STU_013729,90.49592192373201
STU_013730,77.33676859957447
STU_013731,86.57983832630559
STU_013732,78.24147221750844
STU_013733,84.72459203135283
STU_013734,57.22412049169854
STU_013735,76.57289888153937
STU_013736,98.663571397531
STU_013737,86.84724412958293
STU_013738,75.62219432462247
STU_013739,71.5397130166652
STU_013740,81.12124597237047
STU_013741,76.74477492217675
STU_013742,93.16576787927345
STU_013743,92.6000399146871
STU_013744,63.54848618722742
STU_013745,90.57656397452855
STU_013746,87.21713440492432
STU_013747,96.19699231365263
STU_013748,72.11061425254805
STU_013749,96.27420373770646
STU_013750,72.72757559633851
STU_013751,76.73675667461464
STU_013752,80.1806745378714
STU_013753,83.75825620056438
STU_013754,75.7821028747033
STU_013755,67.45582291383143
STU_013756,66.61678234177762
STU_013757,98.78953089606777
STU_013758,92.74166508070033
STU_013759,58.956263941519225
STU_013760,57.32386887109262
STU_013761,95.80870299310867
STU_013762,75.08780595409452
STU_013763,74.86446088364461
STU_013764,63.95947903867847
STU_013765,63.55123376901042
STU_013766,79.68561143770177
STU_013767,86.25091795772366
STU_013768,70.22066434645285
STU_013769,56.59540687796405
STU_013770,86.75442342322366
STU_013771,94.83154719338681
STU_013772,65.80846634629233
STU_013773,68.07443695166307
STU_013774,76.3487777961231
STU_013775,73.73145408556002
STU_013776,58.22358417051364
STU_013777,72.96045608931729
STU_013778,90.17418400521757
STU_013779,95.60549198610872
STU_013780,68.29108695563957
STU_013781,58.438831208264475
STU_013782,75.55695843180514
STU_013783,90.11006251756324
STU_013784,76.93219886929333
STU_013785,70.47508348329606
STU_013786,79.63093653602763
STU_013787,94.44493842853761
STU_013788,57.39183627470465
STU_013789,86.14955220911858
STU_013790,63.98899345652516
STU_013791,84.74269991593391
STU_013792,100.0
STU_013793,70.42109690186825
STU_013794,79.65257109071577
STU_013795,80.27264189440882
STU_013796,71.03644800447397
STU_013797,85.13141839361101
STU_013798,57.49219535848389
STU_013799,78.45601647082255
STU_013800,85.22095608271383
STU_013801,98.72186391145402
STU_013802,79.5499384003784
STU_013803,74.06141483093624
STU_013804,71.80046495281431
STU_013805,86.96455754023712
STU_013806,70.80722201828061
STU_013807,72.98251112189166
STU_013808,70.89003596235924
STU_013809,74.51747846068753
STU_013810,84.38984084243117
STU_013811,72.5336157940367
STU_013812,79.39076817094112
STU_013813,69.76181809242688
STU_013814,66.72721948286234
STU_013815,78.5302769350957
STU_013816,68.0012384075532
STU_013817,79.86430035636198
STU_013818,55.5552676789608
STU_013819,79.88320316159549
STU_013820,72.11943533923312
STU_013821,73.77366470648445
STU_013822,95.5926453681959
STU_013823,89.27422939774954
STU_013824,70.12685027001065
STU_013825,61.33323793624528
STU_013826,81.14447772935306
STU_013827,78.98261497354702
STU_013828,88.5568032283295
STU_013829,79.052890719279
STU_013830,84.1902536903295
STU_013831,77.9129983249182
STU_013832,92.19846477339449
STU_013833,81.17193285203743
STU_013834,67.87392212250846
STU_013835,80.46437729494255
STU_013836,68.57308311139153
STU_013837,94.36738419849728
STU_013838,55.625443392572656
STU_013839,60.73092165162621
STU_013840,56.071402168498466
STU_013841,98.03424658667997
STU_013842,79.37345688969864
STU_013843,76.55755531350641
STU_013844,74.73923301410375
STU_013845,92.8952879200522
STU_013846,85.21341527714762
STU_013847,46.54783168630097
STU_013848,100.0
STU_013849,61.77789956382415
STU_013850,73.55600082328702
STU_013851,64.39924767634899
STU_013852,89.64501130386387
STU_013853,68.8510269989803
STU_013854,78.59271773848748
STU_013855,73.93020843906889
STU_013856,59.157285866506186
STU_013857,76.57577047334301
STU_013858,82.10946455012039
STU_013859,76.15796445276673
STU_013860,73.28384728344628
STU_013861,70.61339631619012
STU_013862,82.59338914676843
STU_013863,83.20294155165078
STU_013864,66.27903745423174
STU_013865,89.44851451925594
STU_013866,55.55561782013614
STU_013867,73.6816888876892
STU_013868,96.37430650629754
STU_013869,73.89105626939642
STU_013870,50.95027238498639
STU_013871,72.0108755234102
STU_013872,97.1267355891342
STU_013873,70.06944421172854
STU_013874,65.11316283673308
STU_013875,63.22879240822573
STU_013876,77.12369103607733
STU_013877,57.66409046222464
STU_013878,61.41087156295637
STU_013879,63.80649390427341
STU_013880,94.98992482419975
STU_013881,74.34565621617367
STU_013882,78.3507310076457
STU_013883,74.09737893056825
STU_013884,79.69730189566559
STU_013885,90.8484954735786
STU_013886,86.52640129914889
STU_013887,77.86186783730126
STU_013888,80.43300490775871
STU_013889,78.71953215518369
STU_013890,94.12383306284342
STU_013891,93.78476990994201
STU_013892,73.83926230593386
STU_013893,61.89628731055078
STU_013894,94.77276030390067
STU_013895,56.43454601634798
STU_013896,91.48161997691771
STU_013897,75.73204770907181
STU_013898,76.60036711661331
STU_013899,83.74415275267475
STU_013900,67.35391709324729
STU_013901,77.40060530363664
STU_013902,72.91436775954301
STU_013903,70.84486201974214
STU_013904,71.51546158875453
STU_013905,87.98371844627168
STU_013906,78.11696150946536
STU_013907,65.64188014439036
STU_013908,66.2264558835422
STU_013909,91.23473606207396
STU_013910,62.8614627039429
STU_013911,81.94811481013735
STU_013912,80.36532161903897
STU_013913,71.89077423596459
STU_013914,60.04478788929339
STU_013915,67.28060362352208
STU_013916,95.55513472314858
STU_013917,53.02970778978609
STU_013918,54.17947001524513
STU_013919,75.40854107338549
STU_013920,78.30272838709185
STU_013921,61.318236321856176
STU_013922,96.84243212816698
STU_013923,86.73596148283686
STU_013924,83.14972661100813
STU_013925,70.15085214444399
STU_013926,80.74442786610881
STU_013927,98.76371986641884
STU_013928,45.283849684681236
STU_013929,59.97256470266564
STU_013930,71.03299159591138
STU_013931,63.45981459847619
STU_013932,65.07746909741857
STU_013933,52.453047501174865
STU_013934,62.967730179301455
STU_013935,77.74047387397417
STU_013936,86.57227754304145
STU_013937,80.8987431842595
STU_013938,75.78116765193673
STU_013939,65.3247785741899
STU_013940,67.94552331893308
STU_013941,68.59796583120696
STU_013942,100.0
STU_013943,59.81708933232643
STU_013944,89.98110308948839
STU_013945,77.78145442540495
STU_013946,98.63746868326463
STU_013947,83.67947626592297
STU_013948,77.97579402679304
STU_013949,48.544734004385575
STU_013950,87.5642090679061
STU_013951,57.56903326580143
STU_013952,94.1452788117632
STU_013953,72.33673867187663
STU_013954,53.41081329133343
STU_013955,66.02506722138281
STU_013956,77.59746838707429
STU_013957,82.80981118053093
STU_013958,72.75913469404917
STU_013959,73.05194976814559
STU_013960,76.54658154215828
STU_013961,72.08374506803902
STU_013962,65.84868815412628
STU_013963,67.67294255137199
STU_013964,75.2137258827119
STU_013965,62.977711000815304
STU_013966,67.7621481691183
STU_013967,74.12238288508114
STU_013968,92.95381577117409
STU_013969,49.6816795323587
STU_013970,88.35087000151061
STU_013971,63.91035047910977
STU_013972,73.89752422752345
STU_013973,69.71664709501971
STU_013974,93.08206323199157
STU_013975,80.75586317295762
STU_013976,70.51884378655609
STU_013977,85.1999423808641
STU_013978,93.32953294896333
STU_013979,86.0657573736054
STU_013980,75.6444192841719
STU_013981,73.32093516523368
STU_013982,71.05994913913578
STU_013983,75.48163362219657
STU_013984,69.76967089475686
STU_013985,79.64213101030559
STU_013986,68.48121574618446
STU_013987,95.9160493501083
STU_013988,69.05054902597118
STU_013989,67.62913052938349
STU_013990,68.92619101561705
STU_013991,76.78742482216654
STU_013992,76.63071936092653
STU_013993,76.65163819971065
STU_013994,71.90971623340437
STU_013995,59.443573262579086
STU_013996,74.79949072803909
STU_013997,95.04030897171612
STU_013998,60.7606767663475
STU_013999,75.53709527486157
STU_014000,75.65688412201136
STU_014001,65.58095756391695
STU_014002,60.304217304724546
STU_014003,70.03344203089304
STU_014004,63.388413211913914
STU_014005,70.94519490606092
STU_014006,65.56375765755135
STU_014007,88.10340492559234
STU_014008,61.954910720765355
STU_014009,100.0
STU_014010,76.20366401532728
STU_014011,81.15244070693107
STU_014012,91.6117061481427
STU_014013,51.07957482616646
STU_014014,88.84891900743068
STU_014015,83.608932724741
STU_014016,62.923640588629006
STU_014017,82.45455253355962
STU_014018,76.79784192181259
STU_014019,88.96634055264647
STU_014020,85.23653633883738
STU_014021,92.42157934610816
STU_014022,71.84709461151293
STU_014023,61.8855437522214
STU_014024,76.88205021537493
STU_014025,83.27417557540437
STU_014026,76.21744972310466
STU_014027,100.0
STU_014028,85.54070602295263
STU_014029,76.39512392632331
STU_014030,73.50632655527288
STU_014031,75.2123593836914
STU_014032,71.08197216771678
STU_014033,72.9688633429962
STU_014034,91.13026969264983
STU_014035,95.36909793714814
STU_014036,54.31255798820335
STU_014037,57.15043513960782
STU_014038,84.84914906290379
STU_014039,89.82262708677285
STU_014040,72.85727131843365
STU_014041,72.95175776477782
STU_014042,62.971815843978256
STU_014043,70.85853124226368
STU_014044,100.0
STU_014045,76.85817183758934
STU_014046,64.8988964984335
STU_014047,87.06873840587258
STU_014048,63.08358966567058
STU_014049,84.5524303928552
STU_014050,75.41926615414937
STU_014051,71.76513464583702
STU_014052,81.53273042361884
STU_014053,86.59894243195401
STU_014054,86.93014659827863
STU_014055,100.0
STU_014056,76.8732216655674
STU_014057,69.63965642926695
STU_014058,78.78345503837457
STU_014059,65.09996117731023
STU_014060,78.39737451955392
STU_014061,67.98474423907024
STU_014062,86.20791759036268
STU_014063,72.21491620546527
STU_014064,67.55633334309766
STU_014065,62.24288280150574
STU_014066,44.57674522871752
STU_014067,95.63759309967716
STU_014068,72.37304028754552
STU_014069,79.16854742141037
STU_014070,78.36167480673484
STU_014071,47.33362654925471
STU_014072,72.04794395208837
STU_014073,76.65701404751046
STU_014074,72.38895664678704
STU_014075,72.17580952147904
STU_014076,67.8545727025018
STU_014077,53.42743238100996
STU_014078,55.25612919475635
STU_014079,77.43539858427363
STU_014080,88.35049267505187
STU_014081,100.0
STU_014082,80.74254044650809
STU_014083,62.073858490772686
STU_014084,77.49886357441325
STU_014085,98.93856532660224
STU_014086,59.90577340869549
STU_014087,67.96480334037392
STU_014088,73.62660389862252
STU_014089,71.96139975703642
STU_014090,68.97158718343071
STU_014091,89.65496359499001
STU_014092,68.62417893655838
STU_014093,72.81322847996874
STU_014094,62.33965109985218
STU_014095,76.59258028025235
STU_014096,84.79008913870726
STU_014097,86.56919540302397
STU_014098,74.1350331691838
STU_014099,73.37039988535957
STU_014100,67.4875281028469
STU_014101,78.15606993959986
STU_014102,82.79280238488846
STU_014103,73.26923209242423
STU_014104,91.09872635541895
STU_014105,47.125270035530335
STU_014106,70.07958395611384
STU_014107,88.03386504805874
STU_014108,77.89512811166546
STU_014109,79.37990334963064
STU_014110,83.45303848250978
STU_014111,85.08641647200554
STU_014112,60.049388611982685
STU_014113,58.5497788659135
STU_014114,66.47025425795982
STU_014115,76.19169039033459
STU_014116,99.36886165790989
STU_014117,67.8797423853352
STU_014118,91.05652445432474
STU_014119,70.42099951104598
STU_014120,68.64417495585812
STU_014121,58.59324699145757
STU_014122,61.864681405748044
STU_014123,57.96156965247158
STU_014124,60.15609923193172
STU_014125,84.60284384228962
STU_014126,60.75448533716067
STU_014127,69.49987355805935
STU_014128,58.90796335676334
STU_014129,84.35184725221106
STU_014130,81.46355858571114
STU_014131,88.13586932843896
STU_014132,84.46601400028503
STU_014133,73.25046611757334
STU_014134,47.38455902173577
STU_014135,77.19182676650253
STU_014136,74.26628520123475
STU_014137,97.1690121642756
STU_014138,55.72485960144495
STU_014139,72.96705131088996
STU_014140,76.38251924765217
STU_014141,88.658682963976
STU_014142,74.93626608667878
STU_014143,81.08538582917444
STU_014144,96.95037123641141
STU_014145,69.2526129695154
STU_014146,91.30376186131485
STU_014147,81.36522354719291
STU_014148,88.112461704593
STU_014149,75.13038689908325
STU_014150,66.11872419226079
STU_014151,95.6281645787791
STU_014152,85.53575192898411
STU_014153,57.69089883335083
STU_014154,81.79182282303498
STU_014155,67.77987883266404
STU_014156,90.77331935031039
STU_014157,78.47719936658574
STU_014158,79.55924487108707
STU_014159,81.22812749277452
STU_014160,92.00197826757865
STU_014161,82.37955429638396
STU_014162,94.18265037859656
STU_014163,75.7089838122373
STU_014164,53.234201559354986
STU_014165,95.12354775541513
STU_014166,67.37088510137428
STU_014167,78.46540752297544
STU_014168,67.76390828981145
STU_014169,55.381464853358885
STU_014170,84.10107764035429
STU_014171,84.18444379301076
STU_014172,79.61785562360821
STU_014173,65.13739698129847
STU_014174,78.53626702296071
STU_014175,81.56802096644172
STU_014176,64.65045577409951
STU_014177,75.43640773749817
STU_014178,72.88675733883633
STU_014179,85.50668260993845
STU_014180,80.23544040539693
STU_014181,76.05492690056761
STU_014182,93.4443920383849
STU_014183,65.53722000194244
STU_014184,84.90170639989128
STU_014185,75.23431414479191
STU_014186,91.70153176995596
STU_014187,95.63754482288019
STU_014188,80.3301837089041
STU_014189,65.17963768538525
STU_014190,69.10070631197772
STU_014191,65.56077041473362
STU_014192,63.316253346552095
STU_014193,85.76276828340274
STU_014194,72.38311515971324
STU_014195,63.09809983810155
STU_014196,81.77869624970317
STU_014197,68.6364279623617
STU_014198,71.53852688080421
STU_014199,59.0751399891116
STU_014200,74.4103591726958
STU_014201,76.2297511270852
STU_014202,83.44771343846236
STU_014203,61.3489028597075
STU_014204,86.3326942790726
STU_014205,66.70222242529191
STU_014206,76.62191088571988
STU_014207,74.19340303995556
STU_014208,72.58057495012768
STU_014209,70.5183064764593
STU_014210,96.6890404079075
STU_014211,79.49005505424833
STU_014212,96.28470424554406
STU_014213,75.68218584745523
STU_014214,63.64492638338611
STU_014215,72.32095293610212
STU_014216,68.64761532987644
STU_014217,88.70360536005704
STU_014218,100.0
STU_014219,67.93994464305823
STU_014220,77.19858495344964
STU_014221,84.15424445693239
STU_014222,78.72916684315
STU_014223,87.04382756005589
STU_014224,93.71749346468914
STU_014225,72.1557295815032
STU_014226,55.956676752829644
STU_014227,72.03224729651681
STU_014228,62.2184651401225
STU_014229,90.56961626640135
STU_014230,92.58910621161863
STU_014231,75.05887328157792
STU_014232,78.80477284018984
STU_014233,56.399913586871065
STU_014234,100.0
STU_014235,77.71389276036813
STU_014236,71.22009904243852
STU_014237,87.22259930667002
STU_014238,52.857852095985
STU_014239,90.48245737273346
STU_014240,72.2261450884989
STU_014241,83.59359225269218
STU_014242,90.24457212364774
STU_014243,65.47982369708873
STU_014244,74.15977975154405
STU_014245,79.28337419918701
STU_014246,77.72301495761964
STU_014247,66.50757447987725
STU_014248,91.84330572794221
STU_014249,79.35271166471854
STU_014250,82.3430097544548
STU_014251,79.45037188578753
STU_014252,64.74191120148646
STU_014253,88.81208363824653
STU_014254,69.98765912369502
STU_014255,97.3211962923207
STU_014256,67.0945654047931
STU_014257,71.6558843108248
STU_014258,85.7236859532837
STU_014259,67.00908311020946
STU_014260,87.18168996022352
STU_014261,83.98704723446586
STU_014262,75.73527788151277
STU_014263,64.4412571380314
STU_014264,89.41778319886129
STU_014265,68.11441473497688
STU_014266,84.28433807859224
STU_014267,97.06496439114188
STU_014268,89.72526409218035
STU_014269,71.88661963909031
STU_014270,74.01153886054075
STU_014271,59.102146573455066
STU_014272,72.1755665655228
STU_014273,70.50894612362998
STU_014274,66.52887369360768
STU_014275,85.6315413924348
STU_014276,67.8055981213003
STU_014277,91.34535556052532
STU_014278,62.89989002084685
STU_014279,91.01270111597545
STU_014280,54.33045549377186
STU_014281,89.9968596614988
STU_014282,69.07028753534182
STU_014283,54.86821294256972
STU_014284,82.9325665559944
STU_014285,93.04150440002327
STU_014286,63.28722993960506
STU_014287,82.68083329613165
STU_014288,51.96723356304812
STU_014289,74.6613862753104
STU_014290,74.93022423021806
STU_014291,64.07368660561006
STU_014292,74.21178686200967
STU_014293,74.42159100094122
STU_014294,60.649842612244285
STU_014295,68.6529962012607
STU_014296,69.42191663546761
STU_014297,61.94590162824032
STU_014298,75.08262786154603
STU_014299,76.79632099178309
STU_014300,91.9623094647167
STU_014301,57.84071048412092
STU_014302,100.0
STU_014303,88.86661519757055
STU_014304,60.84173332918539
STU_014305,78.75573510271005
STU_014306,74.71650445521009
STU_014307,99.97630277260316
STU_014308,69.34727252338323
STU_014309,90.894159896354
STU_014310,75.08065517310712
STU_014311,100.0
STU_014312,73.2648092464599
STU_014313,68.74934323658675
STU_014314,66.70292670895022
STU_014315,84.31133033268752
STU_014316,72.04499013057709
STU_014317,71.00286080362983
STU_014318,75.5259893646469
STU_014319,60.216945926803696
STU_014320,77.12546265439425
STU_014321,64.5965259000282
STU_014322,96.61449728197555
STU_014323,82.36414352926712
STU_014324,80.26764814241278
STU_014325,83.6481544198729
STU_014326,87.44697986280434
STU_014327,71.0249219516649
STU_014328,52.7652422654593
STU_014329,92.79747133474375
STU_014330,55.19468246077875
STU_014331,65.50835391209752
STU_014332,58.94963051151301
STU_014333,63.19793678015349
STU_014334,97.27835934905158
STU_014335,80.7003608335775
STU_014336,90.40388772236437
STU_014337,79.58415592412896
STU_014338,67.38490956358139
STU_014339,62.19430960254003
STU_014340,65.74760354102402
STU_014341,92.92463367046592
STU_014342,60.751897198107855
STU_014343,73.3188084852981
STU_014344,49.932621898903236
STU_014345,78.42261503423772
STU_014346,87.80639230652831
STU_014347,68.4571946615097
STU_014348,75.10920297218367
STU_014349,68.65952674100521
STU_014350,67.90677908453034
STU_014351,74.0583678413668
STU_014352,90.4038248322714
STU_014353,90.33548446842408
STU_014354,90.74490537675051
STU_014355,63.32258666575087
STU_014356,50.651833024262835
STU_014357,85.34443980817011
STU_014358,54.750499027179934
STU_014359,74.91841264553067
STU_014360,60.24327385354135
STU_014361,66.18315872637527
STU_014362,100.0
STU_014363,50.62660176352265
STU_014364,82.44239877519801
STU_014365,59.41403165798677
STU_014366,74.87067506295136
STU_014367,71.85523717013452
STU_014368,86.36541019794468
STU_014369,88.56418162478303
STU_014370,93.37404913145673
STU_014371,74.79146009183069
STU_014372,85.16046032464541
STU_014373,67.83855413291295
STU_014374,80.11600648423475
STU_014375,81.62911053454644
STU_014376,92.44265732143025
STU_014377,80.88148401831515
STU_014378,100.0
STU_014379,78.1983710953819
STU_014380,86.78914779335432
STU_014381,47.40740003507627
STU_014382,78.18572519245689
STU_014383,74.64305071314472
STU_014384,85.40441532322289
STU_014385,92.42093644863039
STU_014386,60.35457914452648
STU_014387,80.78145010939025
STU_014388,70.31418094133333
STU_014389,74.81482828325964
STU_014390,71.38584913657348
STU_014391,47.678203437352145
STU_014392,89.61942095921556
STU_014393,90.30736769888173
STU_014394,74.71984464040466
STU_014395,96.90356608719942
STU_014396,91.75761864032239
STU_014397,82.17653579711784
STU_014398,97.80021031200519
STU_014399,71.57099702946157
STU_014400,93.89093259780913
STU_014401,82.27596820445379
STU_014402,74.6111023696496
STU_014403,78.35131615492202
STU_014404,79.22955759152771
STU_014405,67.26403677193888
STU_014406,80.24875704971039
STU_014407,96.7994058011821
STU_014408,63.12676110153145
STU_014409,60.03048613319885
STU_014410,71.86193912942419
STU_014411,66.14219671400792
STU_014412,71.90683340742979
STU_014413,80.16801253919134
STU_014414,63.807465888604646
STU_014415,65.95880836423525
STU_014416,78.73039346769826
STU_014417,91.36261904860272
STU_014418,89.71272989727478
STU_014419,53.10902042661847
STU_014420,90.5661648555197
STU_014421,96.0920715655796
STU_014422,68.39125983042993
STU_014423,93.52172851344447
STU_014424,76.68423331115311
STU_014425,95.24511294859877
STU_014426,72.16596826152296
STU_014427,88.76020700864797
STU_014428,95.3573475704514
STU_014429,94.77689288335839
STU_014430,58.92903717188608
STU_014431,62.19496547412522
STU_014432,68.22932903373822
STU_014433,67.8594209867361
STU_014434,77.18403879551545
STU_014435,95.6864459619854
STU_014436,58.621791435414615
STU_014437,71.08056304082895
STU_014438,73.37651528948584
STU_014439,80.46672225212542
STU_014440,49.79015718905819
STU_014441,62.34840239221457
STU_014442,77.34511340398168
STU_014443,58.913196692975504
STU_014444,54.879807014980926
STU_014445,71.90116279084968
STU_014446,67.68183409505419
STU_014447,93.78020413494654
STU_014448,62.60581442333107
STU_014449,55.16754209440206
STU_014450,70.79250795700484
STU_014451,86.56135351128609
STU_014452,88.35907581969595
STU_014453,100.0
STU_014454,88.04119636267653
STU_014455,87.93257896597682
STU_014456,82.57610623008482
STU_014457,65.3510934395132
STU_014458,66.08355508531218
STU_014459,74.96674862848937
STU_014460,100.0
STU_014461,93.55636381912807
STU_014462,80.27133642588436
STU_014463,84.6344157152509
STU_014464,71.90576336495576
STU_014465,93.69638674221073
STU_014466,67.02361661824806
STU_014467,73.96856904856696
STU_014468,74.2920102039982
STU_014469,86.30196692736158
STU_014470,74.5963280280063
STU_014471,81.91864444089857
STU_014472,65.11766612749832
STU_014473,65.75759912051282
STU_014474,88.47885673127452
STU_014475,62.4962066790588
STU_014476,65.05085282742063
STU_014477,92.13681118771687
STU_014478,82.53502773370253
STU_014479,96.98770660289831
STU_014480,75.81338337596922
STU_014481,87.71705239448825
STU_014482,55.15878026328369
STU_014483,92.69890046445182
STU_014484,50.11189280632271
STU_014485,77.32708955751609
STU_014486,91.11665267554841
STU_014487,83.029952452033
STU_014488,73.02565425723304
STU_014489,49.17613547661732
STU_014490,88.5979403869498
STU_014491,83.1349705862616
STU_014492,76.60929957343032
STU_014493,60.12909385003427
STU_014494,83.52068730009735
STU_014495,69.75792802069759
STU_014496,69.05363398144983
STU_014497,63.24954880290633
STU_014498,84.39356327468234
STU_014499,82.3399880264445
STU_014500,66.3047115587399
STU_014501,65.83186467364867
STU_014502,69.36942037996312
STU_014503,74.78969513832914
STU_014504,97.88673101800426
STU_014505,73.72867946338035
STU_014506,72.65349328006525
STU_014507,71.23562492335991
STU_014508,67.43896167119824
STU_014509,75.16339804646975
STU_014510,59.57743451293457
STU_014511,80.40023738790967
STU_014512,73.4983110308275
STU_014513,83.46662635152494
STU_014514,78.71979784095313
STU_014515,69.7396253311274
STU_014516,81.7368317224965
STU_014517,81.75904015125347
STU_014518,75.85565720077811
STU_014519,62.065496053322065
STU_014520,76.96789633253692
STU_014521,95.66447865138117
STU_014522,66.8040798152622
STU_014523,94.61019570743593
STU_014524,90.99371996889673
STU_014525,69.83651748237367
STU_014526,80.75592326434098
STU_014527,45.10162698877385
STU_014528,66.78997120288102
STU_014529,85.81790455637079
STU_014530,67.88879160753174
STU_014531,74.68617245561576
STU_014532,94.41319776071244
STU_014533,97.62188866923015
STU_014534,95.37154327694124
STU_014535,91.9753767505338
STU_014536,89.02275364844083
STU_014537,77.1180864706718
STU_014538,62.71623779949972
STU_014539,67.59644462729034
STU_014540,53.473770429601245
STU_014541,86.64320553865295
STU_014542,53.658636992530504
STU_014543,85.2725121246083
STU_014544,68.3976764048355
STU_014545,62.41180723017324
STU_014546,57.66275576869401
STU_014547,62.93612288541859
STU_014548,86.945460004173
STU_014549,96.3517487376547
STU_014550,75.58798984803886
STU_014551,69.10263338028106
STU_014552,66.13560802299207
STU_014553,83.09615345194516
STU_014554,73.65663127690328
STU_014555,68.46310840211275
STU_014556,93.38246903318094
STU_014557,76.46274856075372
STU_014558,60.54919398639276
STU_014559,80.92543703483639
STU_014560,96.34573041391596
STU_014561,72.70505739768618
STU_014562,71.02380805920289
STU_014563,74.67305702977544
STU_014564,96.71518957009945
STU_014565,64.43001665825547
STU_014566,86.81465490436597
STU_014567,69.47535411261632
STU_014568,68.23268861170885
STU_014569,75.23493813756379
STU_014570,58.28524046114324
STU_014571,66.8293540894057
STU_014572,71.51528390168728
STU_014573,77.91519566506419
STU_014574,65.25274054571432
STU_014575,59.62672691889787
STU_014576,69.47308880470456
STU_014577,58.76592865582138
STU_014578,62.56638334986392
STU_014579,79.30479625225743
STU_014580,89.00218935246569
STU_014581,89.30292808455405
STU_014582,81.40195893438691
STU_014583,72.39538364189575
STU_014584,79.35852794693719
STU_014585,72.49014056902072
STU_014586,86.50509645986267
STU_014587,59.46079079490043
STU_014588,81.25475177396898
STU_014589,55.635325334581495
STU_014590,66.9937893448438
STU_014591,86.42925960296691
STU_014592,71.76986919593713
STU_014593,95.28435315326996
STU_014594,95.79070746911097
STU_014595,53.23273564111889
STU_014596,100.0
STU_014597,71.9079181174585
STU_014598,65.3369008177034
STU_014599,78.41465655418672
STU_014600,57.89906276561954
STU_014601,77.25966530905691
STU_014602,94.28320112662034
STU_014603,57.85502111814294
STU_014604,85.38240702167838
STU_014605,98.60293310091156
STU_014606,59.251159764526726
STU_014607,82.76959768689628
STU_014608,60.12958801893822
STU_014609,80.37021116975237
STU_014610,79.44280951735271
STU_014611,77.86286813108643
STU_014612,58.00952060832002
STU_014613,73.37310435689396
STU_014614,89.38066755478448
STU_014615,72.3199747799089
STU_014616,93.38981155471939
STU_014617,64.26794381268085
STU_014618,84.52100557620021
STU_014619,74.83404607667714
STU_014620,85.70112843185589
STU_014621,63.56170553776444
STU_014622,96.2487234773126
STU_014623,71.93614523525217
STU_014624,82.57078762254932
STU_014625,72.57142650795979
STU_014626,87.99475388064789
STU_014627,66.29115523358313
STU_014628,58.32640711111793
STU_014629,79.92593751978883
STU_014630,71.91119110577202
STU_014631,63.1049372110839
STU_014632,71.10288855201053
STU_014633,74.12595679111445
STU_014634,92.97472771003247
STU_014635,60.670203655838684
STU_014636,50.00769961647808
STU_014637,94.65231891717673
STU_014638,69.20947840902602
STU_014639,75.06607267197104
STU_014640,67.93907584817481
STU_014641,67.17889123634409
STU_014642,93.69998294763417
STU_014643,55.8514652676005
STU_014644,91.91092663959327
STU_014645,72.4907209681501
STU_014646,86.47785039689668
STU_014647,89.65265285373195
STU_014648,71.30872771542754
STU_014649,90.74838188171012
STU_014650,71.62772607752547
STU_014651,64.38211888816339
STU_014652,93.68453957906691
STU_014653,80.00038322796016
STU_014654,86.74330972770564
STU_014655,55.337472829797164
STU_014656,64.26402928863615
STU_014657,57.10319639594657
STU_014658,78.27263044913575
STU_014659,72.69835525059631
STU_014660,73.06425431745437
STU_014661,55.14614214540951
STU_014662,70.74274323010636
STU_014663,74.47563277963188
STU_014664,55.46774930795567
STU_014665,78.50209493341254
STU_014666,92.83102553887524
STU_014667,80.56497156851047
STU_014668,52.21562245625616
STU_014669,78.2188778935704
STU_014670,96.1394213235196
STU_014671,77.72942043668289
STU_014672,83.83902534973613
STU_014673,94.59777754870223
STU_014674,91.9730887144061
STU_014675,84.23757601583702
STU_014676,77.05693530481828
STU_014677,65.16383028268832
STU_014678,67.44624390016519
STU_014679,59.12574729567207
STU_014680,47.596939120064526
STU_014681,91.18659284576573
STU_014682,48.982723017556225
STU_014683,68.72670919930954
STU_014684,61.80700716194842
STU_014685,69.98104991153438
STU_014686,78.06351770549468
STU_014687,83.22233275875153
STU_014688,95.60287200667945
STU_014689,66.9019570427358
STU_014690,59.30048079244477
STU_014691,83.51181846025266
STU_014692,96.83403766913773
STU_014693,70.34645713031372
STU_014694,73.41334129190228
STU_014695,99.15795805389395
STU_014696,45.25876567548809
STU_014697,73.57132708916554
STU_014698,91.7139075654246
STU_014699,68.68855060239522
STU_014700,90.12090023247615
STU_014701,69.18534396251721
STU_014702,86.34143757401512
STU_014703,80.31280077855374
STU_014704,95.58600893410932
STU_014705,78.15915551351382
STU_014706,83.88152779233873
STU_014707,98.49913704959782
STU_014708,96.33319912407288
STU_014709,78.43983988452133
STU_014710,52.94797840962292
STU_014711,71.88225292091883
STU_014712,76.63557831834743
STU_014713,50.392447197999545
STU_014714,78.88215893441492
STU_014715,80.10688072642719
STU_014716,63.18436008158701
STU_014717,58.06819560616861
STU_014718,63.30644401051661
STU_014719,94.16749217835141
STU_014720,81.78131285867148
STU_014721,55.15189641989711
STU_014722,69.22056772144768
STU_014723,95.0970762723175
STU_014724,88.86379467163134
STU_014725,70.70652173012463
STU_014726,66.28106836704336
STU_014727,59.99399868801392
STU_014728,92.04407415917478
STU_014729,83.157638115035
STU_014730,52.18493457000648
STU_014731,62.35645195856032
STU_014732,79.01455782690866
STU_014733,77.06850978983165
STU_014734,64.09939397334473
STU_014735,100.0
STU_014736,73.04260292956188
STU_014737,75.06193820420356
STU_014738,71.50176903894571
STU_014739,85.39556207153025
STU_014740,79.46717323004218
STU_014741,80.85343934704736
STU_014742,92.3281016409737
STU_014743,98.43954948312575
STU_014744,67.32458927551139
STU_014745,83.51378865558604
STU_014746,53.52957610298508
STU_014747,72.23904967655265
STU_014748,99.82916692761381
STU_014749,92.44058820580373
STU_014750,81.84845246849162
STU_014751,95.26096522722145
STU_014752,82.14700149511677
STU_014753,62.67868837624873
STU_014754,100.0
STU_014755,66.00009962843775
STU_014756,69.856492977713
STU_014757,74.81218063777047
STU_014758,100.0
STU_014759,67.79346283406046
STU_014760,76.77079526855775
STU_014761,75.62347041568538
STU_014762,100.0
STU_014763,84.86731491172219
STU_014764,98.20204487839781
STU_014765,76.1330406924751
STU_014766,78.9536554087062
STU_014767,69.9786379418717
STU_014768,68.16336394911285
STU_014769,97.28243279811136
STU_014770,74.3715405098572
STU_014771,71.41637108120646
STU_014772,70.41399961923862
STU_014773,85.32236512245666
STU_014774,88.73861847484275
STU_014775,77.71949810633032
STU_014776,80.34195180249671
STU_014777,76.60838037499387
STU_014778,81.69413511328396
STU_014779,79.74384297041244
STU_014780,58.52846939461244
STU_014781,83.12678285243295
STU_014782,86.83425013081943
STU_014783,91.45246230581833
STU_014784,92.52027853370657
STU_014785,82.99515673083904
STU_014786,84.91378414291391
STU_014787,75.79042125426254
STU_014788,92.45182062343866
STU_014789,76.85192355348333
STU_014790,79.63220638482424
STU_014791,65.93927058717674
STU_014792,57.84318789688622
STU_014793,66.10487821783852
STU_014794,61.352819657265826
STU_014795,77.86467376623385
STU_014796,78.18429956744052
STU_014797,70.27195588333085
STU_014798,89.67716135217117
STU_014799,89.69804885153505
STU_014800,81.32618733473592
STU_014801,89.64611228086657
STU_014802,58.789584458633335
STU_014803,85.99315771061326
STU_014804,80.33306815351347
STU_014805,73.64998484311049
STU_014806,73.89436566890035
STU_014807,69.38680243105573
STU_014808,69.47280219792307
STU_014809,52.67186345626486
STU_014810,95.94654804429925
STU_014811,97.09230173272186
STU_014812,72.60091586156686
STU_014813,62.61217206927473
STU_014814,67.37300675727444
STU_014815,57.41941367198756
STU_014816,78.30436954440005
STU_014817,84.76121266428478
STU_014818,49.5604488788065
STU_014819,79.40531087734846
STU_014820,70.74100816723787
STU_014821,59.11070542599321
STU_014822,99.52508451055381
STU_014823,68.8926206172494
STU_014824,92.48729318258874
STU_014825,76.89249127631608
STU_014826,92.92880670480336
STU_014827,61.73519097337384
STU_014828,75.44452327252182
STU_014829,77.71906365028286
STU_014830,84.83032516937382
STU_014831,82.6561446947894
STU_014832,65.06178304058679
STU_014833,62.50462075237586
STU_014834,80.91258467793983
STU_014835,75.88350864613624
STU_014836,87.03543285767174
STU_014837,72.19140756570516
STU_014838,74.27558285870822
STU_014839,81.16797369943205
STU_014840,79.60918722451187
STU_014841,97.79361530617348
STU_014842,56.26699666209029
STU_014843,69.3653203842231
STU_014844,94.52326376337598
STU_014845,71.90680726861594
STU_014846,83.53605424832541
STU_014847,80.94979006419699
STU_014848,57.91353963164101
STU_014849,60.17909725259643
STU_014850,75.64435097085722
STU_014851,82.50436341712432
STU_014852,81.28442305459264
STU_014853,71.80227661529638
STU_014854,66.21844576866629
STU_014855,75.19595035899198
STU_014856,73.91108480259541
STU_014857,80.16323813979785
STU_014858,66.41618879392813
STU_014859,88.32667878675274
STU_014860,51.028619410301204
STU_014861,86.5845312093204
STU_014862,94.2122285305754
STU_014863,72.10453723920797
STU_014864,76.37219450197148
STU_014865,68.93414516703044
STU_014866,72.04355208663839
STU_014867,72.96740168396381
STU_014868,100.0
STU_014869,99.37561176994853
STU_014870,76.34439099780992
STU_014871,75.9297229353111
STU_014872,84.14613317874772
STU_014873,65.31841986886707
STU_014874,62.88874651421561
STU_014875,82.07533945641242
STU_014876,55.87323467000695
STU_014877,67.17345409938684
STU_014878,64.52953207756394
STU_014879,79.6703233195306
STU_014880,83.77893086734974
STU_014881,77.04080689221608
STU_014882,68.21554530216581
STU_014883,79.48408897457458
STU_014884,67.7519670771133
STU_014885,83.81246616725525
STU_014886,70.49636370994307
STU_014887,74.6033283467924
STU_014888,86.6415225365134
STU_014889,71.89959042861688
STU_014890,91.85459419548033
STU_014891,74.74169044565348
STU_014892,86.13500602221515
STU_014893,67.72221232820475
STU_014894,73.23851823294342
STU_014895,62.82538792748071
STU_014896,78.88327428948415
STU_014897,80.36106911280217
STU_014898,84.23944920486285
STU_014899,57.433106999299504
STU_014900,97.49131854508596
STU_014901,77.50467498493916
STU_014902,83.08383619937337
STU_014903,87.02240821892991
STU_014904,79.04367183902495
STU_014905,90.83760370557158
STU_014906,77.95722560041278
STU_014907,55.99802774180298
STU_014908,79.72229240296816
STU_014909,81.3319552633052
STU_014910,70.59159543403557
STU_014911,98.05236221771531
STU_014912,80.35951358429685
STU_014913,74.70153639974832
STU_014914,51.87997962807992
STU_014915,61.79211907010973
STU_014916,67.49628818346876
STU_014917,100.0
STU_014918,87.36660969218761
STU_014919,54.94706610322371
STU_014920,91.95699939428374
STU_014921,65.15744507717241
STU_014922,56.23563617905188
STU_014923,69.53866987499514
STU_014924,84.28055042542536
STU_014925,100.0
STU_014926,79.32862494042817
STU_014927,73.50969645371542
STU_014928,60.76620387690101
STU_014929,82.08560517036959
STU_014930,79.60462754643773
STU_014931,87.40270995199558
STU_014932,61.01133706209993
STU_014933,79.77623743538892
STU_014934,69.69575607945804
STU_014935,78.39438859374079
STU_014936,83.5665487147532
STU_014937,82.9443877832041
STU_014938,98.67918768964694
STU_014939,69.50361318816495
STU_014940,94.18158721154342
STU_014941,63.03936985829708
STU_014942,92.80854099509087
STU_014943,62.13060952959869
STU_014944,71.23257450621091
STU_014945,63.74091626356698
STU_014946,68.72991716864664
STU_014947,69.80262023466244
STU_014948,89.43641359255135
STU_014949,63.47750833943492
STU_014950,87.82753409322017
STU_014951,69.78830238891985
STU_014952,75.51667238207746
STU_014953,96.6698622437638
STU_014954,89.04070679008869
STU_014955,94.59073568596334
STU_014956,81.41646954247844
STU_014957,78.45335932761164
STU_014958,70.35089222022167
STU_014959,54.402623934406876
STU_014960,95.1948621382943
STU_014961,89.00516936198358
STU_014962,51.45690782391884
STU_014963,74.23319903195312
STU_014964,95.04459350261958
STU_014965,74.18109538727396
STU_014966,68.3763244768932
STU_014967,54.2382686078557
STU_014968,91.78218574613719
STU_014969,79.27272737736811
STU_014970,67.65973482841373
STU_014971,67.49261085801211
STU_014972,90.79079383833549
STU_014973,74.19861923308
STU_014974,68.45295927791649
STU_014975,64.46180708860425
STU_014976,88.43024094439367
STU_014977,82.27295281839092
STU_014978,88.42796971058257
STU_014979,92.14892383163988
STU_014980,64.62713277249598
STU_014981,97.68359452066107
STU_014982,65.37517164163606
STU_014983,87.88726817331485
STU_014984,62.35094577900593
STU_014985,68.92695261725495
STU_014986,50.629092981562934
STU_014987,89.33370902978481
STU_014988,66.35332098485195
STU_014989,97.75557907940183
STU_014990,83.44563754262771
STU_014991,97.21083852921271
STU_014992,70.63939696608043
STU_014993,62.14071670049601
STU_014994,84.57858877045547
STU_014995,84.34010175411885
STU_014996,72.04888114645178
STU_014997,79.4934415980493
STU_014998,80.98680377734102
STU_014999,97.52148339832345
STU_015000,73.3231269766183
STU_015001,57.71610761536233
STU_015002,66.52484469345549
STU_015003,57.76097360271152
STU_015004,63.3833627534164
STU_015005,58.15074453000123
STU_015006,65.38064371651069
STU_015007,89.19752569230756
STU_015008,72.42248574388108
STU_015009,78.8776823501501
STU_015010,75.53703213653061
STU_015011,55.032213955145075
STU_015012,96.94012054599604
STU_015013,63.56778331315567
STU_015014,63.524220141153336
STU_015015,85.25900260779035
STU_015016,88.08585059176986
STU_015017,87.11153640386425
STU_015018,73.90404986219572
STU_015019,84.69315789478284
STU_015020,60.36301165079323
STU_015021,76.61753888745052
STU_015022,61.88241013451211
STU_015023,74.51777709010769
STU_015024,72.57839417416733
STU_015025,86.05010823775518
STU_015026,68.99740795321696
STU_015027,81.3798801465912
STU_015028,73.95580266524138
STU_015029,75.36402909408665
STU_015030,89.31861357903367
STU_015031,79.66368664114204
STU_015032,69.08044138237159
STU_015033,77.54513711935431
STU_015034,67.89594429829982
STU_015035,80.30981489477749
STU_015036,72.30845478569506
STU_015037,76.39620567273181
STU_015038,90.63533709042589
STU_015039,65.99364665142446
STU_015040,78.65587280139073
STU_015041,82.90844391210193
STU_015042,47.76078053892018
STU_015043,79.37110774467625
STU_015044,88.72521458532852
STU_015045,90.74966903912775
STU_015046,69.27973328887929
STU_015047,82.18596397237921
STU_015048,67.33254802484896
STU_015049,70.98111199945943
STU_015050,57.08437986078083
STU_015051,62.40389831276722
STU_015052,59.99585222684855
STU_015053,65.59811813855424
STU_015054,90.97394969653413
STU_015055,79.71924209740354
STU_015056,65.18897524057388
STU_015057,100.0
STU_015058,60.98875883941364
STU_015059,95.73790474820098
STU_015060,71.90537629311554
STU_015061,76.19198220697638
STU_015062,70.39526602424252
STU_015063,65.81818475674811
STU_015064,65.5498956134084
STU_015065,91.15926334342194
STU_015066,85.10335508565852
STU_015067,74.21598689873616
STU_015068,68.99609179350564
STU_015069,72.02043399278158
STU_015070,72.53904110006698
STU_015071,75.45958135266058
STU_015072,100.0
STU_015073,63.43182515016265
STU_015074,69.16533290873235
STU_015075,94.86321030656767
STU_015076,70.53879800154225
STU_015077,66.71964625268427
STU_015078,68.55394595982268
STU_015079,100.0
STU_015080,63.797068468706755
STU_015081,96.7495458670677
STU_015082,63.65331084068052
STU_015083,80.76760723861709
STU_015084,62.79357842831346
STU_015085,78.69509955917891
STU_015086,66.35876130233504
STU_015087,58.894912689814376
STU_015088,93.13332315938774
STU_015089,76.72562063599652
STU_015090,85.82357072470118
STU_015091,75.58043097033682
STU_015092,78.41833804587104
STU_015093,97.70061858106986
STU_015094,69.39717334017104
STU_015095,74.30200893911126
STU_015096,86.4334315819448
STU_015097,80.58175272762529
STU_015098,66.86970479847349
STU_015099,62.408379430480295
STU_015100,88.85155901951961
STU_015101,71.96912044415163
STU_015102,80.2096858267341
STU_015103,95.55507064468159
STU_015104,74.11985982733941
STU_015105,93.21273750823349
STU_015106,68.79749871113113
STU_015107,74.08768798197478
STU_015108,80.17924266659696
STU_015109,78.7959299318137
STU_015110,84.12360868270774
STU_015111,63.67475083324944
STU_015112,75.24721415891327
STU_015113,67.86235315161589
STU_015114,83.18299340432392
STU_015115,61.53324080572183
STU_015116,89.9886617728264
STU_015117,66.30754484597028
STU_015118,55.960754325154625
STU_015119,80.72969640795043
STU_015120,84.59169190781128
STU_015121,61.91406347692815
STU_015122,100.0
STU_015123,67.4431852285382
STU_015124,90.34942626690317
STU_015125,75.65139124806517
STU_015126,72.17767305219029
STU_015127,91.78983049409402
STU_015128,76.2020865094462
STU_015129,69.37176392741779
STU_015130,72.06105104884547
STU_015131,81.41690878850893
STU_015132,87.69449068457865
STU_015133,95.77841430994667
STU_015134,82.41987677979438
STU_015135,83.56315686210405
STU_015136,76.13983796821043
STU_015137,77.21871560013714
STU_015138,71.5453707061224
STU_015139,80.80259998646112
STU_015140,96.72106182450429
STU_015141,67.48406119481285
STU_015142,76.8477735321645
STU_015143,98.942588907612
STU_015144,82.19050268952321
STU_015145,61.65137678493022
STU_015146,93.9979432554452
STU_015147,77.44474602030542
STU_015148,72.9336133645874
STU_015149,67.9591327698966
STU_015150,49.65775156496755
STU_015151,53.876021138168156
STU_015152,72.0812347797402
STU_015153,59.49505793666825
STU_015154,83.15940594863827
STU_015155,86.30917795450245
STU_015156,71.86457231185031
STU_015157,61.69719542043015
STU_015158,92.4959080213489
STU_015159,51.77348422930833
STU_015160,87.46612861332457
STU_015161,63.088671220258355
STU_015162,70.61410770051378
STU_015163,74.16548128556829
STU_015164,44.457150295693026
STU_015165,82.79785723539464
STU_015166,97.02275797185902
STU_015167,82.97560850324716
STU_015168,60.15972239545595
STU_015169,91.14638718887105
STU_015170,75.40459534285114
STU_015171,90.67405517073051
STU_015172,62.218735470163956
STU_015173,78.5882489277701
STU_015174,94.10545646417891
STU_015175,76.28127897659787
STU_015176,100.0
STU_015177,79.27440302616309
STU_015178,64.43377303155546
STU_015179,79.49204599257233
STU_015180,63.630866586554625
STU_015181,76.72755474667557
STU_015182,81.32885839049227
STU_015183,80.39840541330496
STU_015184,69.32912502692227
STU_015185,81.9483668581799
STU_015186,75.26403861117788
STU_015187,57.36322001393922
STU_015188,70.57966272877795
STU_015189,89.98023562620065
STU_015190,93.90529861801119
STU_015191,79.99372391543602
STU_015192,100.0
STU_015193,83.26622953647892
STU_015194,86.25155511322596
STU_015195,85.94424408529328
STU_015196,76.96176303096505
STU_015197,74.12518980062738
STU_015198,79.8846872784396
STU_015199,72.59945597131671
STU_015200,70.34687853537501
STU_015201,79.51492239384474
STU_015202,69.0159042646914
STU_015203,64.44397137531064
STU_015204,81.91191222358627
STU_015205,78.27666898786435
STU_015206,74.82112746237242
STU_015207,90.49317225526171
STU_015208,76.64639045582014
STU_015209,81.38485596816493
STU_015210,86.91631720076141
STU_015211,47.54852380545903
STU_015212,93.43890389073202
STU_015213,72.58982632763012
STU_015214,95.97168885557132
STU_015215,73.77520458679389
STU_015216,94.13604729676071
STU_015217,58.41966432059884
STU_015218,76.99196436057714
STU_015219,74.47842397169612
STU_015220,48.713745947851656
STU_015221,86.32252543117919
STU_015222,63.41463929035261
STU_015223,86.4211765825031
STU_015224,75.71967022906041
STU_015225,74.30848990318276
STU_015226,69.9589593691294
STU_015227,65.82146641377946
STU_015228,81.91379198185267
STU_015229,71.88821179379123
STU_015230,77.17875054484277
STU_015231,100.0
STU_015232,81.36012620530173
STU_015233,87.57602377286413
STU_015234,74.11949529702105
STU_015235,65.1048722441499
STU_015236,97.67302554457183
STU_015237,81.53147429005281
STU_015238,82.25631967399958
STU_015239,92.84000411835156
STU_015240,67.02804234548893
STU_015241,46.90294935100252
STU_015242,55.07526937318237
STU_015243,80.73782008349954
STU_015244,81.94641674653639
STU_015245,68.96566294715367
STU_015246,99.31664327172255
STU_015247,81.37534685765266
STU_015248,83.62980590975945
STU_015249,71.2740196917048
STU_015250,89.63549429317854
STU_015251,70.44541341706213
STU_015252,87.17449905921731
STU_015253,87.07531140224553
STU_015254,96.41902690980112
STU_015255,66.2733277931298
STU_015256,63.66391258103031
STU_015257,74.05263024939049
STU_015258,92.03903685930622
STU_015259,87.53044294382553
STU_015260,95.5841298394958
STU_015261,80.84903239343359
STU_015262,87.58551993729742
STU_015263,86.99454894656523
STU_015264,78.80936127769546
STU_015265,96.2528008348345
STU_015266,69.06200812081916
STU_015267,81.03030502860601
STU_015268,57.77222637593127
STU_015269,61.35948551152297
STU_015270,72.97185913463736
STU_015271,76.87529611127006
STU_015272,64.56628756784623
STU_015273,87.50381564595665
STU_015274,76.44162275432102
STU_015275,47.016435121142614
STU_015276,53.61315746449128
STU_015277,69.60200915667376
STU_015278,98.57761197341335
STU_015279,51.82113385412566
STU_015280,88.21779883645866
STU_015281,100.0
STU_015282,84.93827009415259
STU_015283,82.56233061857625
STU_015284,78.33857944820642
STU_015285,46.36164782786223
STU_015286,87.8736882668537
STU_015287,75.53519364587565
STU_015288,80.02596609522959
STU_015289,61.8270190080188
STU_015290,78.9807099969229
STU_015291,76.83620792579255
STU_015292,67.82906886460324
STU_015293,60.617779536357126
STU_015294,81.41593826190243
STU_015295,75.44582285209368
STU_015296,72.92690990193894
STU_015297,84.78628446822408
STU_015298,95.94961923166238
STU_015299,69.20381354425311
STU_015300,90.11947856255942
STU_015301,75.37476694829077
STU_015302,80.3582770876208
STU_015303,64.58954039599487
STU_015304,57.78261324044449
STU_015305,68.84368216588557
STU_015306,80.94151587561714
STU_015307,96.61391307766547
STU_015308,61.6922519582025
STU_015309,69.80380253279502
STU_015310,79.59710470174548
STU_015311,68.11834383100022
STU_015312,80.87630107176369
STU_015313,61.31679216368534
STU_015314,84.46160891152515
STU_015315,77.64599126363987
STU_015316,92.56087847448038
STU_015317,72.95719126542349
STU_015318,80.69386248056107
STU_015319,71.79493959757191
STU_015320,71.12466480963153
STU_015321,64.1707440846885
STU_015322,97.1351958666792
STU_015323,80.82471736306798
STU_015324,71.13594067361312
STU_015325,78.85859007215649
STU_015326,60.09349165201295
STU_015327,78.3922989654999
STU_015328,72.48402887004983
STU_015329,71.58681957446036
STU_015330,73.47285916783223
STU_015331,62.6814693866283
STU_015332,100.0
STU_015333,70.28841010787242
STU_015334,82.92793979620402
STU_015335,94.25701208370722
STU_015336,90.71541221301595
STU_015337,70.36622744782105
STU_015338,68.2643880784697
STU_015339,63.3848618374304
STU_015340,90.08365497832283
STU_015341,80.98078737240526
STU_015342,100.0
STU_015343,80.40194625923614
STU_015344,94.2363854173972
STU_015345,100.0
STU_015346,82.249574634786
STU_015347,95.20513722944062
STU_015348,73.73007657696283
STU_015349,78.60171683576264
STU_015350,87.99420693359721
STU_015351,100.0
STU_015352,83.81131352926363
STU_015353,77.82511450724763
STU_015354,61.84051884593025
STU_015355,58.09023098198199
STU_015356,63.40366760278849
STU_015357,67.18087458271064
STU_015358,80.53282757539452
STU_015359,81.36940478429509
STU_015360,90.16860586532937
STU_015361,81.56436852526839
STU_015362,73.17914517164057
STU_015363,80.06306112647317
STU_015364,89.41229301878488
STU_015365,74.56939701324043
STU_015366,91.71604639399602
STU_015367,84.37091228202422
STU_015368,76.00927301134178
STU_015369,96.15415771926416
STU_015370,94.75961631391478
STU_015371,56.914154091708824
STU_015372,59.23487912841702
STU_015373,84.39226729208124
STU_015374,87.8559458256304
STU_015375,67.20602318837986
STU_015376,74.68112587116542
STU_015377,90.98747120333621
STU_015378,72.51187743806541
STU_015379,93.07100886822319
STU_015380,89.3041566679623
STU_015381,91.4782703231928
STU_015382,83.86894845010123
STU_015383,60.288837379380915
STU_015384,78.52061490593562
STU_015385,60.96237249799305
STU_015386,71.81827988114931
STU_015387,65.40336439588089
STU_015388,75.19125499445286
STU_015389,97.32282395256753
STU_015390,49.88161145043539
STU_015391,77.79823770361068
STU_015392,89.96625452934026
STU_015393,88.57706913260488
STU_015394,74.45309888085318
STU_015395,83.40377768061124
STU_015396,71.95252993504987
STU_015397,95.65170440427416
STU_015398,71.97801381094708
STU_015399,97.49212992086582
STU_015400,91.95369974221386
STU_015401,87.13669778968746
STU_015402,74.52924524411131
STU_015403,61.5626321756465
STU_015404,79.75498331612138
STU_015405,81.40327518930103
STU_015406,89.09544065973758
STU_015407,85.04034080888867
STU_015408,41.739265856700115
STU_015409,75.73110632326011
STU_015410,66.3434042483676
STU_015411,71.20355879238308
STU_015412,67.56578155886093
STU_015413,78.73487000351905
STU_015414,69.64301571407458
STU_015415,67.08951248285224
STU_015416,88.27236067419
STU_015417,58.64652306197851
STU_015418,87.57021384414793
STU_015419,56.22740139259713
STU_015420,68.23170648194775
STU_015421,92.859193179236
STU_015422,77.34141651748246
STU_015423,86.06096115516286
STU_015424,100.0
STU_015425,88.21502986161688
STU_015426,63.13710962071653
STU_015427,55.949581887688666
STU_015428,75.17871473642032
STU_015429,76.66629499085165
STU_015430,43.6470661843841
STU_015431,68.17435355855456
STU_015432,83.57846874383789
STU_015433,70.39551218612634
STU_015434,66.09474249449202
STU_015435,66.56668024691922
STU_015436,78.16104292983239
STU_015437,73.44120714709648
STU_015438,93.82260256677789
STU_015439,75.42531317360135
STU_015440,76.59966912766697
STU_015441,67.33276231752421
STU_015442,86.26735384138685
STU_015443,64.08530800176375
STU_015444,77.07169433145239
STU_015445,68.9566312891443
STU_015446,68.72307204248966
STU_015447,55.3008711668475
STU_015448,47.185954531965336
STU_015449,76.9833876450508
STU_015450,88.70556995619881
STU_015451,77.14567286426607
STU_015452,80.47342977776509
STU_015453,93.10825051406047
STU_015454,80.8816632970379
STU_015455,53.23640767201715
STU_015456,77.38561895447094
STU_015457,69.01798080881356
STU_015458,64.41235139101094
STU_015459,53.292563204170705
STU_015460,100.0
STU_015461,99.11423481036702
STU_015462,69.51696446616657
STU_015463,87.33465961818176
STU_015464,58.92003199667066
STU_015465,54.213348226476796
STU_015466,89.7682068762272
STU_015467,86.26504363081757
STU_015468,64.49373244168048
STU_015469,64.5581903953383
STU_015470,93.51139354358763
STU_015471,73.83251641472752
STU_015472,90.60543814331773
STU_015473,87.86780115084105
STU_015474,97.00260934348705
STU_015475,76.61535650775143
STU_015476,80.25220656763837
STU_015477,56.98582174003371
STU_015478,54.05906603238004
STU_015479,95.82401333157266
STU_015480,64.69228148971378
STU_015481,79.41774020033228
STU_015482,61.56335654060088
STU_015483,92.1507421524134
STU_015484,66.89975713979285
STU_015485,65.8359538541545
STU_015486,77.18095977844915
STU_015487,64.93305341735784
STU_015488,73.31346674644955
STU_015489,82.14164019497716
STU_015490,88.77668302075084
STU_015491,78.27057237244163
STU_015492,64.21199869827336
STU_015493,68.47217699318107
STU_015494,65.3058864911
STU_015495,83.01704474456257
STU_015496,64.89871038042274
STU_015497,61.21773819685683
STU_015498,70.01917238523605
STU_015499,40.9784346681862
STU_015500,75.21152154834598
STU_015501,89.42597584100075
STU_015502,52.7346364975821
STU_015503,83.15995606403452
STU_015504,82.92892230547106
STU_015505,75.36241776625398
STU_015506,72.53520495126025
STU_015507,100.0
STU_015508,97.56456037690062
STU_015509,84.23074452330927
STU_015510,86.63218222163411
STU_015511,87.05316484033227
STU_015512,80.20625479895287
STU_015513,80.9345518585174
STU_015514,83.31089331863681
STU_015515,75.33448929108958
STU_015516,72.79489643856887
STU_015517,93.18543994438613
STU_015518,72.77789262815214
STU_015519,52.62049465635151
STU_015520,77.92551283300165
STU_015521,87.99787387022337
STU_015522,64.64286599364175
STU_015523,66.85971360012384
STU_015524,41.2181497399712
STU_015525,77.8340154610188
STU_015526,75.99123654086712
STU_015527,69.96161359384939
STU_015528,69.43503296019924
STU_015529,87.62464520488444
STU_015530,87.06019036704585
STU_015531,82.81382446331982
STU_015532,78.26288591443411
STU_015533,54.77752392160798
STU_015534,87.16022642069643
STU_015535,76.64634680942609
STU_015536,81.17276901217234
STU_015537,73.39182225015362
STU_015538,88.16283257203368
STU_015539,68.9764874346031
STU_015540,66.2233360478222
STU_015541,71.14392252729348
STU_015542,89.68412405450312
STU_015543,75.78891146105626
STU_015544,96.30043938052144
STU_015545,71.81810830290112
STU_015546,75.98200616375928
STU_015547,56.22555296782179
STU_015548,62.8062420110289
STU_015549,92.2000618458667
STU_015550,92.84790372528462
STU_015551,78.39966693589358
STU_015552,72.52336655329366
STU_015553,49.69083083989226
STU_015554,78.96034469302722
STU_015555,75.5830410395562
STU_015556,91.417622561508
STU_015557,72.85176660538205
STU_015558,85.97498714662174
STU_015559,84.26851437871501
STU_015560,79.6496087246312
STU_015561,87.2265077137865
STU_015562,83.53736475879553
STU_015563,65.72580824725355
STU_015564,71.51727323106644
STU_015565,63.45168075960819
STU_015566,70.0862972250084
STU_015567,74.70385500859402
STU_015568,70.60841993554467
STU_015569,72.80457838971665
STU_015570,93.5208974719479
STU_015571,63.40561664162295
STU_015572,76.4923769814262
STU_015573,85.21332827082527
STU_015574,62.95926395997373
STU_015575,61.24736760632263
STU_015576,72.33635951864277
STU_015577,65.24122654750974
STU_015578,76.68437507138353
STU_015579,73.65667046918229
STU_015580,74.3968570227421
STU_015581,82.92205856462004
STU_015582,79.78343279683708
STU_015583,94.17346673826849
STU_015584,81.19573457362087
STU_015585,87.29978814958828
STU_015586,91.93647009809303
STU_015587,54.82519017146553
STU_015588,72.77298124623383
STU_015589,76.37158629642585
STU_015590,62.289992285856435
STU_015591,61.639586833084124
STU_015592,86.70195489698749
STU_015593,64.83655782663033
STU_015594,90.21961233870347
STU_015595,94.51942416768505
STU_015596,79.97849232840065
STU_015597,94.19408156788931
STU_015598,82.00761277040621
STU_015599,53.57126187499737
STU_015600,71.28174941040041
STU_015601,50.39112331719337
STU_015602,60.51271241681791
STU_015603,75.98254154199024
STU_015604,82.0144874628269
STU_015605,59.49594306573857
STU_015606,79.22948914602169
STU_015607,63.419122503722086
STU_015608,75.34674311391305
STU_015609,72.04122106634242
STU_015610,67.99984852450467
STU_015611,85.68542831928194
STU_015612,84.43887170324201
STU_015613,93.89257923210499
STU_015614,63.81020872020214
STU_015615,71.05007440177681
STU_015616,82.06780700312699
STU_015617,64.1018922894231
STU_015618,83.38126413966398
STU_015619,60.846676741447666
STU_015620,71.11475929483211
STU_015621,70.35870961951342
STU_015622,76.27716469061419
STU_015623,89.22327641635479
STU_015624,79.54117997037947
STU_015625,78.72861337225194
STU_015626,60.542881613619414
STU_015627,100.0
STU_015628,78.31585095996013
STU_015629,71.4308655726884
STU_015630,71.44843311364701
STU_015631,66.8392902850193
STU_015632,90.63427624468295
STU_015633,86.09020392156486
STU_015634,69.80502075565934
STU_015635,99.75844018102548
STU_015636,68.6859954226366
STU_015637,49.61829366660119
STU_015638,71.04194239118999
STU_015639,97.43919621093988
STU_015640,68.27767567053111
STU_015641,56.995234786412595
STU_015642,100.0
STU_015643,84.35637376355805
STU_015644,93.30613445582792
STU_015645,60.63775741280641
STU_015646,100.0
STU_015647,72.8173435778877
STU_015648,61.7720372970468
STU_015649,80.23378930713321
STU_015650,67.60310167509768
STU_015651,56.1335317856173
STU_015652,96.88848606969569
STU_015653,74.2858201168936
STU_015654,68.55706400240335
STU_015655,100.0
STU_015656,64.76109026402824
STU_015657,74.84480878242047
STU_015658,69.37061260011608
STU_015659,72.20394548578108
STU_015660,88.67868009300585
STU_015661,42.97534776766891
STU_015662,71.21575703966272
STU_015663,88.00548418984887
STU_015664,54.0092923461077
STU_015665,78.60701901159281
STU_015666,81.97075487860596
STU_015667,92.57872589688554
STU_015668,83.28034170160012
STU_015669,80.49337005406636
STU_015670,63.29308090566491
STU_015671,84.36696940540894
STU_015672,89.00033196518355
STU_015673,78.8552443175011
STU_015674,79.97721338379608
STU_015675,87.37830731023536
STU_015676,52.37710132266145
STU_015677,82.72941250016332
STU_015678,99.99179421372814
STU_015679,76.01264307582413
STU_015680,76.5435506928352
STU_015681,80.60409845160453
STU_015682,88.6099613021444
STU_015683,66.09942082818142
STU_015684,65.14486098049431
STU_015685,83.12706504909747
STU_015686,69.29873575603702
STU_015687,88.31403737083136
STU_015688,77.86501089117257
STU_015689,61.90723579422161
STU_015690,62.92927436168548
STU_015691,98.9353711131076
STU_015692,86.07213985586759
STU_015693,76.59846478362483
STU_015694,97.73706098639515
STU_015695,92.28752440856714
STU_015696,51.75312722976933
STU_015697,63.13605810343011
STU_015698,85.91403482259817
STU_015699,94.5688070580643
STU_015700,81.82638743925773
STU_015701,70.01439529130856
STU_015702,86.17618165569083
STU_015703,86.504706774359
STU_015704,79.40308081759798
STU_015705,82.50986220430127
STU_015706,66.56261929098505
STU_015707,74.29842220511361
STU_015708,52.83877768620118
STU_015709,62.8629442496909
STU_015710,67.95996397853433
STU_015711,74.1954140537626
STU_015712,90.01703760449364
STU_015713,85.10485640244018
STU_015714,71.13268092499334
STU_015715,84.4827538622117
STU_015716,62.74097038373607
STU_015717,66.8848095625998
STU_015718,68.43100445159473
STU_015719,56.51382660668473
STU_015720,61.580001454620586
STU_015721,61.89879584821696
STU_015722,67.34978285563285
STU_015723,74.53868427637005
STU_015724,97.91383632363198
STU_015725,87.5675246718363
STU_015726,78.3431648104511
STU_015727,66.06870428194034
STU_015728,83.29642616906781
STU_015729,94.85370132257795
STU_015730,67.85151365699147
STU_015731,82.8515136843816
STU_015732,58.99205129781607
STU_015733,63.09348525575277
STU_015734,63.48885946054197
STU_015735,54.36704433474449
STU_015736,93.71191305654489
STU_015737,74.93064133202633
STU_015738,63.155094527198166
STU_015739,75.13044346924437
STU_015740,91.84595702406976
STU_015741,63.527373043498905
STU_015742,68.88115037724748
STU_015743,88.55448644718842
STU_015744,68.13176240081287
STU_015745,84.13794967508913
STU_015746,67.79786905918778
STU_015747,93.71599398871984
STU_015748,53.62640951993658
STU_015749,87.88878276612915
STU_015750,60.32672095491486
STU_015751,86.85271286652035
STU_015752,70.16894928215956
STU_015753,77.84591836536492
STU_015754,81.53896296506744
STU_015755,93.04482447818039
STU_015756,79.13540405061136
STU_015757,85.8366028045291
STU_015758,99.79067214829992
STU_015759,81.76512098682323
STU_015760,63.965999529094276
STU_015761,89.84764913806582
STU_015762,68.59022410179783
STU_015763,64.76728715965454
STU_015764,75.27248676386705
STU_015765,81.50623515366841
STU_015766,82.62202506139599
STU_015767,87.3803337651832
STU_015768,77.23462715917776
STU_015769,81.129107021337
STU_015770,69.24236879349995
STU_015771,95.66096575310792
STU_015772,58.88691716479426
STU_015773,55.24423307314717
STU_015774,98.67361020225708
STU_015775,73.5718388944418
STU_015776,61.598378639268184
STU_015777,69.97259422653204
STU_015778,67.8535761339215
STU_015779,54.82675367872315
STU_015780,82.99721247413785
STU_015781,74.87157409096567
STU_015782,82.18631666339098
STU_015783,65.51742428618977
STU_015784,75.4966714792025
STU_015785,71.03820489852563
STU_015786,74.2617193103458
STU_015787,78.48412514484536
STU_015788,76.57045945474033
STU_015789,52.83914042001069
STU_015790,66.34376417771482
STU_015791,72.58351597930927
STU_015792,77.76372750691662
STU_015793,91.00440056177861
STU_015794,87.81519654665519
STU_015795,64.65651777736456
STU_015796,89.18234021691279
STU_015797,85.95694509441059
STU_015798,85.45243574655079
STU_015799,89.43105799075633
STU_015800,63.33670448536341
STU_015801,78.3091666701712
STU_015802,57.490938202749476
STU_015803,71.15025432595853
STU_015804,79.68721473859496
STU_015805,51.94218016308479
STU_015806,95.65109967104738
STU_015807,78.5737049476638
STU_015808,69.74887279987813
STU_015809,51.68780602715484
STU_015810,85.4871731059891
STU_015811,100.0
STU_015812,87.69656358607799
STU_015813,94.40798006787199
STU_015814,69.15101841908111
STU_015815,61.09215442642286
STU_015816,90.11461910587721
STU_015817,70.34571103708285
STU_015818,72.54148458146831
STU_015819,55.75586188069077
STU_015820,68.98183714755542
STU_015821,74.35089654997813
STU_015822,65.8118076800797
STU_015823,77.02091361098984
STU_015824,83.88925716371185
STU_015825,53.35148056653509
STU_015826,57.07637584743143
STU_015827,65.73563222127837
STU_015828,73.26206885139365
STU_015829,86.08700829786072
STU_015830,87.27774691536872
STU_015831,76.01337772867653
STU_015832,92.97094187073222
STU_015833,91.49602593858884
STU_015834,48.0500967182692
STU_015835,75.92115703814964
STU_015836,76.80412397632941
STU_015837,71.37830102599588
STU_015838,71.44063921565491
STU_015839,90.641049685389
STU_015840,68.13661523502871
STU_015841,59.64381544604958
STU_015842,92.72541416571852
STU_015843,86.22526323943492
STU_015844,90.31715501540722
STU_015845,67.17982146686268
STU_015846,62.056706288715645
STU_015847,73.7511145879074
STU_015848,82.35148055640592
STU_015849,93.20965199805951
STU_015850,54.118866192978146
STU_015851,72.35817141186928
STU_015852,63.157804711285955
STU_015853,79.15267134471517
STU_015854,91.75941370800933
STU_015855,93.28495225982128
STU_015856,74.79593688967432
STU_015857,84.8567723145137
STU_015858,61.98565995639191
STU_015859,71.14794545771845
STU_015860,67.23996647978795
STU_015861,72.53942044045243
STU_015862,68.39215214339576
STU_015863,96.24780971709905
STU_015864,54.24340636889451
STU_015865,63.00985105565971
STU_015866,73.58267484403513
STU_015867,41.06094838236677
STU_015868,71.33774438471067
STU_015869,89.1792733528005
STU_015870,76.65954214262334
STU_015871,74.18312877003132
STU_015872,47.672531164142505
STU_015873,98.03040917152632
STU_015874,74.15097029386146
STU_015875,84.11653059624204
STU_015876,60.1904943553896
STU_015877,94.91353128682123
STU_015878,80.85325107248521
STU_015879,95.98760449744097
STU_015880,81.28767771197155
STU_015881,94.26353427276294
STU_015882,70.45588908810332
STU_015883,79.08036660015883
STU_015884,87.14458086982776
STU_015885,62.821188713922155
STU_015886,93.18035992965218
STU_015887,99.02946419149107
STU_015888,63.55529580310838
STU_015889,87.57882292660965
STU_015890,91.8060308531794
STU_015891,89.68296748629635
STU_015892,57.47211871442635
STU_015893,57.58619356809154
STU_015894,52.44729262838776
STU_015895,60.25605925222739
STU_015896,70.82125143412104
STU_015897,90.63645531845971
STU_015898,73.188579578975
STU_015899,88.08086902014887
STU_015900,70.97223903881732
STU_015901,68.04107001489294
STU_015902,71.8449943940175
STU_015903,83.83746868094873
STU_015904,81.49580823133853
STU_015905,88.15112339957673
STU_015906,72.16946309706262
STU_015907,100.0
STU_015908,63.5221498254137
STU_015909,71.74659742053633
STU_015910,77.49860302354725
STU_015911,61.20752905670945
STU_015912,73.82703975568755
STU_015913,68.92012071239039
STU_015914,61.061363672707984
STU_015915,87.4897994941411
STU_015916,61.99761324179318
STU_015917,49.81991535581106
STU_015918,76.09348903946577
STU_015919,89.19708978713156
STU_015920,79.53566450433894
STU_015921,92.21965479228356
STU_015922,57.14730177328975
STU_015923,90.79513011822368
STU_015924,74.8302805653353
STU_015925,66.77963696908687
STU_015926,77.27718063429622
STU_015927,72.55096916045578
STU_015928,75.3666373026278
STU_015929,87.82477591531261
STU_015930,60.01914726111053
STU_015931,60.14793097688344
STU_015932,78.90899963011114
STU_015933,75.00962027172653
STU_015934,70.18555656006073
STU_015935,100.0
STU_015936,100.0
STU_015937,80.8455961945402
STU_015938,82.31331942083983
STU_015939,69.3248799064577
STU_015940,90.63769195051661
STU_015941,65.90175513107476
STU_015942,86.78750420663702
STU_015943,83.41961959539658
STU_015944,96.37789981566974
STU_015945,74.769847306407
STU_015946,76.9225647247151
STU_015947,69.7264419746465
STU_015948,68.93399184647298
STU_015949,59.761590621555094
STU_015950,96.49141602762518
STU_015951,75.38020053885087
STU_015952,73.83329097040179
STU_015953,61.62593777461401
STU_015954,80.8758100550671
STU_015955,77.53978521480647
STU_015956,78.8902244086878
STU_015957,55.307789290177006
STU_015958,69.33539276053263
STU_015959,90.83521930698325
STU_015960,69.32841197959844
STU_015961,90.36991020438519
STU_015962,80.57987990749021
STU_015963,76.91773858339643
STU_015964,66.67819828308947
STU_015965,83.19601474359621
STU_015966,59.23573869422236
STU_015967,79.27287174172105
STU_015968,77.77208390505372
STU_015969,67.273787187949
STU_015970,76.43433380061646
STU_015971,64.94478787278977
STU_015972,80.84408087931193
STU_015973,64.46766352098165
STU_015974,89.48484314484423
STU_015975,55.10590662883867
STU_015976,52.042801308379175
STU_015977,61.56280199241034
STU_015978,73.79604579922162
STU_015979,86.3365596378833
STU_015980,85.2065303855784
STU_015981,95.39067773751955
STU_015982,93.31245372810353
STU_015983,81.88899394923249
STU_015984,85.30321876750057
STU_015985,71.21176452353735
STU_015986,45.339540035376075
STU_015987,73.16892781118072
STU_015988,61.30805337068754
STU_015989,76.39036511071062
STU_015990,55.18792307159674
STU_015991,75.36449355614403
STU_015992,46.78032627033601
STU_015993,72.07794896398433
STU_015994,70.88948255911498
STU_015995,96.84350017988997
STU_015996,80.37303486376418
STU_015997,69.34868841410562
STU_015998,83.46911482394214
STU_015999,87.15866688560968
STU_016000,83.45688624769822
STU_016001,89.60054478818905
STU_016002,88.49812442633497
STU_016003,92.86194316513986
STU_016004,89.27318589138102
STU_016005,49.56001820811094
STU_016006,66.20034350371677
STU_016007,79.91488726424542
STU_016008,89.21621284539917
STU_016009,52.69765710727733
STU_016010,72.735718439136
STU_016011,85.61686238202549
STU_016012,71.22866235756689
STU_016013,68.87431433652327
STU_016014,96.74969507060294
STU_016015,53.45361602579807
STU_016016,95.179967973898
STU_016017,75.82062506357572
STU_016018,83.32894536464491
STU_016019,70.82183877827279
STU_016020,92.06325565785237
STU_016021,100.0
STU_016022,67.21292455842983
STU_016023,100.0
STU_016024,76.77707057588363
STU_016025,91.57021840314029
STU_016026,55.99760240865713
STU_016027,63.37401105746003
STU_016028,71.89048038092635
STU_016029,74.81939370178985
STU_016030,98.09964583397874
STU_016031,91.71877818188965
STU_016032,89.63505928650801
STU_016033,83.40279564356419
STU_016034,79.13930285589213
STU_016035,70.43729127479634
STU_016036,100.0
STU_016037,79.30710658760408
STU_016038,69.73020446782542
STU_016039,70.16810511226859
STU_016040,91.61101708577331
STU_016041,91.2404553995628
STU_016042,79.94033987862144
STU_016043,84.02022604437812
STU_016044,91.21277498601336
STU_016045,83.40305783948207
STU_016046,64.27098074026283
STU_016047,87.1259580517121
STU_016048,70.47795968207564
STU_016049,73.24895422854183
STU_016050,69.90573478136457
STU_016051,76.65739211072867
STU_016052,95.00249213994535
STU_016053,77.65047448045671
STU_016054,69.61389777805341
STU_016055,82.02326263923027
STU_016056,75.21581287799759
STU_016057,78.36185614448938
STU_016058,75.50974141385194
STU_016059,73.5603994750298
STU_016060,74.77664661486472
STU_016061,55.095141926090804
STU_016062,68.90866627323797
STU_016063,77.58433517484899
STU_016064,66.23318223346877
STU_016065,76.53199236287811
STU_016066,82.85770563658774
STU_016067,58.772729273308634
STU_016068,100.0
STU_016069,78.7336441888297
STU_016070,71.97709210693334
STU_016071,67.39069974051814
STU_016072,85.91497860495552
STU_016073,80.72051245198166
STU_016074,85.55121467718389
STU_016075,100.0
STU_016076,62.33348694938795
STU_016077,66.76222803976869
STU_016078,84.20417698354763
STU_016079,83.79996706315569
STU_016080,74.49709661858756
STU_016081,66.7284904630232
STU_016082,85.47709355161851
STU_016083,98.28935514648643
STU_016084,74.35800324580677
STU_016085,54.28050528592879
STU_016086,94.95708907457157
STU_016087,68.20976497442898
STU_016088,76.79828044622022
STU_016089,86.71118951750138
STU_016090,90.87257166350713
STU_016091,62.988884944732035
STU_016092,73.12389398859077
STU_016093,75.67958038287094
STU_016094,76.14228678006239
STU_016095,74.69531355451119
STU_016096,85.15122711253964
STU_016097,69.67243762478338
STU_016098,62.94394271458733
STU_016099,77.40088503278734
STU_016100,69.74877123894763
STU_016101,61.28541699782876
STU_016102,78.94440958748221
STU_016103,54.342486578033906
STU_016104,81.69357474536652
STU_016105,66.13840761725517
STU_016106,63.187047839870615
STU_016107,76.86750721462144
STU_016108,71.90313906749819
STU_016109,69.63671220101037
STU_016110,65.26610891890134
STU_016111,83.9372982700608
STU_016112,79.50578061933062
STU_016113,59.273807202558224
STU_016114,74.33884739158435
STU_016115,86.57707009966627
STU_016116,94.02935673726526
STU_016117,80.69643442511348
STU_016118,67.97469003771008
STU_016119,81.03331565701997
STU_016120,82.98489301026989
STU_016121,69.54745850326708
STU_016122,74.16107280608156
STU_016123,86.80350292055978
STU_016124,91.98795231434023
STU_016125,89.43281923307315
STU_016126,81.37789266297885
STU_016127,82.74740348489658
STU_016128,95.33734188022343
STU_016129,66.53129727708735
STU_016130,98.42619844668144
STU_016131,79.47333517185596
STU_016132,69.65241221133323
STU_016133,76.40072525388102
STU_016134,72.74981244834845
STU_016135,63.17375597060334
STU_016136,91.40594403530224
STU_016137,75.07564043288896
STU_016138,76.57639475733828
STU_016139,97.22888825847701
STU_016140,88.06075692718727
STU_016141,90.91741007028052
STU_016142,79.2220174920355
STU_016143,58.56575242005914
STU_016144,76.59120986857913
STU_016145,77.55751945700341
STU_016146,80.92796629911408
STU_016147,88.01051658320048
STU_016148,66.90116798693802
STU_016149,55.29322148184887
STU_016150,94.49428210946098
STU_016151,59.477460073352795
STU_016152,79.20962425551275
STU_016153,71.11344302289963
STU_016154,81.99057231057635
STU_016155,84.97398909572286
STU_016156,68.3114327806345
STU_016157,76.30003678535182
STU_016158,96.24284543718134
STU_016159,62.20951620881434
STU_016160,75.50517304057254
STU_016161,74.0849843609085
STU_016162,92.7661439058823
STU_016163,73.88660748641922
STU_016164,60.03078149112697
STU_016165,92.5414223490931
STU_016166,60.39571359762995
STU_016167,79.24838665644651
STU_016168,86.81648608390567
STU_016169,90.21905740797237
STU_016170,84.160707654392
STU_016171,75.46768716826611
STU_016172,62.887579846503876
STU_016173,68.68427008150101
STU_016174,60.72308789676114
STU_016175,90.12467521146391
STU_016176,76.7017007538624
STU_016177,83.9433118643638
STU_016178,78.3443450099829
STU_016179,81.94957934161452
STU_016180,56.583259485457155
STU_016181,93.38611900614104
STU_016182,55.43882934254988
STU_016183,78.46310503574473
STU_016184,74.4372641669175
STU_016185,100.0
STU_016186,53.24089782777951
STU_016187,94.27940924888229
STU_016188,79.04472633788903
STU_016189,81.61878644920466
STU_016190,82.95569372474525
STU_016191,53.633495120214135
STU_016192,63.920776100211185
STU_016193,80.60800267502098
STU_016194,91.06712108527424
STU_016195,83.80958577344232
STU_016196,58.85775190880636
STU_016197,96.50054700438899
STU_016198,74.10925500503654
STU_016199,75.66177980028267
STU_016200,65.98942356466532
STU_016201,67.95489090069422
STU_016202,63.51732736539061
STU_016203,70.8974219560153
STU_016204,63.2034517475168
STU_016205,55.60485047224253
STU_016206,69.71396946714923
STU_016207,52.48973221545025
STU_016208,68.5927849199836
STU_016209,72.80271390071745
STU_016210,60.19794006357565
STU_016211,72.73716013461495
STU_016212,68.02586576964637
STU_016213,89.65273069023081
STU_016214,57.844274121880225
STU_016215,69.95746830578516
STU_016216,61.9630038367733
STU_016217,70.52448200488757
STU_016218,100.0
STU_016219,81.7141851513169
STU_016220,87.07415755319064
STU_016221,68.62444918446771
STU_016222,67.03229908180805
STU_016223,61.36649814861825
STU_016224,96.2417365943495
STU_016225,82.57816180720965
STU_016226,86.33772394329633
STU_016227,83.47982262598626
STU_016228,73.23652668956015
STU_016229,69.14105695617215
STU_016230,62.81352821765243
STU_016231,93.52526391166685
STU_016232,96.93725731164943
STU_016233,54.753916879409935
STU_016234,86.78351247256465
STU_016235,59.53789236758532
STU_016236,75.68631387848431
STU_016237,70.97303949320829
STU_016238,87.80374003914345
STU_016239,66.72368108696274
STU_016240,89.73375238687774
STU_016241,83.77809624626254
STU_016242,70.92425006932591
STU_016243,77.62042670631598
STU_016244,77.4774567452524
STU_016245,69.99204366234204
STU_016246,65.94559175867073
STU_016247,73.27491040812997
STU_016248,71.5728679960298
STU_016249,69.4570766376773
STU_016250,89.05282181868714
STU_016251,54.45627774142453
STU_016252,85.57340395987812
STU_016253,84.63087233010403
STU_016254,82.50284683093064
STU_016255,70.93166258739166
STU_016256,50.4677895026524
STU_016257,80.45355931690553
STU_016258,82.40418178028459
STU_016259,72.35611557102554
STU_016260,72.35361226680168
STU_016261,94.58574801134088
STU_016262,78.36151273053267
STU_016263,53.23758063116646
STU_016264,55.53805445050836
STU_016265,99.463021371237
STU_016266,87.58443992566347
STU_016267,74.15617376249702
STU_016268,82.16179949121896
STU_016269,93.88684629979407
STU_016270,72.52613307093657
STU_016271,68.23394586187435
STU_016272,84.70135967643267
STU_016273,76.74858853165841
STU_016274,61.912274236460675
STU_016275,71.19499148469741
STU_016276,57.08377847781563
STU_016277,85.00237828441274
STU_016278,83.0923777914735
STU_016279,79.79776327224597
STU_016280,78.32296333610358
STU_016281,81.14803712847093
STU_016282,70.2210281054492
STU_016283,64.81066566931362
STU_016284,86.1658280531754
STU_016285,61.384160412449674
STU_016286,56.37633953119661
STU_016287,85.22896107281993
STU_016288,89.44567241037295
STU_016289,78.03622197834179
STU_016290,63.208993373490074
STU_016291,77.31466670882605
STU_016292,74.0369728682193
STU_016293,79.13196170213921
STU_016294,71.23255721417505
STU_016295,89.74226986454974
STU_016296,69.83798543498995
STU_016297,87.02259855537723
STU_016298,50.49086190165181
STU_016299,68.00861895190897
STU_016300,68.94078327307975
STU_016301,56.17963373122452
STU_016302,67.20067961061034
STU_016303,76.27885046011812
STU_016304,84.39598962904725
STU_016305,91.89904115006802
STU_016306,77.84787317343397
STU_016307,68.46605604646388
STU_016308,64.39538596456883
STU_016309,89.96940192016487
STU_016310,79.62402316947416
STU_016311,63.66877149680215
STU_016312,65.92587121259005
STU_016313,99.91967556793644
STU_016314,86.94918395550327
STU_016315,63.933632180717666
STU_016316,94.01725310436451
STU_016317,83.39295513604354
STU_016318,77.46021981162795
STU_016319,67.74237288256194
STU_016320,67.84101435974694
STU_016321,63.23704664466035
STU_016322,93.41936219292396
STU_016323,69.602032163194
STU_016324,51.96967060508682
STU_016325,76.79361060720684
STU_016326,73.02023048312604
STU_016327,82.73799949450124
STU_016328,73.93396824504255
STU_016329,68.98061075692857
STU_016330,69.09095606466093
STU_016331,76.2744889025398
STU_016332,87.4801514335652
STU_016333,88.369637326023
STU_016334,62.134821852061506
STU_016335,74.90801727696618
STU_016336,66.65692268663548
STU_016337,63.88998973570247
STU_016338,77.33475626850917
STU_016339,77.2451370972196
STU_016340,89.46283752050174
STU_016341,84.80303606704568
STU_016342,72.44444615328676
STU_016343,71.97039924405604
STU_016344,88.6675970583562
STU_016345,82.28012341789632
STU_016346,83.57588191373245
STU_016347,55.229419372389835
STU_016348,68.68621254137557
STU_016349,84.09918721713433
STU_016350,60.36071897263749
STU_016351,68.193564804333
STU_016352,79.62176683645187
STU_016353,70.26109064481527
STU_016354,54.93034776359451
STU_016355,75.24012903085283
STU_016356,72.96951650536803
STU_016357,63.89274618810682
STU_016358,74.59365491282263
STU_016359,86.37645746791867
STU_016360,77.09433296327286
STU_016361,76.03486665313632
STU_016362,75.45483609146905
STU_016363,71.11822853767194
STU_016364,67.15343092966066
STU_016365,78.9856803439499
STU_016366,72.73424829187715
STU_016367,74.01623479923306
STU_016368,54.68231077975484
STU_016369,72.01230360848879
STU_016370,45.33232776943107
STU_016371,60.064699091312065
STU_016372,90.89589856272327
STU_016373,84.0600290080061
STU_016374,71.94762700816966
STU_016375,77.78685890340206
STU_016376,89.69778183710004
STU_016377,58.80686445406152
STU_016378,79.75129577012908
STU_016379,60.00079326760479
STU_016380,83.95643554861542
STU_016381,65.31084239545329
STU_016382,79.4384990770825
STU_016383,56.76748675014072
STU_016384,91.53898091222618
STU_016385,91.70149209198829
STU_016386,73.95350376595823
STU_016387,73.95849402015303
STU_016388,62.098920049887134
STU_016389,82.31893987392851
STU_016390,78.16226677210426
STU_016391,100.0
STU_016392,82.91258498200845
STU_016393,78.90567157095549
STU_016394,94.81914569409034
STU_016395,64.96322769354184
STU_016396,89.83797206815291
STU_016397,63.926007397413805
STU_016398,61.237889509521004
STU_016399,68.576943230555
STU_016400,82.7614113922239
STU_016401,74.88440531957086
STU_016402,94.20077350015411
STU_016403,64.42633914723872
STU_016404,66.56899597959696
STU_016405,68.75047234935941
STU_016406,65.20630971648363
STU_016407,93.30067417275842
STU_016408,88.56500405502553
STU_016409,53.472093409438706
STU_016410,61.50189842322288
STU_016411,53.3246855308098
STU_016412,52.40187968389888
STU_016413,72.91408621582772
STU_016414,85.07810102213136
STU_016415,87.30445554767094
STU_016416,78.71635131643784
STU_016417,77.51115894982753
STU_016418,97.9909818122023
STU_016419,74.32715051051014
STU_016420,63.21871526232306
STU_016421,63.542721828302604
STU_016422,64.53074075526372
STU_016423,100.0
STU_016424,70.80628704488589
STU_016425,83.1864721723287
STU_016426,74.32852260059906
STU_016427,75.11399891981047
STU_016428,98.52470993342321
STU_016429,75.05246371694352
STU_016430,86.58337248562198
STU_016431,96.43968889358432
STU_016432,53.265866397591076
STU_016433,63.1989230151414
STU_016434,56.17058468423677
STU_016435,75.5774301537031
STU_016436,90.90919754090153
STU_016437,78.77633697727974
STU_016438,76.58975975689701
STU_016439,73.70248966685472
STU_016440,63.084424252752754
STU_016441,93.77345065249744
STU_016442,92.78117763062518
STU_016443,68.02095412350558
STU_016444,79.3515917544837
STU_016445,73.4283781607556
STU_016446,68.22842373613226
STU_016447,66.21183099329667
STU_016448,71.20632146388462
STU_016449,76.45958202457416
STU_016450,74.55705312625626
STU_016451,86.51036883710017
STU_016452,88.24422674294458
STU_016453,64.71172264036323
STU_016454,69.33626584923881
STU_016455,51.89067563645556
STU_016456,73.56395443909155
STU_016457,86.52499505363441
STU_016458,77.39272156000212
STU_016459,79.09239538084124
STU_016460,80.66765547104123
STU_016461,57.95820922086739
STU_016462,85.26585361018971
STU_016463,83.85016396629307
STU_016464,80.29822122482932
STU_016465,80.33075875269806
STU_016466,70.15279221877185
STU_016467,80.81265018318993
STU_016468,61.894890549699745
STU_016469,53.92632039791874
STU_016470,84.20681875826193
STU_016471,58.98148909971397
STU_016472,77.09458032085321
STU_016473,77.21639319932589
STU_016474,67.47061208364265
STU_016475,99.07121606407966
STU_016476,94.2547959652449
STU_016477,91.62861534175389
STU_016478,85.75611190586362
STU_016479,66.04586517236356
STU_016480,75.7110946591977
STU_016481,73.80955383073645
STU_016482,67.27260228272799
STU_016483,84.1350125673791
STU_016484,71.34217389990835
STU_016485,73.68387312609268
STU_016486,86.13258088963138
STU_016487,68.93318815077215
STU_016488,80.41776412034197
STU_016489,93.3194915420174
STU_016490,68.64672440533428
STU_016491,90.05620744545855
STU_016492,89.06632471726185
STU_016493,87.86102905327293
STU_016494,74.76774481516382
STU_016495,49.79877133856226
STU_016496,84.03366206154462
STU_016497,45.89340171561634
STU_016498,62.100923302750225
STU_016499,71.24879977556948
STU_016500,74.39376131450081
STU_016501,73.62924360778183
STU_016502,77.31199135911484
STU_016503,59.01039505445224
STU_016504,77.65158154635995
STU_016505,93.43804898994426
STU_016506,76.16420771349986
STU_016507,67.95341174946566
STU_016508,87.64987754103213
STU_016509,43.97025716708463
STU_016510,75.2712706633018
STU_016511,68.98294121836709
STU_016512,70.85010626200234
STU_016513,52.98949257313658
STU_016514,88.01013118875963
STU_016515,62.048274857904026
STU_016516,60.06588913987681
STU_016517,77.15381054208342
STU_016518,78.71232682179563
STU_016519,82.22777348586813
STU_016520,60.47166938980131
STU_016521,100.0
STU_016522,52.93886449401108
STU_016523,74.67083233691817
STU_016524,72.73175488111862
STU_016525,46.206165714079226
STU_016526,99.69024080173381
STU_016527,59.545223336456694
STU_016528,71.47523000560793
STU_016529,72.20014741495862
STU_016530,84.02171833759165
STU_016531,97.14415886302532
STU_016532,96.89633291870541
STU_016533,74.87386159625058
STU_016534,87.26635743138095
STU_016535,68.9224433309611
STU_016536,84.68126302652294
STU_016537,76.87243184287298
STU_016538,61.8904709380799
STU_016539,73.6944462292862
STU_016540,79.85737629435111
STU_016541,100.0
STU_016542,58.618445991969594
STU_016543,60.040435366555144
STU_016544,89.01798769146728
STU_016545,92.48780739402038
STU_016546,70.73503435685119
STU_016547,100.0
STU_016548,92.77137289898099
STU_016549,82.8169226734232
STU_016550,67.07763935113441
STU_016551,81.96778665545813
STU_016552,86.38217902494274
STU_016553,67.2027754476036
STU_016554,88.95864399338312
STU_016555,70.81748610257898
STU_016556,76.67530138400768
STU_016557,73.15728184199314
STU_016558,73.88575609215873
STU_016559,82.40632135321034
STU_016560,67.31929407902923
STU_016561,78.64262267255201
STU_016562,76.56403034355034
STU_016563,72.93529193238436
STU_016564,71.4313915970711
STU_016565,77.26793965941775
STU_016566,87.47253267608225
STU_016567,72.85996312233176
STU_016568,70.10644488378217
STU_016569,60.1657575730027
STU_016570,69.71978409953596
STU_016571,88.56569660585214
STU_016572,56.535249438436004
STU_016573,55.63464405335391
STU_016574,93.46582970759276
STU_016575,67.4527322487475
STU_016576,80.23584796971627
STU_016577,85.95951448529506
STU_016578,88.68125617589703
STU_016579,87.75504311772218
STU_016580,85.94754778272409
STU_016581,96.00306566596113
STU_016582,65.75046354469
STU_016583,85.90747823565033
STU_016584,96.90916029411898
STU_016585,83.9504439634648
STU_016586,79.4688089549675
STU_016587,75.56460439326516
STU_016588,70.45430911086294
STU_016589,68.54744404056805
STU_016590,74.08243464379512
STU_016591,58.637834694103375
STU_016592,80.86740895738072
STU_016593,82.88001729284453
STU_016594,45.73908034147559
STU_016595,71.35707336249128
STU_016596,89.25603769301343
STU_016597,53.27654615836653
STU_016598,84.76290635660524
STU_016599,48.3566269568682
STU_016600,48.04872803766379
STU_016601,74.92344242372747
STU_016602,56.95175585014732
STU_016603,56.83694606801806
STU_016604,85.53242242465683
STU_016605,91.76910333439702
STU_016606,69.65353779286393
STU_016607,47.480315756747686
STU_016608,85.87734894909381
STU_016609,76.9687216109535
STU_016610,81.37107730072465
STU_016611,59.200240790556684
STU_016612,94.76376100808928
STU_016613,83.35240191932242
STU_016614,66.79654438722699
STU_016615,91.49076303174508
STU_016616,86.1586251620448
STU_016617,93.01049888263528
STU_016618,73.05419001509625
STU_016619,86.96401656395494
STU_016620,59.830550712410925
STU_016621,78.32725849512686
STU_016622,76.53758056626502
STU_016623,73.74923719241853
STU_016624,96.2678004609118
STU_016625,82.7836856939896
STU_016626,58.58551050156347
STU_016627,99.49758694248833
STU_016628,86.20687526376514
STU_016629,54.28418687771998
STU_016630,70.7703356403437
STU_016631,67.48990951645676
STU_016632,64.99106062582868
STU_016633,77.68270594086277
STU_016634,63.96742804840748
STU_016635,93.57191024136183
STU_016636,82.38359613671254
STU_016637,68.49569609726473
STU_016638,65.87729604866563
STU_016639,63.9113935741925
STU_016640,100.0
STU_016641,79.4124510390427
STU_016642,60.90258030398198
STU_016643,70.52626582171911
STU_016644,78.55774427510897
STU_016645,80.78418989834589
STU_016646,85.62532648713983
STU_016647,65.75341242537652
STU_016648,79.32271159420483
STU_016649,86.15595401107389
STU_016650,87.21133688918286
STU_016651,83.8805396146644
STU_016652,85.09861013597016
STU_016653,79.67661799510785
STU_016654,92.88715342156486
STU_016655,72.80198064884428
STU_016656,76.32555091241517
STU_016657,79.03347243796291
STU_016658,90.94189829120087
STU_016659,76.54366250772817
STU_016660,91.37840563629472
STU_016661,70.62183536547175
STU_016662,71.50549273531483
STU_016663,90.20163741035489
STU_016664,70.24837637921189
STU_016665,78.84951362535497
STU_016666,63.81996094163033
STU_016667,70.12930005328136
STU_016668,94.64575993210659
STU_016669,76.74815783930411
STU_016670,83.72472692014493
STU_016671,99.51140167239419
STU_016672,86.97370282578927
STU_016673,65.81696277966454
STU_016674,78.37127088493078
STU_016675,72.86359716310858
STU_016676,99.4500529556691
STU_016677,90.00347772775528
STU_016678,86.31516039474837
STU_016679,86.97553500316369
STU_016680,60.95558535929075
STU_016681,96.45370259788582
STU_016682,84.79154683361581
STU_016683,74.5778687031448
STU_016684,66.31348969433279
STU_016685,76.62053229258802
STU_016686,71.09585016575365
STU_016687,95.67229774859027
STU_016688,62.17366467893892
STU_016689,70.33521009511897
STU_016690,56.60321976560888
STU_016691,80.55861598492292
STU_016692,75.47604427534404
STU_016693,66.1860357648095
STU_016694,82.27640264548872
STU_016695,79.96049487675477
STU_016696,75.27688150090766
STU_016697,75.12616650982336
STU_016698,82.75462746935285
STU_016699,67.35677857773906
STU_016700,72.59379275363753
STU_016701,76.58223134108607
STU_016702,82.1332192027589
STU_016703,91.56806156556001
STU_016704,86.04591300385903
STU_016705,88.18462192116584
STU_016706,76.55205411684074
STU_016707,80.1153039518268
STU_016708,88.39093261417503
STU_016709,44.4630945694884
STU_016710,77.03877580295274
STU_016711,60.32924658660591
STU_016712,50.13350205971236
STU_016713,94.39656115509057
STU_016714,94.7535247713879
STU_016715,66.534812737905
STU_016716,70.46604063262365
STU_016717,87.11110664124709
STU_016718,54.38510616715527
STU_016719,86.54927334869146
STU_016720,94.1121388629478
STU_016721,79.0570403954796
STU_016722,77.92124942969082
STU_016723,71.91554663031397
STU_016724,71.81121511917445
STU_016725,69.63284950265239
STU_016726,60.11168142843257
STU_016727,68.49684688631935
STU_016728,60.27253314439671
STU_016729,78.52594990010269
STU_016730,81.6216135595825
STU_016731,66.3218738796208
STU_016732,89.02128678939083
STU_016733,86.03919644535296
STU_016734,57.689610171368834
STU_016735,85.50752435527625
STU_016736,61.0950894805709
STU_016737,66.36792640733672
STU_016738,76.70823957556568
STU_016739,80.45850080801893
STU_016740,70.46207578222976
STU_016741,77.94947981854168
STU_016742,90.19075551579135
STU_016743,74.44150948640016
STU_016744,60.77797637946718
STU_016745,64.0723675876219
STU_016746,57.507343741826986
STU_016747,81.23369176936447
STU_016748,79.62056566585206
STU_016749,56.895579171040595
STU_016750,87.69943086241473
STU_016751,87.86154964830024
STU_016752,60.01645587452106
STU_016753,74.9243983431637
STU_016754,100.0
STU_016755,75.56285800608161
STU_016756,75.95501947985578
STU_016757,83.64426913011073
STU_016758,53.28978669098359
STU_016759,96.49812346539625
STU_016760,73.48793760495491
STU_016761,77.36097730898585
STU_016762,74.29960162964001
STU_016763,80.60875252896491
STU_016764,66.27510799768743
STU_016765,87.86407661073238
STU_016766,92.29255245214175
STU_016767,80.89175325214053
STU_016768,86.78103183478105
STU_016769,52.40043687076087
STU_016770,56.11027723021671
STU_016771,64.46056795000324
STU_016772,88.11439224352198
STU_016773,69.53510268967041
STU_016774,79.66685310898511
STU_016775,70.47373547088361
STU_016776,88.09871116968422
STU_016777,53.22124717447751
STU_016778,81.57651098325228
STU_016779,72.89727218164225
STU_016780,83.26576001715728
STU_016781,50.97401546821669
STU_016782,84.34281322941854
STU_016783,67.3851783160544
STU_016784,93.30718666247182
STU_016785,88.86714409646648
STU_016786,71.34507191725585
STU_016787,64.79156911377302
STU_016788,90.35841885217359
STU_016789,72.23290789987647
STU_016790,85.7457449520402
STU_016791,67.93271729273282
STU_016792,73.07637671871571
STU_016793,78.47505706320415
STU_016794,73.46480155566314
STU_016795,74.49495950624333
STU_016796,86.89885152031039
STU_016797,67.34635059827313
STU_016798,74.31960150223759
STU_016799,91.61113058669976
STU_016800,64.92135307368568
STU_016801,60.19393582862732
STU_016802,67.61133355046543
STU_016803,91.00689595359562
STU_016804,91.24498581243196
STU_016805,56.81800609332412
STU_016806,80.31799037181781
STU_016807,78.46805029685983
STU_016808,85.97697140797354
STU_016809,82.74698841906608
STU_016810,49.57315273562899
STU_016811,73.34509492928902
STU_016812,70.11213061160393
STU_016813,74.19913139420393
STU_016814,87.5754983735529
STU_016815,68.85937238127975
STU_016816,71.54628166624167
STU_016817,100.0
STU_016818,55.077744593145525
STU_016819,87.45118321696269
STU_016820,78.54986433955719
STU_016821,80.039373242508
STU_016822,73.0079499868375
STU_016823,100.0
STU_016824,83.23409152377866
STU_016825,82.65950561453151
STU_016826,70.09231155596436
STU_016827,77.2533877684918
STU_016828,70.50287303382802
STU_016829,80.16697823318998
STU_016830,73.06665869982795
STU_016831,89.44220068132199
STU_016832,67.54683589453289
STU_016833,62.27425258890057
STU_016834,83.5875481627058
STU_016835,78.11728583524601
STU_016836,80.77545820752142
STU_016837,97.94846749807157
STU_016838,90.49406523592017
STU_016839,64.03902527089122
STU_016840,81.38608659986062
STU_016841,97.53769790359078
STU_016842,75.970199741383
STU_016843,70.0402871140878
STU_016844,89.5436652724994
STU_016845,68.51767527127804
STU_016846,64.49040530960671
STU_016847,72.34166785643951
STU_016848,59.61596118510372
STU_016849,72.78685330843066
STU_016850,75.89468001254833
STU_016851,66.99039479014058
STU_016852,86.20094512728264
STU_016853,89.0366890572873
STU_016854,87.17811795569513
STU_016855,74.67431413737023
STU_016856,97.0060634810151
STU_016857,66.54124346812442
STU_016858,58.32725935986683
STU_016859,99.61318588888935
STU_016860,98.96001873586279
STU_016861,77.76296951719168
STU_016862,93.29993803898108
STU_016863,96.99505487898878
STU_016864,56.19130340575149
STU_016865,90.18193508590882
STU_016866,71.19614124302589
STU_016867,92.60661239477983
STU_016868,73.60737238943551
STU_016869,87.37376085595388
STU_016870,62.36898610085558
STU_016871,59.43487293538164
STU_016872,77.63382111593907
STU_016873,91.7620027542811
STU_016874,68.18053916102667
STU_016875,81.1805792549255
STU_016876,57.78929884151729
STU_016877,100.0
STU_016878,57.372437202860375
STU_016879,90.76844768836266
STU_016880,86.51360534054504
STU_016881,65.3313167216206
STU_016882,73.8155531331639
STU_016883,87.1701798116319
STU_016884,70.5313898045972
STU_016885,89.7716845852845
STU_016886,80.57856330496655
STU_016887,65.6955680573847
STU_016888,84.49418407381923
STU_016889,73.88943348565115
STU_016890,72.47989870827492
STU_016891,63.77408324027516
STU_016892,80.60194623934667
STU_016893,66.53499682961306
STU_016894,81.54652657882194
STU_016895,73.99668444317395
STU_016896,67.08196139334902
STU_016897,53.466242786535844
STU_016898,100.0
STU_016899,79.37181707640194
STU_016900,96.05577768110324
STU_016901,75.96114782377241
STU_016902,93.37725220343114
STU_016903,79.94898617664033
STU_016904,84.64341345723327
STU_016905,82.86628118437419
STU_016906,70.8407353428213
STU_016907,80.81078355909564
STU_016908,69.27460517560665
STU_016909,88.47783524370075
STU_016910,67.80652659598961
STU_016911,73.96507650805003
STU_016912,68.44123427894223
STU_016913,57.7913277272423
STU_016914,90.28901999771348
STU_016915,89.92548017128242
STU_016916,78.86284723540703
STU_016917,83.97778003302159
STU_016918,51.32754021298356
STU_016919,69.85239625538296
STU_016920,73.23811760980556
STU_016921,75.74420845633124
STU_016922,71.16177515229035
STU_016923,90.85496881542784
STU_016924,56.90670871923326
STU_016925,80.81569309732869
STU_016926,78.39530566812194
STU_016927,57.32000888566851
STU_016928,76.93572945543093
STU_016929,68.2988543038549
STU_016930,94.68874132418176
STU_016931,48.572214432285044
STU_016932,84.99348384498549
STU_016933,83.53599202095623
STU_016934,66.03901611690806
STU_016935,71.88158785371479
STU_016936,63.88783480524265
STU_016937,70.72171266975153
STU_016938,89.01275076410145
STU_016939,90.83628972255632
STU_016940,91.63119597959951
STU_016941,61.26007228804267
STU_016942,80.04973525327372
STU_016943,71.91492189317812
STU_016944,82.2360972652697
STU_016945,92.1032800064065
STU_016946,82.22851170276041
STU_016947,73.19430979183667
STU_016948,77.0978650642144
STU_016949,65.1506155405997
STU_016950,69.09377467563209
STU_016951,96.02249722802726
STU_016952,58.182863844956
STU_016953,62.51400097871842
STU_016954,70.47547420297589
STU_016955,88.25029528944435
STU_016956,88.56214774602023
STU_016957,67.0142191265041
STU_016958,73.61342542012434
STU_016959,95.982585345597
STU_016960,82.99956448669317
STU_016961,66.06453545986538
STU_016962,71.8436554488633
STU_016963,95.53923181153108
STU_016964,86.92252296645081
STU_016965,88.8426317022763
STU_016966,75.22205409074155
STU_016967,88.76061953836263
STU_016968,97.34293798847388
STU_016969,61.74002831590743
STU_016970,76.27033892587808
STU_016971,59.92479640884026
STU_016972,95.34112902253175
STU_016973,69.7654458618164
STU_016974,77.207633488478
STU_016975,60.543674048516195
STU_016976,69.99376768791635
STU_016977,89.01369242868618
STU_016978,68.71249102401696
STU_016979,57.816857305097045
STU_016980,83.71922476042619
STU_016981,62.83015668669965
STU_016982,72.98039333685512
STU_016983,62.779525948007496
STU_016984,67.33505930867581
STU_016985,100.0
STU_016986,87.97012406512575
STU_016987,78.68249470663562
STU_016988,73.93151188820694
STU_016989,84.85728581014922
STU_016990,71.32160891529837
STU_016991,65.6010665023808
STU_016992,82.48099924632956
STU_016993,77.14039966583404
STU_016994,63.79261051413287
STU_016995,64.58713571630713
STU_016996,93.67021416146976
STU_016997,81.65161953034598
STU_016998,92.34330598968081
STU_016999,97.15774890449886
STU_017000,85.23481865085584
STU_017001,88.78597725636988
STU_017002,93.22570024522942
STU_017003,95.3314106275263
STU_017004,66.94982753576112
STU_017005,87.46826965646339
STU_017006,87.8978182999153
STU_017007,76.0800038079639
STU_017008,80.9429416455503
STU_017009,84.19634457098324
STU_017010,73.8444084776463
STU_017011,52.788112502941004
STU_017012,57.28106660387608
STU_017013,100.0
STU_017014,74.92023028063014
STU_017015,81.34022925384521
STU_017016,89.20128273932858
STU_017017,65.00765870224312
STU_017018,76.27015185997186
STU_017019,56.89391273070457
STU_017020,66.01396534631364
STU_017021,78.29180863267123
STU_017022,68.81686799686254
STU_017023,62.79928294421118
STU_017024,61.570253779253264
STU_017025,65.60498141000092
STU_017026,78.8249135375493
STU_017027,77.76397728883808
STU_017028,74.58591635948576
STU_017029,90.14457518879985
STU_017030,88.69878060518825
STU_017031,57.55894423660841
STU_017032,89.76228800599056
STU_017033,83.13730021360806
STU_017034,75.7888714469675
STU_017035,70.00863412837671
STU_017036,87.16478795667713
STU_017037,94.89755644621033
STU_017038,96.30825079447877
STU_017039,88.42456982110673
STU_017040,99.20078849146626
STU_017041,61.15874889045692
STU_017042,87.38758476731022
STU_017043,72.21331728308365
STU_017044,92.34284574309207
STU_017045,87.7693858050434
STU_017046,83.10939686601539
STU_017047,97.89079712853272
STU_017048,69.60306095845327
STU_017049,83.16033268042027
STU_017050,66.49098814918075
STU_017051,76.26133464274167
STU_017052,97.43075434438305
STU_017053,80.10669114574418
STU_017054,92.1614699094926
STU_017055,84.94480368866368
STU_017056,78.81126424788955
STU_017057,95.98199060443987
STU_017058,78.90218251303138
STU_017059,59.32817786096896
STU_017060,66.87839921823836
STU_017061,93.28757160086312
STU_017062,60.02759421417008
STU_017063,75.17827455374054
STU_017064,67.14398758717871
STU_017065,94.07328941952608
STU_017066,57.97767777642132
STU_017067,94.21429676318884
STU_017068,71.58332527764122
STU_017069,80.93334971726709
STU_017070,82.64683545537088
STU_017071,79.1118174587311
STU_017072,74.65206488832332
STU_017073,91.10966165641686
STU_017074,87.14404454089524
STU_017075,91.66708339632109
STU_017076,59.44916043335008
STU_017077,89.61240115113333
STU_017078,64.82621482217239
STU_017079,62.099255749995265
STU_017080,53.65761363623572
STU_017081,72.6948355807345
STU_017082,79.16602730236261
STU_017083,68.775279768404
STU_017084,53.473500547982795
STU_017085,64.01446486504327
STU_017086,89.00356746709161
STU_017087,68.95848764776031
STU_017088,92.53813295683963
STU_017089,62.912106856999316
STU_017090,84.48998777429429
STU_017091,67.45511495878756
STU_017092,88.36740249307117
STU_017093,53.33640700189914
STU_017094,80.50293532384106
STU_017095,52.82383739425726
STU_017096,59.7552080622371
STU_017097,62.79088900263733
STU_017098,48.256492424128
STU_017099,75.27723829106571
STU_017100,87.0498192025428
STU_017101,76.65174956589243
STU_017102,71.15532065279953
STU_017103,78.89080149775883
STU_017104,83.20377179534263
STU_017105,67.76453129202612
STU_017106,62.91374244864062
STU_017107,47.54116197728453
STU_017108,82.18518322843585
STU_017109,70.60587634036565
STU_017110,69.13662685686157
STU_017111,84.47959611759343
STU_017112,83.36527729791898
STU_017113,58.40715993294919
STU_017114,75.00772459577564
STU_017115,74.51014557962041
STU_017116,100.0
STU_017117,51.796734629478365
STU_017118,87.99608077685247
STU_017119,84.0124785537543
STU_017120,85.87379519966981
STU_017121,76.33983642711503
STU_017122,99.1148660162215
STU_017123,64.3800807998553
STU_017124,71.76476384507089
STU_017125,72.76256928823658
STU_017126,82.64781766324631
STU_017127,59.79570448123102
STU_017128,68.73984649936952
STU_017129,64.27524287221459
STU_017130,77.6158892601693
STU_017131,70.30589879825762
STU_017132,71.67299180102218
STU_017133,80.43690048212457
STU_017134,97.13798087388878
STU_017135,62.06946347569786
STU_017136,82.43411398786539
STU_017137,58.32886869003969
STU_017138,76.74410004771077
STU_017139,90.98457296054772
STU_017140,76.68427238233485
STU_017141,87.0403182369193
STU_017142,89.35167622892858
STU_017143,56.049947888823056
STU_017144,88.1067983608419
STU_017145,91.35537217318561
STU_017146,94.68352463892552
STU_017147,97.98322429218108
STU_017148,73.46845256576758
STU_017149,71.50144746185025
STU_017150,58.272813386112624
STU_017151,79.0893853755407
STU_017152,76.8644974306492
STU_017153,81.78960667474274
STU_017154,81.16716644494674
STU_017155,58.672710238107925
STU_017156,58.15923770194766
STU_017157,73.2319445995023
STU_017158,87.9751120120209
STU_017159,61.33134946570888
STU_017160,55.535636169952404
STU_017161,82.79917221342654
STU_017162,75.5036924537897
STU_017163,76.09961525602931
STU_017164,92.47118319825424
STU_017165,65.32518728283654
STU_017166,72.6523990744748
STU_017167,67.08999462165833
STU_017168,79.71984528861428
STU_017169,86.04808530844237
STU_017170,86.18192261098595
STU_017171,91.94772929258384
STU_017172,71.06227180201795
STU_017173,59.25410736366542
STU_017174,56.965654901262596
STU_017175,100.0
STU_017176,81.55943143340782
STU_017177,74.28250540255293
STU_017178,86.60096670222977
STU_017179,86.46205192850815
STU_017180,74.84273407226803
STU_017181,81.03342912370745
STU_017182,70.46329668855599
STU_017183,93.86364245682026
STU_017184,85.3461581070918
STU_017185,96.01833168216133
STU_017186,67.31390057339922
STU_017187,84.10609238091565
STU_017188,77.42209647307206
STU_017189,55.972814463285985
STU_017190,92.33541361065852
STU_017191,68.94276189052614
STU_017192,65.72212484787995
STU_017193,57.562208743674105
STU_017194,82.59128955419918
STU_017195,69.77839134523164
STU_017196,80.20332378636893
STU_017197,77.60403145018388
STU_017198,70.44781584271679
STU_017199,74.92454488051878
STU_017200,66.31830850845894
STU_017201,72.23386160793524
STU_017202,88.05314757413282
STU_017203,72.77691098840205
STU_017204,65.76492343609746
STU_017205,89.44481407175222
STU_017206,76.67822448397392
STU_017207,95.93778190806741
STU_017208,63.46689243925413
STU_017209,57.529694334014856
STU_017210,40.21022290600364
STU_017211,83.95153969191986
STU_017212,93.19634786636794
STU_017213,90.2560184489232
STU_017214,85.62068592468052
STU_017215,63.75935319815113
STU_017216,62.24376264527399
STU_017217,100.0
STU_017218,73.00435040935216
STU_017219,94.93755397460926
STU_017220,78.1894117217875
STU_017221,69.7286909399669
STU_017222,66.51318846784821
STU_017223,70.61950992575952
STU_017224,85.37329875753571
STU_017225,91.2821817391729
STU_017226,76.53592508904572
STU_017227,72.08396138047914
STU_017228,84.92268342446133
STU_017229,68.97403088806038
STU_017230,95.8286897334257
STU_017231,71.66948745785056
STU_017232,68.35994230971241
STU_017233,72.71395006877667
STU_017234,88.7010026507118
STU_017235,74.85686772062675
STU_017236,63.074711975394976
STU_017237,92.54819202585071
STU_017238,77.39501945924906
STU_017239,51.53137255155751
STU_017240,92.344576797824
STU_017241,70.7736059049003
STU_017242,49.480567032299064
STU_017243,82.94754076741215
STU_017244,75.56565175923616
STU_017245,90.80118604036952
STU_017246,84.69432367750305
STU_017247,58.76919032207991
STU_017248,69.01297764459841
STU_017249,64.79799105823454
STU_017250,58.84946129772899
STU_017251,87.71652095896908
STU_017252,60.706750781423736
STU_017253,86.96755260149342
STU_017254,51.24558722766516
STU_017255,55.91936253649476
STU_017256,50.52211404591196
STU_017257,78.0767497598066
STU_017258,75.22086216950255
STU_017259,69.64128765399897
STU_017260,68.9802866426467
STU_017261,57.00071115768425
STU_017262,72.34993568957356
STU_017263,77.07988541260974
STU_017264,67.5829681407815
STU_017265,88.32160315476185
STU_017266,54.09190874596836
STU_017267,64.32396629385666
STU_017268,72.97203035075694
STU_017269,65.16709528235725
STU_017270,78.65919797846107
STU_017271,79.25652970430352
STU_017272,61.247092109546664
STU_017273,85.36609764017813
STU_017274,86.74466023928017
STU_017275,68.35855960625932
STU_017276,56.689608662730706
STU_017277,76.67315145309644
STU_017278,91.146873816111
STU_017279,73.2769827544195
STU_017280,83.35101794556927
STU_017281,69.63580912672477
STU_017282,73.43453175140695
STU_017283,80.2838820747715
STU_017284,88.60432537950396
STU_017285,85.38631153302595
STU_017286,70.68405198195315
STU_017287,62.47406883268595
STU_017288,62.64679706886018
STU_017289,75.89027176825581
STU_017290,88.27084759285688
STU_017291,79.59583474593936
STU_017292,63.622522602972765
STU_017293,72.50637571912878
STU_017294,69.62113062296173
STU_017295,72.42129251890103
STU_017296,72.72186174575457
STU_017297,94.80866537898576
STU_017298,65.41831681020949
STU_017299,68.76890577713003
STU_017300,56.50839312257846
STU_017301,57.526118083044324
STU_017302,71.57137472448956
STU_017303,94.48455043898662
STU_017304,87.5730462240125
STU_017305,75.75158207653969
STU_017306,80.78646410997254
STU_017307,98.62599745063977
STU_017308,90.29766834119405
STU_017309,86.12597959484381
STU_017310,61.25359438180385
STU_017311,77.17648841302811
STU_017312,69.67222958087893
STU_017313,89.63563022444146
STU_017314,76.27204940360096
STU_017315,84.8791875240388
STU_017316,72.32605104974168
STU_017317,83.11425846392596
STU_017318,42.548720300004334
STU_017319,67.10204000845548
STU_017320,89.62675427876508
STU_017321,84.3007267001298
STU_017322,76.24834154123862
STU_017323,77.75755632038815
STU_017324,87.33244679439434
STU_017325,84.27106841706774
STU_017326,70.97555338175152
STU_017327,86.56942171784769
STU_017328,77.98327461679095
STU_017329,43.974106630053306
STU_017330,91.04131932776214
STU_017331,82.17524161098461
STU_017332,66.47076460498407
STU_017333,66.44381811995152
STU_017334,82.97779607872037
STU_017335,84.4180787301394
STU_017336,62.97491880646131
STU_017337,78.24373700362337
STU_017338,81.75601488899194
STU_017339,96.68731858715037
STU_017340,83.01373044685448
STU_017341,88.20435005310088
STU_017342,62.7848146738087
STU_017343,84.28999989382811
STU_017344,61.79009186618815
STU_017345,70.05934245560599
STU_017346,59.17491182448403
STU_017347,92.80692630715903
STU_017348,72.64598084871969
STU_017349,81.48100763264924
STU_017350,55.03047423928471
STU_017351,61.12879383219804
STU_017352,60.396734045028346
STU_017353,58.69844474379564
STU_017354,85.59853799567978
STU_017355,61.56343421951569
STU_017356,68.06819346203318
STU_017357,61.28342332772761
STU_017358,62.26929778261576
STU_017359,86.680561413082
STU_017360,100.0
STU_017361,94.90733762689062
STU_017362,67.58811651449942
STU_017363,88.2819615710855
STU_017364,90.39100738202087
STU_017365,82.70280760109152
STU_017366,85.92615210155462
STU_017367,100.0
STU_017368,62.89811914115576
STU_017369,57.76606049433832
STU_017370,79.06400230389224
STU_017371,83.8835148747676
STU_017372,83.99066945833692
STU_017373,64.44184900584065
STU_017374,53.76367703688572
STU_017375,87.60956520277247
STU_017376,73.32717978820116
STU_017377,69.75127244051905
STU_017378,83.12409635669248
STU_017379,62.94217107815036
STU_017380,64.6627502225138
STU_017381,58.220584281458414
STU_017382,81.78149718287368
STU_017383,82.98723813955021
STU_017384,70.9950561311273
STU_017385,74.64664918336206
STU_017386,73.78365164942986
STU_017387,83.7042969807975
STU_017388,70.57359817804792
STU_017389,84.00423746567814
STU_017390,73.34656310801151
STU_017391,77.16088657503799
STU_017392,66.57118660223449
STU_017393,66.64123007091747
STU_017394,73.09688710792126
STU_017395,58.78505822275407
STU_017396,81.33304877191121
STU_017397,76.94486103996203
STU_017398,81.59962216808626
STU_017399,87.9959555450847
STU_017400,46.98432945650086
STU_017401,47.6482866919377
STU_017402,97.05999616992851
STU_017403,62.37250851754249
STU_017404,74.67122489129403
STU_017405,64.32248300227133
STU_017406,66.2420090760731
STU_017407,64.28923637631118
STU_017408,82.10244727587704
STU_017409,79.71381983223667
STU_017410,74.46289177982446
STU_017411,57.886636709577985
STU_017412,80.48751391540077
STU_017413,81.86331418072548
STU_017414,80.47462633334274
STU_017415,56.28625592032491
STU_017416,62.48359903360192
STU_017417,78.30111452367436
STU_017418,88.81697194723637
STU_017419,64.62305292393452
STU_017420,78.70621410059339
STU_017421,78.49164839200654
STU_017422,80.35744803377978
STU_017423,72.61236756475977
STU_017424,57.9327790758754
STU_017425,78.81112544658876
STU_017426,68.86780198644686
STU_017427,72.63575781189883
STU_017428,72.23716761073244
STU_017429,60.43604178470714
STU_017430,99.1705816769391
STU_017431,66.71772790349331
STU_017432,96.45902074343263
STU_017433,85.01825534641598
STU_017434,74.09787300544866
STU_017435,82.80321853945647
STU_017436,72.19850673264426
STU_017437,82.26795773888941
STU_017438,99.45150282410454
STU_017439,64.85644625580815
STU_017440,87.38239609373092
STU_017441,50.51453271532715
STU_017442,73.95507061395831
STU_017443,86.17624703027973
STU_017444,76.55296410003287
STU_017445,94.68327600013471
STU_017446,86.1362592227184
STU_017447,61.58993846441659
STU_017448,78.63642175589479
STU_017449,81.26382233410334
STU_017450,81.23156149003762
STU_017451,72.29014990824473
STU_017452,75.33700132150392
STU_017453,92.08638706961743
STU_017454,59.09680430179836
STU_017455,89.86944448881468
STU_017456,78.04784616923008
STU_017457,66.74061499449533
STU_017458,63.00371630626617
STU_017459,80.90813338676658
STU_017460,64.72514685982416
STU_017461,85.43339973893279
STU_017462,80.21490015502363
STU_017463,92.76084283701363
STU_017464,67.61620085002538
STU_017465,83.73100898198535
STU_017466,77.22846099486716
STU_017467,54.4494211788528
STU_017468,79.87761592932026
STU_017469,98.28251921497257
STU_017470,89.07130310999558
STU_017471,87.61687961640973
STU_017472,66.15123646448566
STU_017473,98.6921670390062
STU_017474,38.92558288291012
STU_017475,61.273493145665036
STU_017476,70.04273793830326
STU_017477,65.39181961995853
STU_017478,53.804358339835794
STU_017479,78.87278581565285
STU_017480,97.7917288769971
STU_017481,92.18463799457705
STU_017482,80.3596887831986
STU_017483,87.86190443368778
STU_017484,83.87152478458552
STU_017485,89.01350870419047
STU_017486,74.23806775885824
STU_017487,87.85620789683104
STU_017488,59.066615725624985
STU_017489,59.7059156969332
STU_017490,94.95185619565663
STU_017491,69.536521924545
STU_017492,58.32492611036941
STU_017493,80.04604222148826
STU_017494,76.99338348367682
STU_017495,53.731371795532425
STU_017496,78.4856005321487
STU_017497,83.84748699167106
STU_017498,59.627876801438006
STU_017499,86.08225031001376
STU_017500,85.994527955836
STU_017501,76.76809842163183
STU_017502,85.3823902277473
STU_017503,70.19774943676889
STU_017504,83.70492945991124
STU_017505,79.25861405538184
STU_017506,77.76101998110141
STU_017507,53.71943992973487
STU_017508,70.41014013000036
STU_017509,86.12831064019913
STU_017510,98.33636872526355
STU_017511,73.9916856209561
STU_017512,62.26475553440399
STU_017513,74.65761480099097
STU_017514,74.41090751352628
STU_017515,78.93554974766201
STU_017516,96.20867456357068
STU_017517,81.1770617957194
STU_017518,84.5658395253368
STU_017519,84.1413521851753
STU_017520,97.27623918980849
STU_017521,61.89783297295432
STU_017522,73.41827651619003
STU_017523,78.10037227865718
STU_017524,59.815944574301184
STU_017525,71.81765630703909
STU_017526,77.94478752974031
STU_017527,76.48389822225425
STU_017528,74.24403858852935
STU_017529,100.0
STU_017530,82.41304469943071
STU_017531,93.0243101796769
STU_017532,59.41963140946522
STU_017533,64.85615914891062
STU_017534,55.87133290331954
STU_017535,72.77705473240921
STU_017536,81.00594511898828
STU_017537,95.45169899028784
STU_017538,92.35346662328544
STU_017539,70.7344365559676
STU_017540,95.40652675678022
STU_017541,54.089015793747706
STU_017542,71.67236251603248
STU_017543,80.40826260178298
STU_017544,95.29643912650455
STU_017545,70.64476713524084
STU_017546,69.70421488523175
STU_017547,93.32381758524826
STU_017548,78.19157983969674
STU_017549,97.09519271137316
STU_017550,76.22348194995409
STU_017551,95.99609514847467
STU_017552,54.323692780334454
STU_017553,87.24160744993523
STU_017554,61.28527878083684
STU_017555,71.14326138821441
STU_017556,67.94463538928314
STU_017557,57.6376096939684
STU_017558,53.374988574703906
STU_017559,80.66742802000964
STU_017560,71.16995749077326
STU_017561,95.10940916847709
STU_017562,59.756029067612744
STU_017563,68.95728875759545
STU_017564,69.83641979093372
STU_017565,71.43595472165066
STU_017566,82.45292029178185
STU_017567,69.49568157276288
STU_017568,71.01344550438182
STU_017569,73.981397256655
STU_017570,97.91149221521866
STU_017571,91.28004111162855
STU_017572,80.77404692577794
STU_017573,73.99819728560216
STU_017574,81.40901145885225
STU_017575,91.45120633044286
STU_017576,87.14658041935323
STU_017577,65.59322819551421
STU_017578,75.73852375005755
STU_017579,75.34069120630046
STU_017580,75.79445061384847
STU_017581,72.44226389947313
STU_017582,78.45259578882379
STU_017583,93.5984128640065
STU_017584,60.4611457400695
STU_017585,53.90252672753216
STU_017586,81.6212679682221
STU_017587,61.607990919876315
STU_017588,68.42392122948054
STU_017589,90.3314317001886
STU_017590,73.14545058776548
STU_017591,90.74074042115886
STU_017592,68.14409657441263
STU_017593,60.12258181965218
STU_017594,55.86053675722431
STU_017595,94.15148876271199
STU_017596,71.23344333500536
STU_017597,90.96780074586506
STU_017598,48.9931175145945
STU_017599,66.35250390088423
STU_017600,72.46583291217604
STU_017601,68.97818634135938
STU_017602,66.58001580507158
STU_017603,83.49811281955724
STU_017604,85.78292211045071
STU_017605,66.66308219919907
STU_017606,92.46874691200192
STU_017607,81.4987789625082
STU_017608,91.01385064882035
STU_017609,78.34670692729121
STU_017610,77.99241052375856
STU_017611,75.03519936657015
STU_017612,96.15197340306884
STU_017613,82.24231755987486
STU_017614,91.18345629851268
STU_017615,65.9577591944214
STU_017616,84.6284586381347
STU_017617,89.60477508872256
STU_017618,44.08593226444392
STU_017619,62.01213140400776
STU_017620,76.29539096622293
STU_017621,84.22750403744207
STU_017622,97.49385201290218
STU_017623,57.71154015872383
STU_017624,69.26330223137073
STU_017625,70.82779360122754
STU_017626,57.711193534019344
STU_017627,55.96675813066649
STU_017628,74.2899440375827
STU_017629,68.74203713833518
STU_017630,61.100634646201726
STU_017631,52.68100788121271
STU_017632,76.76362753782715
STU_017633,76.41564107655597
STU_017634,79.98472427973732
STU_017635,76.98271933658371
STU_017636,70.37997762297051
STU_017637,93.24806011665483
STU_017638,66.19729831886232
STU_017639,87.18691304465106
STU_017640,95.04325909869618
STU_017641,99.72386838582783
STU_017642,60.58655082577463
STU_017643,66.43033383075856
STU_017644,78.01390537631286
STU_017645,80.14587184763995
STU_017646,73.8325116214099
STU_017647,60.938527850135515
STU_017648,85.92279125307184
STU_017649,95.64010041715196
STU_017650,95.15050444052012
STU_017651,67.62018037416196
STU_017652,69.99540752778644
STU_017653,100.0
STU_017654,74.05131515465732
STU_017655,85.85069423145482
STU_017656,84.48482838437516
STU_017657,53.33855280185968
STU_017658,68.59414932970449
STU_017659,100.0
STU_017660,75.20586765041087
STU_017661,77.70274805102139
STU_017662,65.24748620920437
STU_017663,76.89417681934214
STU_017664,77.28599151530615
STU_017665,71.73293082713879
STU_017666,76.13061230754604
STU_017667,69.50758147310127
STU_017668,74.62258547402618
STU_017669,71.34111813452785
STU_017670,49.36027089739465
STU_017671,66.1233336831087
STU_017672,57.64943488384601
STU_017673,68.21140512058781
STU_017674,68.57940671540143
STU_017675,70.18333630168988
STU_017676,66.48695141661673
STU_017677,78.18908215205245
STU_017678,85.33642864579713
STU_017679,88.78704871370445
STU_017680,64.45989848703142
STU_017681,83.82822874071508
STU_017682,74.09624757970359
STU_017683,76.96947406636518
STU_017684,83.5617920733929
STU_017685,68.99504447911977
STU_017686,63.75736722396456
STU_017687,73.26054739452373
STU_017688,69.67758179277268
STU_017689,89.77633143716466
STU_017690,67.49030874193618
STU_017691,67.80906744305284
STU_017692,71.28916326847047
STU_017693,65.12945193370318
STU_017694,80.46047928045887
STU_017695,95.7657518595559
STU_017696,83.50914586693384
STU_017697,44.41773726032154
STU_017698,54.6607614412177
STU_017699,96.82444380643575
STU_017700,50.46383801262032
STU_017701,51.323198042703645
STU_017702,84.36608007961465
STU_017703,79.16661444425718
STU_017704,60.02021635028078
STU_017705,60.059501439628
STU_017706,81.38014922065973
STU_017707,51.16372911028958
STU_017708,96.59835434176844
STU_017709,89.53747743555454
STU_017710,83.14448387711965
STU_017711,100.0
STU_017712,70.14155426756815
STU_017713,71.46000642611185
STU_017714,86.81788238156315
STU_017715,71.05112314918892
STU_017716,58.84577673812954
STU_017717,74.45287530957651
STU_017718,91.18097558194349
STU_017719,68.9499480670803
STU_017720,75.24638723118812
STU_017721,78.4708391900178
STU_017722,100.0
STU_017723,72.72237265446361
STU_017724,76.93085402753366
STU_017725,92.0337465233727
STU_017726,93.24843254659696
STU_017727,81.12503727529942
STU_017728,86.20722624257716
STU_017729,69.97540562485301
STU_017730,59.63581659354497
STU_017731,56.04312583971553
STU_017732,81.394355283822
STU_017733,66.90170493746567
STU_017734,68.19794119822687
STU_017735,65.20898366699561
STU_017736,72.00486162279525
STU_017737,63.442421174951555
STU_017738,93.81290612613562
STU_017739,87.51576051073519
STU_017740,76.2815330547573
STU_017741,87.60899888380717
STU_017742,82.76269335107649
STU_017743,87.6346618035824
STU_017744,88.09835872645195
STU_017745,84.12729925105471
STU_017746,83.97641855155624
STU_017747,65.42916200914057
STU_017748,64.59395165694335
STU_017749,63.463623199831126
STU_017750,86.56833009125177
STU_017751,81.80313035168525
STU_017752,79.41202785281091
STU_017753,97.75106292963034
STU_017754,87.53725400319136
STU_017755,90.61770040757038
STU_017756,83.27477527188671
STU_017757,52.116783689565
STU_017758,69.97681080803376
STU_017759,82.5107506481963
STU_017760,92.95298801066261
STU_017761,62.958998541700375
STU_017762,100.0
STU_017763,92.50217398095985
STU_017764,55.42388036789416
STU_017765,93.01751537077283
STU_017766,73.17751458319675
STU_017767,62.50293488266233
STU_017768,60.31871437190866
STU_017769,87.65332167589321
STU_017770,75.3632240877186
STU_017771,57.54976921843281
STU_017772,71.8067608738755
STU_017773,57.47549330567081
STU_017774,100.0
STU_017775,80.43353696996279
STU_017776,88.68697741153609
STU_017777,80.52544016791704
STU_017778,83.88747848924271
STU_017779,55.20739335143074
STU_017780,72.25743725780639
STU_017781,80.14098834003983
STU_017782,75.33408822766127
STU_017783,67.32539542550748
STU_017784,78.31184579900322
STU_017785,88.52436650812517
STU_017786,75.30839412359515
STU_017787,84.8445154608889
STU_017788,76.57339726040468
STU_017789,85.37995503611269
STU_017790,57.47997241783332
STU_017791,93.37401417968549
STU_017792,66.10746898398078
STU_017793,67.22780422148165
STU_017794,63.9030225277623
STU_017795,72.36874252764797
STU_017796,78.94142239115868
STU_017797,90.527396517831
STU_017798,91.66441710480925
STU_017799,99.77927380630415
STU_017800,88.60891826407693
STU_017801,75.40835923500595
STU_017802,94.51990076907262
STU_017803,62.18484177478462
STU_017804,78.56779064700832
STU_017805,69.58067390156987
STU_017806,69.0312195843799
STU_017807,93.87943990775528
STU_017808,70.89891879274371
STU_017809,87.04678902406049
STU_017810,100.0
STU_017811,71.18196462087909
STU_017812,83.05232821895802
STU_017813,82.36215965540286
STU_017814,68.22834083856615
STU_017815,66.62209921857445
STU_017816,59.39827053050867
STU_017817,54.20980794833244
STU_017818,91.7196087390505
STU_017819,85.54212543409025
STU_017820,82.89432517859548
STU_017821,73.31758818063292
STU_017822,90.15534960471288
STU_017823,96.76632864906371
STU_017824,55.4696435453319
STU_017825,78.81430239039912
STU_017826,84.04159006660159
STU_017827,86.61171798664651
STU_017828,55.70631435601432
STU_017829,65.32098203326093
STU_017830,71.97072680561263
STU_017831,85.64353045383612
STU_017832,85.95482999434218
STU_017833,56.89840245799395
STU_017834,79.97567021694535
STU_017835,69.39993992195089
STU_017836,79.53827172564652
STU_017837,71.10328745120864
STU_017838,61.98521964860805
STU_017839,94.5387682471125
STU_017840,67.2741630294158
STU_017841,96.41440688083806
STU_017842,83.3464164362632
STU_017843,83.82330292515238
STU_017844,63.1787391810927
STU_017845,97.3862121395958
STU_017846,93.35269742517029
STU_017847,53.353292439915506
STU_017848,61.286630642647516
STU_017849,58.964778824451884
STU_017850,68.08483233602631
STU_017851,63.2297032274591
STU_017852,86.01216540624735
STU_017853,71.49784538196516
STU_017854,98.66752395886392
STU_017855,52.81223228778245
STU_017856,85.37334293392684
STU_017857,81.10335863456673
STU_017858,78.37696276476777
STU_017859,65.80766667848116
STU_017860,82.84713137741056
STU_017861,85.64326805579255
STU_017862,68.1995320875909
STU_017863,88.53971009256342
STU_017864,79.30181100272243
STU_017865,71.26565794513893
STU_017866,77.17192320000349
STU_017867,66.3757888820946
STU_017868,92.76009989163596
STU_017869,61.80612246842831
STU_017870,83.14105138638887
STU_017871,95.0317006008222
STU_017872,73.00171021561381
STU_017873,92.75910854860788
STU_017874,81.69201654756212
STU_017875,75.1907535852185
STU_017876,69.41957713536732
STU_017877,51.5740654643925
STU_017878,88.0208442488745
STU_017879,59.4460774188663
STU_017880,93.79846667013756
STU_017881,70.22737193999258
STU_017882,70.59842645249316
STU_017883,93.95282707138837
STU_017884,60.34451209491651
STU_017885,66.06208733573587
STU_017886,78.24946985845459
STU_017887,56.13605416792634
STU_017888,63.608419893725916
STU_017889,99.65911755164183
STU_017890,100.0
STU_017891,80.55979254338746
STU_017892,51.648393796192245
STU_017893,81.629757011627
STU_017894,63.563677643870044
STU_017895,70.17575838879338
STU_017896,76.95998770940975
STU_017897,58.01869382020391
STU_017898,84.72594878523459
STU_017899,80.06757199617616
STU_017900,68.5650317855497
STU_017901,91.88287609982594
STU_017902,68.61371919002372
STU_017903,71.95115883368858
STU_017904,82.65636116227247
STU_017905,72.67840636781472
STU_017906,65.23503565316514
STU_017907,76.35984460603163
STU_017908,70.53595477673247
STU_017909,73.5999577246608
STU_017910,72.2234193403937
STU_017911,58.31850468249563
STU_017912,93.39007511173108
STU_017913,88.21789720337443
STU_017914,68.01525756394253
STU_017915,72.39891363785173
STU_017916,78.83828084699685
STU_017917,82.98159675103427
STU_017918,78.97859709416831
STU_017919,89.98328119154439
STU_017920,79.27501469793437
STU_017921,83.0658128956315
STU_017922,75.75792326187438
STU_017923,68.47984206214154
STU_017924,73.89051620457487
STU_017925,70.51395925055364
STU_017926,79.99909276462206
STU_017927,97.50473800138458
STU_017928,85.10526338133765
STU_017929,87.86989754232754
STU_017930,76.3416447212637
STU_017931,63.242347705503406
STU_017932,98.04384789309515
STU_017933,97.73495829700134
STU_017934,91.46300809567322
STU_017935,80.51007452407785
STU_017936,53.36716826304363
STU_017937,81.16672740494448
STU_017938,65.2956367139699
STU_017939,86.45416519450433
STU_017940,80.5896244507079
STU_017941,70.65841071502133
STU_017942,69.81923514276609
STU_017943,62.31892101977084
STU_017944,68.7504571035159
STU_017945,86.04563442642262
STU_017946,63.52934978774362
STU_017947,58.01134258440699
STU_017948,75.01023268741369
STU_017949,57.24467032728985
STU_017950,52.57382878033625
STU_017951,67.61086465714996
STU_017952,92.54731617753686
STU_017953,72.07024775776043
STU_017954,99.2148221121298
STU_017955,69.42457205147139
STU_017956,75.44208866264697
STU_017957,64.37218275559033
STU_017958,51.20493446171918
STU_017959,87.2117431718597
STU_017960,80.39172311612488
STU_017961,91.04924420091447
STU_017962,58.482256665008116
STU_017963,65.84730458226475
STU_017964,52.55027764524006
STU_017965,98.57585530823019
STU_017966,77.9904613875647
STU_017967,77.7629380231564
STU_017968,97.96239751542714
STU_017969,79.42914952781491
STU_017970,53.45422547956075
STU_017971,61.57713450750741
STU_017972,70.74442264411829
STU_017973,67.36841974277533
STU_017974,79.24201645470842
STU_017975,64.51826173602274
STU_017976,67.43343255656224
STU_017977,88.70651942426133
STU_017978,63.787854593816384
STU_017979,70.61055745327782
STU_017980,61.303531847327704
STU_017981,97.00929317365967
STU_017982,69.5456748002954
STU_017983,81.0283490214702
STU_017984,69.00639345364334
STU_017985,67.367012816489
STU_017986,63.95207072384653
STU_017987,80.33322418991192
STU_017988,63.53996025652917
STU_017989,76.85261306312975
STU_017990,74.47238612986695
STU_017991,80.37556280870217
STU_017992,47.569075968796255
STU_017993,97.16724038950362
STU_017994,89.2194502113858
STU_017995,77.70781245400512
STU_017996,61.563243441717596
STU_017997,72.33647462109118
STU_017998,83.67486187852525
STU_017999,87.10438084550321
STU_018000,95.87898969998251
STU_018001,75.31241900516531
STU_018002,55.92903471655808
STU_018003,69.67435396633854
STU_018004,78.17489636576192
STU_018005,78.1544320848613
STU_018006,67.79653242841813
STU_018007,99.13354403734493
STU_018008,89.9917114236431
STU_018009,82.80780284673767
STU_018010,84.42231494472092
STU_018011,87.69897957832342
STU_018012,70.63770460044394
STU_018013,81.94479123001703
STU_018014,69.13829016941774
STU_018015,78.39682644647532
STU_018016,75.25067474575994
STU_018017,79.29490098832268
STU_018018,96.6462452415103
STU_018019,64.19597847620072
STU_018020,75.21325017088533
STU_018021,69.12683706249412
STU_018022,95.02254420230355
STU_018023,79.87960053851613
STU_018024,48.523269856802074
STU_018025,76.89358019945735
STU_018026,73.38135860497252
STU_018027,81.87319440376075
STU_018028,99.61673217399048
STU_018029,72.69579840227723
STU_018030,91.10896666760186
STU_018031,88.72092413328082
STU_018032,75.07123237886579
STU_018033,89.30363942548365
STU_018034,76.06884796792343
STU_018035,90.08609226273217
STU_018036,76.70365302621866
STU_018037,42.88248805902941
STU_018038,65.01307734199126
STU_018039,81.15049265964565
STU_018040,75.1175396480672
STU_018041,64.16923096371617
STU_018042,63.43308432542438
STU_018043,87.75754832003595
STU_018044,79.35476770587759
STU_018045,71.64763680185222
STU_018046,83.63273134606335
STU_018047,56.9608062720393
STU_018048,98.61474173628214
STU_018049,88.32392302172144
STU_018050,86.5356025967139
STU_018051,60.134994047342914
STU_018052,65.8541521120762
STU_018053,67.96959498924417
STU_018054,45.184730619621945
STU_018055,100.0
STU_018056,44.734180704967535
STU_018057,63.147502719343734
STU_018058,90.81220751305852
STU_018059,97.03363140758601
STU_018060,61.97354814344587
STU_018061,78.19388273008622
STU_018062,81.00717253092206
STU_018063,73.13243322212034
STU_018064,84.10791165970461
STU_018065,86.07211328093267
STU_018066,92.78998355267578
STU_018067,90.99529483383719
STU_018068,81.32443695610849
STU_018069,80.53166058418287
STU_018070,81.78024800810152
STU_018071,97.2149616462434
STU_018072,84.96343290985791
STU_018073,61.121441385473446
STU_018074,72.57516633041143
STU_018075,71.73231547368647
STU_018076,67.66659821900451
STU_018077,55.85860602632998
STU_018078,69.5160494797857
STU_018079,81.93846931921549
STU_018080,89.85842378600546
STU_018081,77.24014571858281
STU_018082,78.55500160780407
STU_018083,96.30322605438943
STU_018084,64.92800799562471
STU_018085,71.96340210795975
STU_018086,88.90563429497139
STU_018087,76.434954892628
STU_018088,62.91530104976376
STU_018089,57.89677860069336
STU_018090,63.05104352492837
STU_018091,83.22866448779968
STU_018092,72.82496893429841
STU_018093,66.35975533630615
STU_018094,71.15365225795725
STU_018095,75.61214986763552
STU_018096,60.29214355136623
STU_018097,87.298932926389
STU_018098,65.93556830377261
STU_018099,70.35822501325056
STU_018100,90.88179493238381
STU_018101,76.39040334622158
STU_018102,55.16347783259328
STU_018103,97.07192297256053
STU_018104,63.08771980554622
STU_018105,60.80774049425257
STU_018106,75.33766459723563
STU_018107,78.54865023966924
STU_018108,72.02424755055355
STU_018109,86.89206313720943
STU_018110,75.89022737511587
STU_018111,78.38624891471618
STU_018112,73.87061386901217
STU_018113,59.60350415427956
STU_018114,90.82479200415538
STU_018115,75.25218693055729
STU_018116,65.90746683979489
STU_018117,80.90839758737178
STU_018118,69.43192384301683
STU_018119,95.30129222264164
STU_018120,65.91409408366759
STU_018121,96.12977860120925
STU_018122,81.72702138432317
STU_018123,72.98133973416046
STU_018124,82.03032898905262
STU_018125,72.70877305117014
STU_018126,53.91667445884147
STU_018127,64.60123280978785
STU_018128,52.127640411919025
STU_018129,78.19303244353247
STU_018130,90.49724455004531
STU_018131,72.69145528440889
STU_018132,97.94376681719783
STU_018133,79.4084180904577
STU_018134,99.91976436331694
STU_018135,100.0
STU_018136,50.30051075223847
STU_018137,66.46771927542854
STU_018138,94.13729015152805
STU_018139,81.54555193594
STU_018140,50.86100291983998
STU_018141,61.261434097176874
STU_018142,79.12716622866408
STU_018143,61.79588772961447
STU_018144,57.5985739512802
STU_018145,77.08580691539449
STU_018146,53.777130736316295
STU_018147,89.5583133930391
STU_018148,76.67652560709905
STU_018149,60.6726205492373
STU_018150,84.0661010802318
STU_018151,68.74794386922606
STU_018152,56.72750027889628
STU_018153,82.57896951626914
STU_018154,62.20732079352618
STU_018155,89.19671262597682
STU_018156,100.0
STU_018157,53.845517168428074
STU_018158,65.08411074660036
STU_018159,66.17098475335078
STU_018160,62.79713387005357
STU_018161,85.04411685399192
STU_018162,65.4552067589366
STU_018163,98.65079012130788
STU_018164,72.5849162856615
STU_018165,59.173903505292714
STU_018166,77.62220456245976
STU_018167,72.36002341894104
STU_018168,82.65538037054917
STU_018169,66.72672181169891
STU_018170,54.108765050011435
STU_018171,65.40965048070365
STU_018172,82.04442372539005
STU_018173,66.5920992589635
STU_018174,83.00009748176389
STU_018175,73.67952045480033
STU_018176,80.84822430787857
STU_018177,70.34932596867519
STU_018178,71.86490595164776
STU_018179,67.44693407489554
STU_018180,90.6053233569857
STU_018181,72.93633979680656
STU_018182,75.50401525226482
STU_018183,74.41620594780412
STU_018184,60.9430435124122
STU_018185,59.804007305157
STU_018186,92.67056640281044
STU_018187,64.01556360159108
STU_018188,89.98415958640632
STU_018189,71.58344430893065
STU_018190,73.97987959157558
STU_018191,75.29657476462934
STU_018192,76.64244286505516
STU_018193,78.76905887853604
STU_018194,73.76840738163563
STU_018195,83.679209930371
STU_018196,55.66709442844126
STU_018197,90.62066708543223
STU_018198,77.49472119900716
STU_018199,73.37490797928567
STU_018200,88.6426818189576
STU_018201,73.64014072821969
STU_018202,46.38137992294021
STU_018203,80.49201661182214
STU_018204,72.3248775752066
STU_018205,72.22957678797685
STU_018206,72.15872614633854
STU_018207,76.94801093695678
STU_018208,81.0680978285064
STU_018209,61.34053614321962
STU_018210,82.38915072746116
STU_018211,99.33755758097833
STU_018212,70.23592014322634
STU_018213,52.34080652819034
STU_018214,78.69992618407672
STU_018215,75.2865188590474
STU_018216,79.52383319818182
STU_018217,62.74706574088357
STU_018218,75.05410959550743
STU_018219,85.57160063096623
STU_018220,78.34349838185521
STU_018221,94.19630259011701
STU_018222,88.6487898521822
STU_018223,83.8000643536058
STU_018224,85.05346099616214
STU_018225,78.54592284842299
STU_018226,78.39270328908735
STU_018227,75.81257083543284
STU_018228,79.37733879477898
STU_018229,72.39481395415977
STU_018230,83.73385301413019
STU_018231,73.25168293521243
STU_018232,58.042205755413775
STU_018233,60.60023166175657
STU_018234,93.004310446467
STU_018235,84.09062537255298
STU_018236,98.34268133565926
STU_018237,57.225947497845766
STU_018238,73.37167149593532
STU_018239,91.55300380934574
STU_018240,59.244367424154895
STU_018241,88.54564832638536
STU_018242,73.10196735785239
STU_018243,80.98877445852176
STU_018244,93.89414740105182
STU_018245,70.14294960991603
STU_018246,75.83710601449108
STU_018247,56.51758045524379
STU_018248,78.97056946123558
STU_018249,71.4348531939649
STU_018250,71.01280115877695
STU_018251,66.36487087030446
STU_018252,90.42012139263272
STU_018253,57.40790182690264
STU_018254,88.92563482999637
STU_018255,72.45821843517459
STU_018256,90.43166529702842
STU_018257,73.01086751054741
STU_018258,86.41949909904866
STU_018259,84.81606461715776
STU_018260,83.33040193551328
STU_018261,74.12373358311578
STU_018262,58.97790786332335
STU_018263,75.38781911280475
STU_018264,78.76216835220686
STU_018265,84.66016905978172
STU_018266,86.12766540345608
STU_018267,74.3221520549767
STU_018268,79.58475998033181
STU_018269,65.81836974559256
STU_018270,67.4510019517225
STU_018271,69.87917504506318
STU_018272,49.74002257385639
STU_018273,97.99337231513492
STU_018274,66.22264532088255
STU_018275,85.93566269652773
STU_018276,87.82540964170256
STU_018277,85.78658686057082
STU_018278,76.76435607370979
STU_018279,55.632901443670214
STU_018280,85.48468613355986
STU_018281,97.33078848747319
STU_018282,73.95964222416661
STU_018283,62.76744772942267
STU_018284,70.8436879366446
STU_018285,93.43903630336808
STU_018286,65.85676158210777
STU_018287,92.64643895176926
STU_018288,67.59546297549005
STU_018289,89.34489052598619
STU_018290,68.19569015933007
STU_018291,72.48840610666662
STU_018292,85.307509272442
STU_018293,77.25761822093574
STU_018294,82.54568561134074
STU_018295,51.74881642450998
STU_018296,82.42214342214614
STU_018297,81.23317163818636
STU_018298,98.70437794471678
STU_018299,60.67928029358172
STU_018300,78.65720708987917
STU_018301,65.6894891197635
STU_018302,63.29695967843462
STU_018303,99.19047764579963
STU_018304,60.97083353070373
STU_018305,60.75777401480147
STU_018306,64.93434949773926
STU_018307,74.68184594158018
STU_018308,83.92207873314072
STU_018309,70.0187869254561
STU_018310,90.01257987615912
STU_018311,67.76851292267081
STU_018312,69.91615565373425
STU_018313,87.02727091908585
STU_018314,71.04794591765757
STU_018315,93.1899588654191
STU_018316,70.70477414894329
STU_018317,88.08253613606567
STU_018318,59.12409048913037
STU_018319,56.68554586043524
STU_018320,86.52210330667518
STU_018321,90.04495256767456
STU_018322,78.83517161474747
STU_018323,100.0
STU_018324,60.38496779546058
STU_018325,77.36005186203444
STU_018326,70.5593067005045
STU_018327,86.76471187003081
STU_018328,73.14436488134152
STU_018329,68.70926400210159
STU_018330,48.404981416817684
STU_018331,83.57194997724845
STU_018332,88.39681989446201
STU_018333,63.58923951965492
STU_018334,86.11725739927073
STU_018335,55.336075678205916
STU_018336,77.8130716413017
STU_018337,70.53589080496597
STU_018338,70.24099544071288
STU_018339,82.33772496677449
STU_018340,87.7599198699663
STU_018341,64.73711987232488
STU_018342,61.09437221190267
STU_018343,60.69504071649227
STU_018344,85.30622938058491
STU_018345,70.86014406349908
STU_018346,70.29228285337085
STU_018347,70.82693488158522
STU_018348,98.07703673985438
STU_018349,80.02044848874172
STU_018350,86.62258233477941
STU_018351,77.65070358864904
STU_018352,88.86528975258055
STU_018353,83.94722173421437
STU_018354,96.14821992487144
STU_018355,70.80466275275217
STU_018356,74.65696260743587
STU_018357,69.58899392140108
STU_018358,80.21804581693
STU_018359,100.0
STU_018360,92.75764701656409
STU_018361,47.07238183488601
STU_018362,72.30272571163107
STU_018363,50.0351351975212
STU_018364,89.01166750878296
STU_018365,92.24539088894961
STU_018366,59.774060491610264
STU_018367,81.12057249204798
STU_018368,64.82605280224097
STU_018369,82.81425642894685
STU_018370,58.29489260112518
STU_018371,87.56252777178787
STU_018372,89.8443618969244
STU_018373,61.79336004876727
STU_018374,70.49969011753679
STU_018375,67.24670073382975
STU_018376,78.78293892528619
STU_018377,87.01303268492505
STU_018378,95.3670117859398
STU_018379,52.39710324420202
STU_018380,85.54292849567261
STU_018381,73.14125394836655
STU_018382,92.81865667066207
STU_018383,86.75513100292697
STU_018384,64.35750645525563
STU_018385,99.97464577792759
STU_018386,76.07387124573677
STU_018387,84.17822042838219
STU_018388,95.29302596037626
STU_018389,64.2774066967351
STU_018390,54.47893927883544
STU_018391,75.6221384507435
STU_018392,99.36108867412341
STU_018393,76.89379879424486
STU_018394,79.72443261040065
STU_018395,75.00204235775033
STU_018396,63.24905890132878
STU_018397,68.2407086969443
STU_018398,83.8649791869777
STU_018399,100.0
STU_018400,71.40472731673844
STU_018401,80.42437865337206
STU_018402,73.72846194606757
STU_018403,91.07450232073103
STU_018404,84.41881867973576
STU_018405,85.4683391209312
STU_018406,66.3734832143567
STU_018407,97.90025584530645
STU_018408,82.31502276965057
STU_018409,61.99858716086035
STU_018410,91.99631350370731
STU_018411,72.12144137019952
STU_018412,74.7375801448423
STU_018413,92.39327054598756
STU_018414,99.0569791868961
STU_018415,70.9980526900079
STU_018416,88.34793171655775
STU_018417,60.59639420951121
STU_018418,94.0111555411027
STU_018419,79.87145921523499
STU_018420,89.8137245463464
STU_018421,87.93987898315676
STU_018422,87.3037108419353
STU_018423,77.59388745543737
STU_018424,54.265358132094754
STU_018425,94.93342171321201
STU_018426,75.6338081081886
STU_018427,76.5384329856367
STU_018428,78.17813988563358
STU_018429,95.57530029639133
STU_018430,59.81318738373823
STU_018431,80.88012221308597
STU_018432,92.56078052232296
STU_018433,67.60192816678313
STU_018434,78.6800686307318
STU_018435,66.7921046117239
STU_018436,74.89580141922214
STU_018437,86.95668952660408
STU_018438,61.90616801992246
STU_018439,100.0
STU_018440,77.57945555407514
STU_018441,74.15051782358896
STU_018442,74.94055114899275
STU_018443,59.14104506150287
STU_018444,66.98734693926218
STU_018445,94.44173597073573
STU_018446,80.24467924646
STU_018447,94.02022515728592
STU_018448,64.24332957246575
STU_018449,95.25118894349325
STU_018450,72.70288515314647
STU_018451,69.32948927351502
STU_018452,56.37348104176183
STU_018453,63.370234577695406
STU_018454,52.10865614759229
STU_018455,52.91197336900688
STU_018456,74.86238981177294
STU_018457,58.17127864832783
STU_018458,76.49741406950669
STU_018459,60.87830764491907
STU_018460,71.22576128876568
STU_018461,95.35748336371536
STU_018462,52.04427254152548
STU_018463,80.080588484671
STU_018464,64.99948002366772
STU_018465,74.40987871208779
STU_018466,65.53376859986065
STU_018467,85.0274079961998
STU_018468,71.84939328722552
STU_018469,77.13937363646517
STU_018470,89.02317939360805
STU_018471,88.3629222625525
STU_018472,61.62874948611549
STU_018473,81.93232820846762
STU_018474,89.95238150553394
STU_018475,76.03229647511142
STU_018476,77.3687398952034
STU_018477,48.40501600884217
STU_018478,100.0
STU_018479,92.60555881299013
STU_018480,85.99559756877223
STU_018481,69.54900043402424
STU_018482,62.637861165924846
STU_018483,88.17520647616008
STU_018484,88.8118635093832
STU_018485,69.13384948448234
STU_018486,69.56013331624035
STU_018487,58.357868688195616
STU_018488,73.11422712715913
STU_018489,59.105954653839724
STU_018490,75.422388258974
STU_018491,82.13648224547757
STU_018492,75.21534345843429
STU_018493,86.25239228572502
STU_018494,79.71271881179254
STU_018495,84.64114184984967
STU_018496,67.71926066098624
STU_018497,92.69636891640542
STU_018498,67.746780294937
STU_018499,65.89022517375075
STU_018500,79.15165833069436
STU_018501,100.0
STU_018502,70.90219266983931
STU_018503,47.9334622316114
STU_018504,99.03492454446283
STU_018505,73.40060324203783
STU_018506,82.28960853273028
STU_018507,73.0021400469354
STU_018508,80.94896752950716
STU_018509,58.300132167720385
STU_018510,86.67870815706142
STU_018511,73.24488092820299
STU_018512,79.87920926035176
STU_018513,78.83312475785124
STU_018514,61.50103872514486
STU_018515,65.83951140363533
STU_018516,61.49234243424487
STU_018517,85.26271060132915
STU_018518,61.02308960780179
STU_018519,58.41665427042658
STU_018520,86.96740069317208
STU_018521,76.87128539489535
STU_018522,83.88747512736275
STU_018523,87.25761218467625
STU_018524,91.22196113769049
STU_018525,76.12214281831423
STU_018526,61.769878271242774
STU_018527,87.33722437340207
STU_018528,87.10022954681529
STU_018529,75.8462470105226
STU_018530,74.78581805456064
STU_018531,82.99922433939473
STU_018532,66.19735118759944
STU_018533,66.32506790396104
STU_018534,63.97158624427182
STU_018535,89.01140870082709
STU_018536,100.0
STU_018537,84.22460392550437
STU_018538,70.76356736299012
STU_018539,56.29415645119482
STU_018540,80.88292794781341
STU_018541,66.20514291529474
STU_018542,94.13787064148815
STU_018543,70.66517970142056
STU_018544,72.67946253699674
STU_018545,71.18397907503768
STU_018546,96.01440239895794
STU_018547,71.13310506465913
STU_018548,89.63247616847497
STU_018549,86.46580377232505
STU_018550,78.69425685035043
STU_018551,75.5503896160825
STU_018552,63.36097223748541
STU_018553,66.669756785439
STU_018554,60.53375346959728
STU_018555,58.19629404317753
STU_018556,77.74591465645838
STU_018557,63.89127020885124
STU_018558,64.94978193203455
STU_018559,67.72308489478152
STU_018560,79.7943452663781
STU_018561,77.4344855501227
STU_018562,82.42531173395827
STU_018563,78.59312318707876
STU_018564,84.46232737122081
STU_018565,64.35761469373118
STU_018566,70.91485860477678
STU_018567,90.57459968679319
STU_018568,84.04327790522562
STU_018569,84.80207163295051
STU_018570,69.34218104823366
STU_018571,82.47504327592586
STU_018572,64.03740547661833
STU_018573,84.1223145575702
STU_018574,71.66831637152676
STU_018575,70.86831772104858
STU_018576,74.43969928155838
STU_018577,66.83300366693621
STU_018578,82.50193434143411
STU_018579,54.03618950019222
STU_018580,98.9890127648357
STU_018581,71.6389266772489
STU_018582,79.88228980675298
STU_018583,92.81041331681901
STU_018584,83.62210205178407
STU_018585,69.28555822466681
STU_018586,90.17303855741011
STU_018587,94.07375166038413
STU_018588,55.40837466329716
STU_018589,84.22678696765992
STU_018590,72.35276955757503
STU_018591,86.58330789126833
STU_018592,46.905869141295554
STU_018593,84.23738562550179
STU_018594,66.51350374266791
STU_018595,73.6012556961103
STU_018596,59.086247107543755
STU_018597,70.75948069602654
STU_018598,66.23222043197083
STU_018599,58.535231797034406
STU_018600,83.00996129776449
STU_018601,68.02662919593313
STU_018602,70.90463566322316
STU_018603,73.38967966300869
STU_018604,75.86091362251285
STU_018605,46.76335017108137
STU_018606,70.40860684324747
STU_018607,89.87083133034113
STU_018608,92.15179796572741
STU_018609,88.60239148936037
STU_018610,100.0
STU_018611,64.67258692487837
STU_018612,78.55048249866901
STU_018613,82.20759334486233
STU_018614,72.98071185064539
STU_018615,53.7759316236173
STU_018616,82.24189629082306
STU_018617,71.88443241739094
STU_018618,64.01758731263591
STU_018619,73.39710211455667
STU_018620,89.94481181874505
STU_018621,62.57129673030457
STU_018622,79.0829868365559
STU_018623,70.25948814317917
STU_018624,75.55729825487121
STU_018625,81.16431403637554
STU_018626,68.7913502608218
STU_018627,70.6299624415441
STU_018628,61.685902299109394
STU_018629,70.034940004781
STU_018630,62.48029979238836
STU_018631,89.75558988307276
STU_018632,90.14537899802255
STU_018633,70.69972900818198
STU_018634,66.57684005139772
STU_018635,73.42084807558446
STU_018636,74.6639088210855
STU_018637,68.02431413402502
STU_018638,100.0
STU_018639,92.07145426803677
STU_018640,69.46991656683852
STU_018641,57.99657418372691
STU_018642,81.03518846727765
STU_018643,65.17598978154304
STU_018644,57.92065602434888
STU_018645,94.23278530653003
STU_018646,67.37672702525202
STU_018647,99.57515415744314
STU_018648,55.166208454248064
STU_018649,56.76256136424978
STU_018650,74.9151175894179
STU_018651,65.13621542973694
STU_018652,87.57081930772031
STU_018653,78.36349034248441
STU_018654,77.9727133923577
STU_018655,60.91060655047863
STU_018656,74.22826457767022
STU_018657,91.316848269961
STU_018658,82.61086602017946
STU_018659,80.20968977729343
STU_018660,72.50778674636025
STU_018661,57.83205230348934
STU_018662,61.23888264634459
STU_018663,77.80474523612752
STU_018664,49.68291924973813
STU_018665,66.67545029651423
STU_018666,64.87580163180398
STU_018667,61.65304982189322
STU_018668,49.950083242371086
STU_018669,75.16581793008055
STU_018670,74.28016768116467
STU_018671,60.60089638661218
STU_018672,78.64465244179166
STU_018673,61.98794999835907
STU_018674,67.3069399417936
STU_018675,75.30753048045662
STU_018676,67.11718637724213
STU_018677,67.19821029576295
STU_018678,90.31064901769342
STU_018679,90.13938890713507
STU_018680,61.77723618267308
STU_018681,83.23568003358972
STU_018682,85.95314748503431
STU_018683,76.09298154629025
STU_018684,88.60797211806656
STU_018685,73.99544628270264
STU_018686,87.8379147069194
STU_018687,74.55882032261339
STU_018688,69.79359127894486
STU_018689,86.90142788060714
STU_018690,69.06476295138641
STU_018691,68.60783376548444
STU_018692,75.08832684354914
STU_018693,74.77246652273008
STU_018694,84.49762917613586
STU_018695,78.46069194693489
STU_018696,65.0377264785723
STU_018697,80.36924385296571
STU_018698,90.85315328865461
STU_018699,66.21293815766833
STU_018700,100.0
STU_018701,69.23441176170795
STU_018702,81.91985041560606
STU_018703,70.30146487443217
STU_018704,88.39399994961857
STU_018705,69.81559095268139
STU_018706,92.20891553991683
STU_018707,65.3080599581106
STU_018708,70.3887556247998
STU_018709,96.28085114735771
STU_018710,83.64317007724998
STU_018711,59.299565351820604
STU_018712,90.60269877803552
STU_018713,75.35646437086243
STU_018714,76.77218491159917
STU_018715,100.0
STU_018716,63.65540407585108
STU_018717,74.45952781864897
STU_018718,58.35891273551201
STU_018719,80.26025079705433
STU_018720,70.39560717226858
STU_018721,90.54418599882017
STU_018722,54.08093065246035
STU_018723,61.04932735368168
STU_018724,71.9335342224744
STU_018725,83.0245571133626
STU_018726,69.39183023105208
STU_018727,85.99877608364002
STU_018728,76.62542171603137
STU_018729,89.29778542954614
STU_018730,86.67937926463746
STU_018731,65.12543776907262
STU_018732,76.9198017175266
STU_018733,89.29508296195692
STU_018734,78.58880913829209
STU_018735,77.55592752396689
STU_018736,56.76788652587263
STU_018737,73.55352212470049
STU_018738,72.43004044168237
STU_018739,80.95329093342201
STU_018740,72.21489945842256
STU_018741,54.37581855150729
STU_018742,96.3523510512009
STU_018743,62.52633604156338
STU_018744,100.0
STU_018745,78.27071623082747
STU_018746,63.66055320512897
STU_018747,86.12864827473024
STU_018748,55.07265571582323
STU_018749,59.18945632965477
STU_018750,86.44427280878875
STU_018751,84.77524181992935
STU_018752,60.531011953376485
STU_018753,59.98755459749722
STU_018754,93.24228559193236
STU_018755,90.26279094778455
STU_018756,70.95302383074939
STU_018757,88.0221936056454
STU_018758,89.11685711873642
STU_018759,90.91396344694502
STU_018760,73.21605588581951
STU_018761,69.6947857347181
STU_018762,77.34421223713616
STU_018763,64.83614266784589
STU_018764,85.40612023643554
STU_018765,76.54026436550522
STU_018766,67.73169807467605
STU_018767,81.06174245234011
STU_018768,76.4642056802813
STU_018769,55.381200761124376
STU_018770,84.68922284133802
STU_018771,68.71537964141248
STU_018772,92.290859093063
STU_018773,77.3045577546188
STU_018774,65.25874477644646
STU_018775,84.06449436163086
STU_018776,83.51828149125029
STU_018777,54.9186911794569
STU_018778,98.30480940992358
STU_018779,94.2492631276254
STU_018780,62.96779460609065
STU_018781,92.584613426515
STU_018782,94.84938477747971
STU_018783,84.74318350169972
STU_018784,79.89925548195869
STU_018785,85.94978177856387
STU_018786,70.895084196428
STU_018787,56.261924026824616
STU_018788,73.24906099537225
STU_018789,75.09316212855114
STU_018790,92.41610546881347
STU_018791,72.74985016142523
STU_018792,61.51404509000482
STU_018793,58.87310368707687
STU_018794,61.501825005831854
STU_018795,94.00730683102161
STU_018796,59.71630905038822
STU_018797,65.84434727408441
STU_018798,64.72570627718149
STU_018799,83.64542567955198
STU_018800,84.51892006907796
STU_018801,81.05696606290033
STU_018802,69.24070884266459
STU_018803,67.47362290532718
STU_018804,56.95056971740628
STU_018805,65.27591885288298
STU_018806,83.9285357901185
STU_018807,78.21256757117065
STU_018808,65.5461198550256
STU_018809,80.53765217630848
STU_018810,80.63817818075022
STU_018811,53.21182211422067
STU_018812,82.2398187419065
STU_018813,71.65528034686712
STU_018814,49.12038568967137
STU_018815,89.16566911646679
STU_018816,66.69174273695029
STU_018817,70.4026326790613
STU_018818,85.21888036662193
STU_018819,69.06749637483885
STU_018820,90.48935535011671
STU_018821,78.65241905060279
STU_018822,77.66953756679385
STU_018823,95.36320151966868
STU_018824,67.73892188297637
STU_018825,70.11445998357499
STU_018826,70.85755119404031
STU_018827,71.8658914537686
STU_018828,69.0112841877523
STU_018829,58.353232341109624
STU_018830,87.30774097895844
STU_018831,86.54534050630323
STU_018832,85.01253572001514
STU_018833,59.623544493595354
STU_018834,57.684607646666414
STU_018835,62.602355420988864
STU_018836,78.59458700631323
STU_018837,74.49260017403306
STU_018838,61.21024634469725
STU_018839,81.93347800818678
STU_018840,82.86585271030216
STU_018841,87.27462818384171
STU_018842,78.23332301441806
STU_018843,74.77287867616387
STU_018844,73.63233541367828
STU_018845,80.90312337165673
STU_018846,100.0
STU_018847,97.74013257519401
STU_018848,78.92076412758348
STU_018849,72.14702919606064
STU_018850,73.06443178352383
STU_018851,63.83654496271403
STU_018852,55.38730783832857
STU_018853,64.17028891642519
STU_018854,66.22880325336195
STU_018855,74.40441503704719
STU_018856,62.69563749480112
STU_018857,86.21133086488241
STU_018858,81.8086404864285
STU_018859,95.73198832124773
STU_018860,75.96034616633054
STU_018861,76.11512921574388
STU_018862,92.2350683363879
STU_018863,67.09094474311993
STU_018864,63.709365118702166
STU_018865,76.83557086362022
STU_018866,73.56797912285103
STU_018867,66.02380393483244
STU_018868,76.98144400147436
STU_018869,76.01083593159478
STU_018870,88.64420665406051
STU_018871,98.52833630001534
STU_018872,81.29381435637004
STU_018873,73.71825801263549
STU_018874,86.22826072964125
STU_018875,100.0
STU_018876,69.48182787670461
STU_018877,57.88034407232448
STU_018878,95.24378117941339
STU_018879,87.23079109468962
STU_018880,81.57653281249497
STU_018881,65.86031886101676
STU_018882,69.32704448434842
STU_018883,74.54755042261475
STU_018884,90.02629075978874
STU_018885,59.764824769829396
STU_018886,85.47667486261194
STU_018887,65.29342526658732
STU_018888,91.84609343355602
STU_018889,65.27851492914041
STU_018890,47.614364506783765
STU_018891,76.36905606123517
STU_018892,78.14097218401585
STU_018893,79.85064150463914
STU_018894,97.7964860956113
STU_018895,78.41956431865925
STU_018896,83.8204068689498
STU_018897,74.69783359570405
STU_018898,66.60113175134757
STU_018899,68.03633673339598
STU_018900,76.26402065496889
STU_018901,81.19945434362312
STU_018902,93.30946609590094
STU_018903,87.1103111141552
STU_018904,78.16095158900526
STU_018905,64.77885816627591
STU_018906,78.32333964747396
STU_018907,73.28904994141985
STU_018908,66.29998384059448
STU_018909,76.19002601967452
STU_018910,72.79023846009142
STU_018911,58.70897512789957
STU_018912,83.97617178212082
STU_018913,69.07520543899608
STU_018914,70.54537917030869
STU_018915,76.16176321472618
STU_018916,63.433671452652945
STU_018917,80.75540485367343
STU_018918,90.89607917608599
STU_018919,81.70992322337824
STU_018920,53.282078672645305
STU_018921,73.97186215401024
STU_018922,63.93076984688359
STU_018923,98.22867892042493
STU_018924,64.35423554864194
STU_018925,75.07260120777981
STU_018926,82.44131375071633
STU_018927,75.16805938997803
STU_018928,70.74437908324524
STU_018929,71.40359132595148
STU_018930,57.569355638281365
STU_018931,61.25873563383573
STU_018932,51.23532914199591
STU_018933,73.40171330052982
STU_018934,80.08050636953831
STU_018935,69.6262170621997
STU_018936,71.71849729792028
STU_018937,85.92631052774618
STU_018938,83.4783417443078
STU_018939,68.01421892443005
STU_018940,82.08540972331511
STU_018941,91.27571317711265
STU_018942,58.29695097061645
STU_018943,79.92586432734839
STU_018944,76.15903207157791
STU_018945,76.50459570626414
STU_018946,82.58523802633364
STU_018947,70.31529155800338
STU_018948,69.67769293902128
STU_018949,76.63714407230496
STU_018950,82.4729170931455
STU_018951,66.01385835458662
STU_018952,66.42708664105902
STU_018953,68.99986905530436
STU_018954,78.47132791292147
STU_018955,76.97366718313111
STU_018956,59.011510650864395
STU_018957,76.83146632224441
STU_018958,83.76721007492635
STU_018959,79.96349818215378
STU_018960,75.58902088009215
STU_018961,67.61799328163764
STU_018962,78.19137188122356
STU_018963,88.49123094721472
STU_018964,67.96471536232964
STU_018965,86.71797087216086
STU_018966,93.99523252438969
STU_018967,93.11327497798015
STU_018968,74.51063510180713
STU_018969,77.66097853891793
STU_018970,90.09696817643108
STU_018971,58.67593844024561
STU_018972,76.35715250885627
STU_018973,87.12260594741676
STU_018974,57.23615353746943
STU_018975,85.03538424303838
STU_018976,74.24235156318397
STU_018977,88.37586332842045
STU_018978,83.70186861459251
STU_018979,58.08076013004591
STU_018980,78.67303156625974
STU_018981,56.70172964195586
STU_018982,74.14009895796734
STU_018983,76.23139179147088
STU_018984,71.71066475140981
STU_018985,76.68815176516779
STU_018986,83.15302730413168
STU_018987,82.23165481878563
STU_018988,73.38491599155682
STU_018989,82.36543123989674
STU_018990,84.36029813578477
STU_018991,67.41307462590521
STU_018992,74.62326019193009
STU_018993,78.37960518311611
STU_018994,80.43861781967001
STU_018995,94.48150523164782
STU_018996,63.32420814596573
STU_018997,71.6565785972577
STU_018998,77.10001325570622
STU_018999,90.17640309234478
STU_019000,74.12396182839858
STU_019001,63.22864278209094
STU_019002,69.99244175378013
STU_019003,90.49144937461699
STU_019004,79.57501016032568
STU_019005,94.5197939727762
STU_019006,88.05126834874355
STU_019007,100.0
STU_019008,78.20313718699079
STU_019009,100.0
STU_019010,48.26399359222469
STU_019011,82.71913227596156
STU_019012,76.68999598922233
STU_019013,61.068584415292534
STU_019014,100.0
STU_019015,54.592152532591506
STU_019016,62.775135048801985
STU_019017,94.0114556359971
STU_019018,71.22660860322493
STU_019019,71.46593685430258
STU_019020,98.42630174796264
STU_019021,47.29575234307436
STU_019022,74.28625044208802
STU_019023,87.47958713153588
STU_019024,72.956447985971
STU_019025,94.65170620845
STU_019026,99.62915183381897
STU_019027,77.46325875619854
STU_019028,63.43512542337591
STU_019029,58.24184201384385
STU_019030,72.05815940864446
STU_019031,81.39762130923583
STU_019032,84.56325364963749
STU_019033,79.1593704329074
STU_019034,69.35413040208637
STU_019035,82.34213899433064
STU_019036,90.49803996674575
STU_019037,84.18472422481848
STU_019038,65.3263159441987
STU_019039,79.13188157567488
STU_019040,72.64631685507128
STU_019041,78.45996054176598
STU_019042,81.6492843723752
STU_019043,86.79730765896095
STU_019044,85.59455333306107
STU_019045,70.37473376651803
STU_019046,62.73346326264945
STU_019047,48.95718273049535
STU_019048,81.93285834242373
STU_019049,55.93703336529778
STU_019050,87.23931143951235
STU_019051,66.11085330880069
STU_019052,71.95656370967828
STU_019053,78.97513295284426
STU_019054,70.17178683243282
STU_019055,52.41371163123632
STU_019056,85.22892120406264
STU_019057,79.9717104401642
STU_019058,84.90780509359845
STU_019059,52.20115473274741
STU_019060,68.48290302578371
STU_019061,49.932594595656916
STU_019062,87.0588028740608
STU_019063,73.59301293257677
STU_019064,64.92749750899435
STU_019065,97.50622747872998
STU_019066,63.08357167882837
STU_019067,83.70496836460762
STU_019068,65.60975896156502
STU_019069,61.43934754265997
STU_019070,78.3334181020159
STU_019071,65.1716716074342
STU_019072,100.0
STU_019073,61.38803774423513
STU_019074,65.29661121492396
STU_019075,64.12950123719013
STU_019076,62.90301201648105
STU_019077,95.2569278215812
STU_019078,94.8317497812497
STU_019079,89.69231158028718
STU_019080,59.2436868457932
STU_019081,81.27493636362192
STU_019082,85.65477900217452
STU_019083,61.313773859179356
STU_019084,59.472343881015334
STU_019085,60.20100332172613
STU_019086,48.32108247372601
STU_019087,76.09180330629384
STU_019088,75.84754770617592
STU_019089,78.80152088109804
STU_019090,91.82926259228657
STU_019091,77.19788121025348
STU_019092,84.23675263742624
STU_019093,75.39514096460601
STU_019094,85.5015589394043
STU_019095,77.12693597919001
STU_019096,81.56347795837571
STU_019097,83.86217490028649
STU_019098,59.94434952991474
STU_019099,68.89823125093363
STU_019100,70.40816717164799
STU_019101,60.03628703258626
STU_019102,75.06267410976533
STU_019103,87.34773104939326
STU_019104,59.00111299923796
STU_019105,64.47139234973828
STU_019106,60.68642476827813
STU_019107,86.7971718596831
STU_019108,68.21492959782711
STU_019109,98.21394774619785
STU_019110,93.7260246301824
STU_019111,76.39947861467886
STU_019112,100.0
STU_019113,82.14813704343567
STU_019114,98.43616791362578
STU_019115,82.95811428821918
STU_019116,82.89119320990781
STU_019117,65.73142161484226
STU_019118,79.91582867278778
STU_019119,72.7017947443097
STU_019120,64.34336317231809
STU_019121,93.33076171753709
STU_019122,80.5191297633155
STU_019123,65.13651048054443
STU_019124,93.26761658060697
STU_019125,70.88576515538833
STU_019126,72.68513274769343
STU_019127,70.60026536850764
STU_019128,84.10405626510992
STU_019129,64.62301816877037
STU_019130,60.832483850395
STU_019131,80.01674236105846
STU_019132,86.96788945981592
STU_019133,55.9004329946399
STU_019134,65.47169119014849
STU_019135,98.76652777730088
STU_019136,90.7793876165085
STU_019137,62.82901099028619
STU_019138,89.0784411969326
STU_019139,86.3181831585892
STU_019140,82.06077856408541
STU_019141,89.72352681292136
STU_019142,84.75002640649119
STU_019143,79.91386344668858
STU_019144,74.59583410339052
STU_019145,68.6261956896131
STU_019146,87.7172452341866
STU_019147,72.37187903548829
STU_019148,97.01798285399498
STU_019149,77.69591920945133
STU_019150,79.45826072405848
STU_019151,95.48847492245204
STU_019152,48.92662110134023
STU_019153,65.33018304427634
STU_019154,90.44905113091284
STU_019155,100.0
STU_019156,77.00226418751822
STU_019157,89.12101675993944
STU_019158,53.326552839738916
STU_019159,66.81509828882966
STU_019160,62.18243952793003
STU_019161,60.43465509556097
STU_019162,60.891667165806965
STU_019163,71.84779371826839
STU_019164,73.49327353619312
STU_019165,78.42280862453634
STU_019166,89.50656716301278
STU_019167,83.45137696613261
STU_019168,86.48065959549581
STU_019169,70.01455940464537
STU_019170,86.2040195241952
STU_019171,71.9669298041684
STU_019172,82.10332684395837
STU_019173,82.60668495279566
STU_019174,60.13273475674189
STU_019175,74.06486633166479
STU_019176,78.00746535388045
STU_019177,94.65544422695793
STU_019178,40.9974971577434
STU_019179,72.65549534935313
STU_019180,66.96388349581548
STU_019181,94.48711644332457
STU_019182,60.60139128709561
STU_019183,92.8471929246431
STU_019184,87.24033506790981
STU_019185,89.9688517046201
STU_019186,97.98422670828457
STU_019187,77.38046626961302
STU_019188,95.0334824304134
STU_019189,89.78357578931102
STU_019190,73.37699715724
STU_019191,64.09146790971178
STU_019192,98.0537935426142
STU_019193,68.26844038227578
STU_019194,72.44789819934519
STU_019195,80.30890371442554
STU_019196,82.12657909379317
STU_019197,89.72326875343255
STU_019198,73.17962521174883
STU_019199,100.0
STU_019200,68.79346068246778
STU_019201,89.08067225974493
STU_019202,79.49098516216212
STU_019203,52.79588199787534
STU_019204,60.00766131485847
STU_019205,79.21481829255512
STU_019206,48.52795562935366
STU_019207,65.29459031872058
STU_019208,70.095273705162
STU_019209,73.27677739621507
STU_019210,59.703320121404076
STU_019211,68.89775200409926
STU_019212,73.22992746148344
STU_019213,72.15571387484107
STU_019214,75.70728503193786
STU_019215,98.52501667182833
STU_019216,65.37363748349821
STU_019217,73.22307943952576
STU_019218,48.98920644363833
STU_019219,81.15461489126089
STU_019220,75.54596833440172
STU_019221,65.94008596886587
STU_019222,80.29800256317691
STU_019223,74.49954171880744
STU_019224,94.35842172008292
STU_019225,56.55413849514583
STU_019226,57.97725500702191
STU_019227,66.66058927241984
STU_019228,59.13404697742933
STU_019229,75.9581632298394
STU_019230,62.10351538319957
STU_019231,88.57921404095086
STU_019232,84.27355901424457
STU_019233,59.141857739651996
STU_019234,66.47419693505371
STU_019235,78.77803560368352
STU_019236,76.60393777969249
STU_019237,74.87024703446032
STU_019238,74.63889232895205
STU_019239,83.62282111071148
STU_019240,81.74813233034898
STU_019241,94.68668566977479
STU_019242,69.29283209078758
STU_019243,85.27528242461885
STU_019244,78.20195151233868
STU_019245,52.605897332946206
STU_019246,60.547520861338654
STU_019247,90.83209484667788
STU_019248,83.41352538584808
STU_019249,94.47374582321856
STU_019250,58.78470265877914
STU_019251,95.28825829832134
STU_019252,71.30186449948091
STU_019253,60.21361196644153
STU_019254,53.25162743670461
STU_019255,67.53124714747503
STU_019256,91.29824524171713
STU_019257,63.44092799533744
STU_019258,52.051923468089875
STU_019259,71.0287414086804
STU_019260,81.41091104765414
STU_019261,63.52841023282953
STU_019262,87.934926169092
STU_019263,68.15361975053683
STU_019264,72.02980823394694
STU_019265,90.32033898930806
STU_019266,83.93901701926937
STU_019267,56.12161246584414
STU_019268,70.41437108388854
STU_019269,79.2375956872266
STU_019270,85.64770875167605
STU_019271,52.513974052283544
STU_019272,65.5686446343196
STU_019273,96.43278530971827
STU_019274,98.31387114800134
STU_019275,99.95355716117493
STU_019276,59.59360656119159
STU_019277,98.45110101230438
STU_019278,85.04863389798288
STU_019279,73.75513800350173
STU_019280,65.60426339778478
STU_019281,85.6167563307697
STU_019282,61.400557663671975
STU_019283,100.0
STU_019284,82.84831688069522
STU_019285,77.35986659964699
STU_019286,91.26788649075674
STU_019287,77.80491469286999
STU_019288,63.8482177676073
STU_019289,90.68714499450087
STU_019290,80.69014178819533
STU_019291,72.87596298005876
STU_019292,78.18632460243099
STU_019293,65.8605435038873
STU_019294,66.3016016653992
STU_019295,65.18103801788205
STU_019296,70.05549519848499
STU_019297,79.92980103413397
STU_019298,87.44545456215182
STU_019299,92.32826221481376
STU_019300,82.16403389540675
STU_019301,69.64108624084153
STU_019302,81.1814318539665
STU_019303,70.83207185008428
STU_019304,92.49669858256325
STU_019305,69.30085124673406
STU_019306,57.22534974111321
STU_019307,63.46085717124696
STU_019308,50.1009860383147
STU_019309,72.2578102049508
STU_019310,85.27196469345665
STU_019311,91.2548589624614
STU_019312,70.23088579414198
STU_019313,80.33906800159717
STU_019314,82.97370929945119
STU_019315,73.710032318354
STU_019316,88.86649350409536
STU_019317,76.44413479748827
STU_019318,85.33213712315042
STU_019319,88.17557697677225
STU_019320,97.81698539976733
STU_019321,73.83786204765424
STU_019322,86.65331819596183
STU_019323,70.98897599919508
STU_019324,89.4714883147493
STU_019325,79.21821200799054
STU_019326,90.45445041603492
STU_019327,95.00323650227423
STU_019328,94.50219575061594
STU_019329,90.83086096511428
STU_019330,78.79496516830656
STU_019331,74.26252091499035
STU_019332,70.19972467503007
STU_019333,85.52466987189443
STU_019334,61.046721616481285
STU_019335,68.29232468408873
STU_019336,65.98674026454103
STU_019337,96.53373438723558
STU_019338,64.93973324576186
STU_019339,90.85479095891894
STU_019340,98.2892210324569
STU_019341,76.92822716897024
STU_019342,60.081113057098136
STU_019343,72.78986447846479
STU_019344,61.85988702945333
STU_019345,71.96701808707
STU_019346,76.4535598868297
STU_019347,50.960204623743635
STU_019348,91.86682541451674
STU_019349,83.4583715193934
STU_019350,63.170995893166655
STU_019351,87.55950861714705
STU_019352,76.9305858497609
STU_019353,82.96333604526586
STU_019354,67.47807001290417
STU_019355,79.35881646402714
STU_019356,55.9449649911991
STU_019357,53.81436693980831
STU_019358,79.77604339145716
STU_019359,85.12080802382216
STU_019360,65.52791080043609
STU_019361,87.1297802950455
STU_019362,64.05199216901063
STU_019363,70.67336732243541
STU_019364,73.96326191388758
STU_019365,83.35090305755062
STU_019366,93.73445019378026
STU_019367,100.0
STU_019368,73.59554583855035
STU_019369,78.23745421300174
STU_019370,74.09988924998606
STU_019371,82.94744074952304
STU_019372,73.94464013702952
STU_019373,63.76751328277577
STU_019374,66.51751175527052
STU_019375,82.26591049078809
STU_019376,93.56764725841472
STU_019377,90.25950398646458
STU_019378,65.52145337113308
STU_019379,54.945831800352586
STU_019380,89.5818044887203
STU_019381,64.10326130038638
STU_019382,71.09015783661864
STU_019383,85.07297417513107
STU_019384,62.92502061154472
STU_019385,86.675426091355
STU_019386,70.6457522192352
STU_019387,57.74738804773376
STU_019388,68.36122395037083
STU_019389,99.16268031519358
STU_019390,48.83124192780895
STU_019391,75.71821552057384
STU_019392,82.26927296402279
STU_019393,74.01884696087669
STU_019394,70.86468188609103
STU_019395,77.95252642514836
STU_019396,98.50703576277581
STU_019397,73.0031967178539
STU_019398,58.832283023578384
STU_019399,57.87925022439302
STU_019400,94.05308850821783
STU_019401,65.39420575559836
STU_019402,60.978371244636925
STU_019403,84.2902770845668
STU_019404,89.59450710634529
STU_019405,77.202647602471
STU_019406,74.04355450236142
STU_019407,62.60953218808537
STU_019408,78.78634198031834
STU_019409,69.79035728265376
STU_019410,74.46568503412414
STU_019411,83.42264020864063
STU_019412,61.46443804352899
STU_019413,67.44815212659998
STU_019414,65.73067539092388
STU_019415,83.96395175877271
STU_019416,83.61612804669946
STU_019417,89.05371811037506
STU_019418,94.36961223396915
STU_019419,76.31163345817491
STU_019420,74.33584695965561
STU_019421,80.77326121026913
STU_019422,75.76873423305811
STU_019423,73.96275880101928
STU_019424,92.22170614757766
STU_019425,59.261801116071375
STU_019426,81.83011918950247
STU_019427,85.63801140257996
STU_019428,91.21344533418335
STU_019429,69.82378522088368
STU_019430,82.02639628827026
STU_019431,52.9043519107518
STU_019432,74.78435290799267
STU_019433,61.27136798141212
STU_019434,53.523461980243795
STU_019435,98.18880435127198
STU_019436,60.74630880951009
STU_019437,91.76345653530038
STU_019438,83.87494917363942
STU_019439,54.03161650721376
STU_019440,68.88788069199622
STU_019441,83.16724672222068
STU_019442,76.22806307264636
STU_019443,59.23320303475146
STU_019444,93.37985028678179
STU_019445,89.548922511054
STU_019446,51.69542952189329
STU_019447,76.93672648374101
STU_019448,69.17832923728493
STU_019449,60.36675557645366
STU_019450,75.91553694075722
STU_019451,69.93459813405525
STU_019452,77.44058507014739
STU_019453,80.93089534949908
STU_019454,73.36529293573385
STU_019455,70.53575027185741
STU_019456,70.36492481247932
STU_019457,68.05104394100485
STU_019458,68.08437181725047
STU_019459,63.01360996845221
STU_019460,89.58461698630038
STU_019461,90.97553661326829
STU_019462,98.69224744297824
STU_019463,66.01588846088923
STU_019464,74.81283706496379
STU_019465,64.97867333528781
STU_019466,69.60010775818151
STU_019467,74.7394479722358
STU_019468,87.76553723932486
STU_019469,75.3531263662071
STU_019470,90.53097678981965
STU_019471,95.97147019464045
STU_019472,87.08312916114727
STU_019473,88.27546664598015
STU_019474,61.57182545097952
STU_019475,61.59803111285975
STU_019476,95.10201526551205
STU_019477,66.64215474725962
STU_019478,72.56270671431106
STU_019479,77.89030243197196
STU_019480,91.76918114826552
STU_019481,68.33832495480385
STU_019482,73.72172524621188
STU_019483,74.21497041224468
STU_019484,78.40613135343528
STU_019485,59.59600587700002
STU_019486,39.01546375223998
STU_019487,67.11710932253604
STU_019488,92.13012839089113
STU_019489,61.061083534471855
STU_019490,75.99536365614327
STU_019491,56.873390304360385
STU_019492,72.86117597542186
STU_019493,61.996878526207716
STU_019494,58.838216927903645
STU_019495,95.30574974257121
STU_019496,90.62256913984564
STU_019497,56.75387278460152
STU_019498,90.20401300309989
STU_019499,92.5200902801897
STU_019500,87.40288212428791
STU_019501,83.36798928334777
STU_019502,64.43293331982385
STU_019503,69.77223966743563
STU_019504,95.33456162808369
STU_019505,62.30582475673805
STU_019506,78.74895255909193
STU_019507,92.89241311973792
STU_019508,92.63778647768544
STU_019509,97.30761547428489
STU_019510,92.02238777572263
STU_019511,54.23032461653355
STU_019512,80.86869222861476
STU_019513,65.89472568823622
STU_019514,57.310318861754006
STU_019515,64.0542343760756
STU_019516,87.651472741366
STU_019517,67.43826974665423
STU_019518,66.68675974229997
STU_019519,67.47353400672608
STU_019520,82.4056602086237
STU_019521,62.87243611725457
STU_019522,72.88564770586935
STU_019523,95.75037813853206
STU_019524,81.28333977868658
STU_019525,84.06850334491497
STU_019526,69.81447372232061
STU_019527,74.68574310582873
STU_019528,70.68936585220374
STU_019529,91.23855895511406
STU_019530,91.36105305695503
STU_019531,95.04040258643607
STU_019532,50.95792308968151
STU_019533,77.32414202739204
STU_019534,71.60679622155385
STU_019535,68.49763590027912
STU_019536,66.06586434363429
STU_019537,53.24356455703252
STU_019538,75.13443845635375
STU_019539,70.89775189463938
STU_019540,59.90786572997758
STU_019541,81.03012822652332
STU_019542,100.0
STU_019543,100.0
STU_019544,76.86770075684997
STU_019545,86.99890002493001
STU_019546,58.24262521369019
STU_019547,67.28977904868022
STU_019548,91.45209169519883
STU_019549,86.95167294692118
STU_019550,96.2943063525639
STU_019551,80.6277913582987
STU_019552,72.64870295798478
STU_019553,69.99886185081454
STU_019554,61.183146093086876
STU_019555,100.0
STU_019556,71.6488603888897
STU_019557,99.26548123671222
STU_019558,59.4434579560497
STU_019559,88.76142779457857
STU_019560,80.02117382407293
STU_019561,44.93926060526206
STU_019562,94.01296440568208
STU_019563,75.38705994977983
STU_019564,72.19707970441499
STU_019565,58.77240643717563
STU_019566,82.5395980737537
STU_019567,82.81681250709465
STU_019568,70.51796223380103
STU_019569,64.20726785411343
STU_019570,73.17273783838417
STU_019571,48.243028604405175
STU_019572,66.12952710167511
STU_019573,67.76752257292966
STU_019574,74.37430756936779
STU_019575,78.35785628928724
STU_019576,94.33556209250435
STU_019577,66.56728601220317
STU_019578,65.57310902688648
STU_019579,71.62362650059598
STU_019580,65.85798742905327
STU_019581,100.0
STU_019582,74.55117019638911
STU_019583,73.39229563953712
STU_019584,68.0016753161682
STU_019585,83.94019279488128
STU_019586,74.05930343844997
STU_019587,89.3988357220427
STU_019588,74.74408969272345
STU_019589,65.73029936570298
STU_019590,96.40275869930913
STU_019591,92.52222547259896
STU_019592,71.27324763523653
STU_019593,65.2516534711515
STU_019594,95.37805749653512
STU_019595,73.69469582871967
STU_019596,93.01930539422807
STU_019597,71.20947496867576
STU_019598,76.52006902032346
STU_019599,69.00046813836192
STU_019600,98.30162651617259
STU_019601,79.52615550239999
STU_019602,77.69535335562458
STU_019603,94.14292862824017
STU_019604,91.91283417498408
STU_019605,74.71726354650828
STU_019606,82.824254786475
STU_019607,58.61405277620694
STU_019608,71.86488886768602
STU_019609,91.53624407450489
STU_019610,60.76211586634828
STU_019611,71.05466203760892
STU_019612,60.27862156058364
STU_019613,55.603777576800745
STU_019614,61.11005011449002
STU_019615,86.29960011711233
STU_019616,70.0665765277221
STU_019617,76.29816753081955
STU_019618,64.65791466515519
STU_019619,89.27734341893665
STU_019620,78.0237631458976
STU_019621,75.07193067471195
STU_019622,80.0404372713737
STU_019623,72.28868916932879
STU_019624,95.25611876186399
STU_019625,42.65895817612093
STU_019626,88.26524010341228
STU_019627,93.11507793780413
STU_019628,71.34639004955356
STU_019629,77.2486859433711
STU_019630,94.36183986385784
STU_019631,64.579830239664
STU_019632,94.27768769338357
STU_019633,88.91635460460616
STU_019634,86.00259959674791
STU_019635,76.77814829720161
STU_019636,66.70291461990682
STU_019637,81.05397547046321
STU_019638,63.165096219772074
STU_019639,68.80608005804537
STU_019640,80.20601609038434
STU_019641,93.36029465792744
STU_019642,79.27399717133932
STU_019643,84.18881117761157
STU_019644,73.44616064839838
STU_019645,75.59400928769753
STU_019646,75.05825398712363
STU_019647,74.08413415363486
STU_019648,57.98855185151443
STU_019649,64.34110498244472
STU_019650,69.94207667080599
STU_019651,69.91365492490739
STU_019652,73.30821089217088
STU_019653,71.29445131393622
STU_019654,56.01287117163702
STU_019655,57.22728558328821
STU_019656,50.37650988543426
STU_019657,71.77834986960079
STU_019658,69.37720135597397
STU_019659,80.09970369536975
STU_019660,68.18038442378416
STU_019661,77.33007773470372
STU_019662,70.7016219726475
STU_019663,75.37379452449372
STU_019664,66.08301689205354
STU_019665,88.57635013453613
STU_019666,89.26315227630063
STU_019667,76.82783909516371
STU_019668,52.994778056843415
STU_019669,61.29007571365647
STU_019670,85.67120530960405
STU_019671,54.59881399311072
STU_019672,85.14149203267432
STU_019673,72.73386210135142
STU_019674,79.0693868174891
STU_019675,77.74546699540701
STU_019676,79.22606118875633
STU_019677,84.82444396888592
STU_019678,99.59132481461997
STU_019679,92.7206412933596
STU_019680,82.1885874768568
STU_019681,94.00621818310255
STU_019682,91.7826238221557
STU_019683,69.29448350491485
STU_019684,69.6224906518097
STU_019685,90.32839428232904
STU_019686,84.31731527418125
STU_019687,63.744472547416585
STU_019688,80.26954794040508
STU_019689,70.67345496078363
STU_019690,78.98828534166907
STU_019691,61.09512359641832
STU_019692,58.135745326045935
STU_019693,98.237534996858
STU_019694,78.82456522414265
STU_019695,54.07472549439653
STU_019696,63.40087264691128
STU_019697,95.23199996165837
STU_019698,92.2337717874599
STU_019699,79.45804489367637
STU_019700,83.10863312122342
STU_019701,67.1365504964616
STU_019702,77.31574358208898
STU_019703,78.9613931261397
STU_019704,74.6597943127302
STU_019705,65.58714759958723
STU_019706,86.51972441014087
STU_019707,60.14689762827182
STU_019708,79.61739305909381
STU_019709,69.928981688906
STU_019710,64.7585518115527
STU_019711,92.34266573971806
STU_019712,49.743391203917746
STU_019713,93.01920203836526
STU_019714,64.54045469885325
STU_019715,86.62344644556121
STU_019716,82.899637889652
STU_019717,94.58987413519986
STU_019718,70.44584934372926
STU_019719,96.8679729192017
STU_019720,92.70110125765612
STU_019721,55.75069712479804
STU_019722,71.56839717943676
STU_019723,78.18264098973206
STU_019724,73.03944556314126
STU_019725,89.23226568017496
STU_019726,62.00091837686972
STU_019727,88.42819029910422
STU_019728,79.75800769295523
STU_019729,70.82229768741091
STU_019730,71.6953968658553
STU_019731,63.272220141766255
STU_019732,87.23259285232527
STU_019733,70.91195255674396
STU_019734,75.57682470750271
STU_019735,87.30387901269845
STU_019736,98.06072521662652
STU_019737,96.38558397199135
STU_019738,90.25776784276557
STU_019739,69.94892902380413
STU_019740,75.94813684449379
STU_019741,100.0
STU_019742,77.06771515573972
STU_019743,86.39014256328856
STU_019744,75.39519568718711
STU_019745,85.39412464275105
STU_019746,90.48144549028386
STU_019747,77.26703517119691
STU_019748,63.24013200025094
STU_019749,64.61053848977619
STU_019750,74.2113563688515
STU_019751,72.1306641159644
STU_019752,64.45275296125533
STU_019753,92.91039668512207
STU_019754,69.88404198979764
STU_019755,82.7415762512424
STU_019756,52.908007712309846
STU_019757,85.64889689986487
STU_019758,60.88944329600725
STU_019759,75.15118298013748
STU_019760,83.23178602708849
STU_019761,68.33310430382959
STU_019762,89.12328022535237
STU_019763,69.5182901191994
STU_019764,60.64703768002279
STU_019765,84.98117365751152
STU_019766,67.17929741144762
STU_019767,52.58404293727702
STU_019768,83.78700732134249
STU_019769,60.67626596366869
STU_019770,79.73118532351383
STU_019771,95.34706058426092
STU_019772,68.07948988086538
STU_019773,84.00434179420758
STU_019774,52.321497939090506
STU_019775,89.73675249367894
STU_019776,59.51408079523224
STU_019777,73.21797333398239
STU_019778,74.53212800747035
STU_019779,70.90088068309264
STU_019780,81.92410200250772
STU_019781,53.70167351006974
STU_019782,71.53251347245198
STU_019783,65.49377145716613
STU_019784,78.39910938181453
STU_019785,80.26823423928742
STU_019786,55.72787850014202
STU_019787,79.16317501566509
STU_019788,70.9947312240002
STU_019789,76.1067264246144
STU_019790,66.3946372068646
STU_019791,53.47046797636032
STU_019792,77.03366830814846
STU_019793,64.30526448152143
STU_019794,87.26061946642213
STU_019795,72.82289180786076
STU_019796,84.49579898843903
STU_019797,49.646724929791866
STU_019798,88.5705815622918
STU_019799,77.73831074552932
STU_019800,51.81032801460385
STU_019801,79.0415022804463
STU_019802,94.00837957653168
STU_019803,65.37356872099494
STU_019804,79.21641748398523
STU_019805,73.69885909428345
STU_019806,59.61101352294897
STU_019807,57.94788013638513
STU_019808,65.45597228419066
STU_019809,95.55458745210176
STU_019810,68.45026902169194
STU_019811,69.28565170805244
STU_019812,85.23345556664457
STU_019813,76.31224617941565
STU_019814,84.23851110335175
STU_019815,88.69773867033737
STU_019816,73.49852285018379
STU_019817,91.98132162486641
STU_019818,64.5998719744755
STU_019819,97.72519679331768
STU_019820,57.428255989964065
STU_019821,77.883052548673
STU_019822,67.84225664765367
STU_019823,80.08998594794826
STU_019824,100.0
STU_019825,80.58265706536913
STU_019826,82.46948734371212
STU_019827,79.90746723291706
STU_019828,84.22336766383772
STU_019829,72.75176333976782
STU_019830,95.67891352297448
STU_019831,85.40677205686652
STU_019832,88.29765463289779
STU_019833,72.28422183967726
STU_019834,73.61402197724482
STU_019835,70.16716291335469
STU_019836,89.98818965199732
STU_019837,74.94137490012123
STU_019838,77.91102432583256
STU_019839,83.51112637450328
STU_019840,65.7810705808495
STU_019841,64.0453776315156
STU_019842,70.83325480004619
STU_019843,67.6335893501498
STU_019844,74.58934565340492
STU_019845,74.20012088889241
STU_019846,95.80044013556278
STU_019847,99.73558174751795
STU_019848,68.55390495857579
STU_019849,91.60124346214918
STU_019850,76.63384561187738
STU_019851,95.29795505825932
STU_019852,65.98847351039134
STU_019853,85.70621273946475
STU_019854,80.33827134243215
STU_019855,78.61888967432623
STU_019856,67.85199016553484
STU_019857,83.0028372834862
STU_019858,98.08135346601242
STU_019859,95.22635848034395
STU_019860,84.9557315143034
STU_019861,65.66179140579023
STU_019862,68.91966257519854
STU_019863,75.23056123195633
STU_019864,81.93588761264944
STU_019865,89.11073459188417
STU_019866,91.46701882614582
STU_019867,76.03010744426687
STU_019868,82.4678386356465
STU_019869,74.25498476413027
STU_019870,73.99138835431091
STU_019871,91.38648325461403
STU_019872,100.0
STU_019873,75.81014056298199
STU_019874,55.52520549066813
STU_019875,80.47029275258932
STU_019876,100.0
STU_019877,66.52913697774414
STU_019878,62.08858459502247
STU_019879,90.04291560905045
STU_019880,55.33537433720087
STU_019881,72.92943732706966
STU_019882,93.75863969230109
STU_019883,59.57336697273643
STU_019884,72.2517136365365
STU_019885,83.1928803221998
STU_019886,73.02157700450893
STU_019887,100.0
STU_019888,58.55720750997213
STU_019889,84.93773931680113
STU_019890,78.76825028881233
STU_019891,73.16197181766103
STU_019892,69.83546517574787
STU_019893,91.19357756554028
STU_019894,60.499721585818406
STU_019895,76.77634555447085
STU_019896,80.1972088799394
STU_019897,77.10558899640803
STU_019898,75.31399896628028
STU_019899,80.89187412776413
STU_019900,83.95806193368227
STU_019901,71.35547405622576
STU_019902,75.75893837938332
STU_019903,84.35965730662934
STU_019904,69.3474769408631
STU_019905,78.51299935236777
STU_019906,69.13006949589852
STU_019907,57.87131521246706
STU_019908,54.77573219706365
STU_019909,62.733907816537034
STU_019910,94.99071713700725
STU_019911,99.54290618077388
STU_019912,65.7919351869705
STU_019913,76.31237787078712
STU_019914,62.675572343052856
STU_019915,78.20266836708113
STU_019916,65.95201327761602
STU_019917,62.606010004059996
STU_019918,91.79166012309422
STU_019919,68.32775873927169
STU_019920,92.22999581901163
STU_019921,72.01581168020707
STU_019922,96.27223987486033
STU_019923,56.6924547822915
STU_019924,98.04603968198572
STU_019925,86.14244416173844
STU_019926,70.59325828755672
STU_019927,78.29151625853885
STU_019928,78.43595179591935
STU_019929,80.96943552408263
STU_019930,68.24956074675809
STU_019931,96.49565666094546
STU_019932,85.90917359684325
STU_019933,60.97625510571863
STU_019934,88.28778279797304
STU_019935,52.228834784219764
STU_019936,84.6183338065467
STU_019937,83.42596772554364
STU_019938,67.74316544074335
STU_019939,86.64168485652652
STU_019940,86.57219321431039
STU_019941,69.56993521739162
STU_019942,70.69680175903083
STU_019943,84.1261068736194
STU_019944,100.0
STU_019945,78.5672529536542
STU_019946,91.41806972444714
STU_019947,71.86782271239068
STU_019948,84.24588316290466
STU_019949,78.9179472323993
STU_019950,72.10619500362886
STU_019951,66.9504032739785
STU_019952,55.9869195246364
STU_019953,63.34914692931746
STU_019954,80.71803013200204
STU_019955,60.20976871510022
STU_019956,59.906883789802365
STU_019957,80.55905375634032
STU_019958,81.8578421498137
STU_019959,77.41051113456429
STU_019960,65.45694370455219
STU_019961,69.50611332391236
STU_019962,77.03267284998576
STU_019963,59.560212639701646
STU_019964,71.1638790837632
STU_019965,63.049553975669376
STU_019966,80.26675215491616
STU_019967,95.57264107046197
STU_019968,77.3284297292987
STU_019969,54.08028733661389
STU_019970,92.39138807733366
STU_019971,89.67074896529274
STU_019972,70.17673880187148
STU_019973,78.04094900840413
STU_019974,89.84209538181392
STU_019975,73.00527669494242
STU_019976,75.80008589989083
STU_019977,66.88356767239503
STU_019978,56.759147651939834
STU_019979,57.52940380748658
STU_019980,63.53967828218286
STU_019981,99.29844213728796
STU_019982,77.27552527174566
STU_019983,87.11001753268698
STU_019984,95.72378273398029
STU_019985,82.36392073801314
STU_019986,93.61689938009951
STU_019987,84.41675557555769
STU_019988,66.05671913099546
STU_019989,70.22527529461173
STU_019990,77.5264804296431
STU_019991,85.13229430188035
STU_019992,82.30836677966215
STU_019993,86.41557991144275
STU_019994,53.096923255360416
STU_019995,77.69432436973396
STU_019996,64.6270714301686
STU_019997,81.57786936656666
STU_019998,57.05781394195009
STU_019999,87.3764636787233
STU_020000,76.15923730285643
