student_id,career_success_score
STU_010001,62.49570708310332
STU_010002,76.85667557084425
STU_010003,71.0585920276928
STU_010004,96.02877592306558
STU_010005,78.68397800697477
STU_010006,72.29080397706788
STU_010007,74.56461545504254
STU_010008,75.3035743157032
STU_010009,72.13399076952854
STU_010010,55.05359331921799
STU_010011,92.96928502028895
STU_010012,78.02749256746519
STU_010013,81.94202281336445
STU_010014,92.07454516995163
STU_010015,54.2693194936248
STU_010016,67.59438108134624
STU_010017,57.33832084803338
STU_010018,62.60674377842983
STU_010019,89.44562087006989
STU_010020,68.63780227785024
STU_010021,85.29781088534664
STU_010022,94.32635042503082
STU_010023,93.36951433178432
STU_010024,67.38937501617444
STU_010025,76.14658360349895
STU_010026,84.55105673820475
STU_010027,73.44242023690003
STU_010028,86.10776873148158
STU_010029,97.55897066004376
STU_010030,62.62762819016419
STU_010031,67.93949405406872
STU_010032,90.96541906922286
STU_010033,61.54494321594185
STU_010034,90.87639602512779
STU_010035,82.18903419231555
STU_010036,68.45541232026778
STU_010037,65.86181880127319
STU_010038,90.33660099860774
STU_010039,66.63669797229565
STU_010040,80.98656596380779
STU_010041,90.70310575772722
STU_010042,60.27498972019559
STU_010043,82.14632244731237
STU_010044,71.20186111389377
STU_010045,85.26666483711816
STU_010046,58.876212256975094
STU_010047,69.29975718489665
STU_010048,82.2070198368703
STU_010049,53.32850593161082
STU_010050,60.7319721387598
STU_010051,75.70758834773287
STU_010052,64.00224375380122
STU_010053,62.43633756445181
STU_010054,68.55424027859294
STU_010055,60.624198552821596
STU_010056,60.44112400219809
STU_010057,64.87689153797922
STU_010058,99.6438782577192
STU_010059,88.66164828720751
STU_010060,70.9527121261423
STU_010061,44.963264109990334
STU_010062,78.58110613582643
STU_010063,61.7630685556365
STU_010064,87.66467519186764
STU_010065,58.82935419585326
STU_010066,61.250356376135386
STU_010067,91.00595045145596
STU_010068,61.62035776645137
STU_010069,70.38637968146186
STU_010070,60.61841993938146
STU_010071,94.13076963351264
STU_010072,70.06243363887344
STU_010073,92.41395213101266
STU_010074,60.67942606363935
STU_010075,76.8246841207271
STU_010076,96.40645986357242
STU_010077,84.11683167359413
STU_010078,86.33212772623726
STU_010079,81.19270319919022
STU_010080,80.48790272367135
STU_010081,64.1930620958574
STU_010082,78.81728676881504
STU_010083,79.35264409744484
STU_010084,79.49404516167965
STU_010085,75.92075183090034
STU_010086,78.03903110258418
STU_010087,68.2798004718644
STU_010088,69.60915916658409
STU_010089,85.98532982719269
STU_010090,80.14221833577645
STU_010091,57.993116439987524
STU_010092,71.87650309159565
STU_010093,66.82750342257958
STU_010094,87.2353076187562
STU_010095,58.22048440221989
STU_010096,80.74771105927836
STU_010097,68.90612104313028
STU_010098,86.72089653974544
STU_010099,69.52653265240632
STU_010100,71.13161265134389
STU_010101,76.71735736223448
STU_010102,63.140456979152596
STU_010103,93.4359214280996
STU_010104,54.14037852173365
STU_010105,97.29536067228625
STU_010106,53.11966182136331
STU_010107,82.21031063331398
STU_010108,79.66065719397658
STU_010109,67.09242670759762
STU_010110,80.87684051296756
STU_010111,86.46099523290755
STU_010112,81.40058853446786
STU_010113,74.5799631240674
STU_010114,80.06430136061627
STU_010115,78.90511998875425
STU_010116,86.78847137889082
STU_010117,77.89640418437114
STU_010118,90.31895316749902
STU_010119,68.79447440177242
STU_010120,70.87847395412024
STU_010121,78.24690778653166
STU_010122,75.67580124804918
STU_010123,89.96512284754301
STU_010124,73.08477849495941
STU_010125,84.47819547203686
STU_010126,76.05381152523347
STU_010127,61.721656012104916
STU_010128,90.28877067899468
STU_010129,83.05055414268297
STU_010130,70.82703907319262
STU_010131,62.77450966433513
STU_010132,70.26870361069132
STU_010133,80.21929603416686
STU_010134,67.98106855958558
STU_010135,45.94103299525258
STU_010136,68.93617275778118
STU_010137,59.49593459472375
STU_010138,78.57160388483898
STU_010139,82.67796159660354
STU_010140,88.0438723817798
STU_010141,58.24022301625536
STU_010142,84.95496599405448
STU_010143,74.16195112621578
STU_010144,72.45914271356337
STU_010145,91.1259506564597
STU_010146,78.00802074510763
STU_010147,57.824637825345334
STU_010148,56.677332126442636
STU_010149,63.52393552753961
STU_010150,91.57134099822548
STU_010151,73.00695048397264
STU_010152,84.91293496216252
STU_010153,74.50765738626775
STU_010154,79.99599988082574
STU_010155,67.61577959345881
STU_010156,91.35224004804756
STU_010157,100.0
STU_010158,73.77968043266901
STU_010159,87.63436135648516
STU_010160,66.53711082370029
STU_010161,94.54263430349774
STU_010162,99.63890812375301
STU_010163,77.56044811074818
STU_010164,71.60941305096739
STU_010165,73.59196573344003
STU_010166,88.13270667144756
STU_010167,84.788104271991
STU_010168,77.99617105135478
STU_010169,72.71438675420802
STU_010170,92.13379726908944
STU_010171,70.54886366505184
STU_010172,99.2574159051697
STU_010173,67.43384186589759
STU_010174,76.0424661170449
STU_010175,73.56102210789342
STU_010176,67.12306653440692
STU_010177,90.20949492416443
STU_010178,81.85975501788435
STU_010179,80.8145433439034
STU_010180,79.23859049037219
STU_010181,78.60736437323071
STU_010182,76.94295915741327
STU_010183,78.92695780125811
STU_010184,81.6893899059634
STU_010185,63.63294301767394
STU_010186,85.41282628966366
STU_010187,67.88574998369484
STU_010188,93.15078998402234
STU_010189,72.25468603009162
STU_010190,59.714514916580654
STU_010191,48.905715955420504
STU_010192,83.30202824163871
STU_010193,62.928457142331496
STU_010194,87.30545464447212
STU_010195,80.1888182501788
STU_010196,72.60656608258655
STU_010197,75.74696852945817
STU_010198,81.9417562156414
STU_010199,96.04408201898042
STU_010200,72.36792388986098
STU_010201,100.0
STU_010202,78.71878197328424
STU_010203,73.58540925350668
STU_010204,91.74906946052337
STU_010205,85.48520051761726
STU_010206,88.38657772456062
STU_010207,51.62256349165038
STU_010208,72.68279650327655
STU_010209,66.20862045746983
STU_010210,90.87724711956317
STU_010211,77.61225550552864
STU_010212,91.92393452351537
STU_010213,88.12464128265428
STU_010214,64.11473378251307
STU_010215,69.59689425133564
STU_010216,59.10112848342403
STU_010217,81.3112900665365
STU_010218,56.21261993770887
STU_010219,79.6880123123834
STU_010220,68.08239580013523
STU_010221,75.85375941974625
STU_010222,57.95334410709648
STU_010223,75.89859647956663
STU_010224,98.67815492521655
STU_010225,59.73678486003537
STU_010226,83.73282135006471
STU_010227,56.01342744632028
STU_010228,88.38604307495486
STU_010229,73.64288289212571
STU_010230,64.52239019395759
STU_010231,54.71235051794866
STU_010232,92.6588581394954
STU_010233,59.35377041329955
STU_010234,79.76339825711904
STU_010235,49.556962595601384
STU_010236,94.25042464359936
STU_010237,82.67109549399721
STU_010238,74.45053630243592
STU_010239,51.44698924793474
STU_010240,73.08602363840636
STU_010241,80.99958795892738
STU_010242,79.51903950646943
STU_010243,67.26223400012378
STU_010244,86.83362505564074
STU_010245,60.9008015844658
STU_010246,48.42821210108618
STU_010247,95.12372592609974
STU_010248,78.25115505918441
STU_010249,67.8458792080665
STU_010250,93.15548222481736
STU_010251,73.96453725034873
STU_010252,100.0
STU_010253,62.23508585745504
STU_010254,91.96944692751254
STU_010255,66.62534781507524
STU_010256,59.791660863956274
STU_010257,74.79863161218759
STU_010258,79.07424472507861
STU_010259,77.94212827062677
STU_010260,61.28221056912146
STU_010261,61.78553387194296
STU_010262,58.551404448788574
STU_010263,59.15425626404528
STU_010264,100.0
STU_010265,71.61091565178997
STU_010266,82.24388347388475
STU_010267,64.15921165453409
STU_010268,85.2540425589882
STU_010269,75.67852035279859
STU_010270,91.84870795915027
STU_010271,78.55468761227252
STU_010272,64.43892169440566
STU_010273,77.46149924853309
STU_010274,62.49573270564756
STU_010275,88.70949768535387
STU_010276,62.91513887108374
STU_010277,81.79014072145986
STU_010278,84.14541226934254
STU_010279,66.07600498543938
STU_010280,65.77213574843593
STU_010281,60.47042990720298
STU_010282,68.30876861042368
STU_010283,86.54763439554986
STU_010284,70.22720063876949
STU_010285,57.1804283803405
STU_010286,79.15229306625095
STU_010287,92.51916395341077
STU_010288,62.961295366735484
STU_010289,55.976624575990016
STU_010290,80.94459853685197
STU_010291,51.10725442612794
STU_010292,86.11075377531978
STU_010293,69.727634582866
STU_010294,60.30593478045275
STU_010295,70.73272372790096
STU_010296,85.76414320004001
STU_010297,82.37488576224925
STU_010298,96.53097578929545
STU_010299,93.70600851053824
STU_010300,66.43289560985457
STU_010301,78.65496584928553
STU_010302,83.5989974269879
STU_010303,75.41364623074668
STU_010304,56.48965939187455
STU_010305,80.28287480619852
STU_010306,65.65419780709803
STU_010307,68.83322660213925
STU_010308,75.92869819350413
STU_010309,71.8085266518595
STU_010310,57.80438361755749
STU_010311,67.6603514880441
STU_010312,76.32212252759179
STU_010313,76.31324897335561
STU_010314,82.65529213507338
STU_010315,90.597294969754
STU_010316,91.82397684344663
STU_010317,86.50547598217321
STU_010318,72.40373813397827
STU_010319,89.62426456803142
STU_010320,99.82341319706082
STU_010321,68.66676848241856
STU_010322,93.03279770432499
STU_010323,74.23006892399589
STU_010324,93.04740023421869
STU_010325,91.6629773407064
STU_010326,78.57919619478344
STU_010327,67.10363427467269
STU_010328,85.17169137644343
STU_010329,90.38845058301054
STU_010330,80.66462685432919
STU_010331,96.36160791693325
STU_010332,62.666808988026254
STU_010333,100.0
STU_010334,72.89650560970198
STU_010335,91.36392884877196
STU_010336,57.00328382353306
STU_010337,62.663781139720705
STU_010338,82.22084323436899
STU_010339,80.26771645505072
STU_010340,65.97496691100149
STU_010341,93.34536184202008
STU_010342,60.479131241739715
STU_010343,62.426009189989976
STU_010344,78.87947733963853
STU_010345,78.66977489765742
STU_010346,88.2823200571344
STU_010347,54.853788895656365
STU_010348,60.675422287334314
STU_010349,85.03361936182023
STU_010350,82.6170244958546
STU_010351,73.00089603358697
STU_010352,71.64856372733591
STU_010353,94.68316120998034
STU_010354,71.33160421536397
STU_010355,77.26637318401676
STU_010356,85.4015164447386
STU_010357,90.69837815069982
STU_010358,78.96471337028478
STU_010359,64.74606472863344
STU_010360,69.45795842227263
STU_010361,95.50236430334866
STU_010362,72.37911678525772
STU_010363,77.77471395547973
STU_010364,95.64712360298412
STU_010365,83.98821352108173
STU_010366,93.43981035307303
STU_010367,67.3058341590072
STU_010368,65.8674625607853
STU_010369,89.78489565583733
STU_010370,84.22290918996221
STU_010371,67.66682379585488
STU_010372,76.18129362214339
STU_010373,69.87252155477096
STU_010374,83.24709453618807
STU_010375,97.03182779289943
STU_010376,56.68855475632561
STU_010377,76.31775059734366
STU_010378,76.41537246828021
STU_010379,69.47971504652578
STU_010380,64.28326845674576
STU_010381,68.37088298283811
STU_010382,89.57817394489042
STU_010383,81.83185158969724
STU_010384,90.79320415316508
STU_010385,80.88893048221637
STU_010386,64.89313260783167
STU_010387,60.35888747326126
STU_010388,97.09254995230062
STU_010389,68.58177541406755
STU_010390,58.02235432824239
STU_010391,63.88516121540795
STU_010392,77.03504779879435
STU_010393,81.59185076701864
STU_010394,70.74190643039461
STU_010395,78.81994867086512
STU_010396,81.1770145574019
STU_010397,88.51292936419154
STU_010398,87.51555076597434
STU_010399,62.265904662195155
STU_010400,70.67886576506204
STU_010401,49.90311142050226
STU_010402,69.98227992239082
STU_010403,76.8927816019336
STU_010404,86.54512825481473
STU_010405,79.43230309211461
STU_010406,75.43602558141399
STU_010407,92.64156439443038
STU_010408,67.03139685407
STU_010409,95.51762756668428
STU_010410,68.6772837328748
STU_010411,87.89840186126905
STU_010412,98.89360575156243
STU_010413,84.81606251666142
STU_010414,85.4139566779551
STU_010415,87.5664526865026
STU_010416,80.07446815934716
STU_010417,99.21889337346772
STU_010418,74.17568255543218
STU_010419,96.14877445865145
STU_010420,86.04825963599778
STU_010421,84.61871522007588
STU_010422,72.46289162076627
STU_010423,73.24799660739143
STU_010424,54.975766985847855
STU_010425,58.80850263679065
STU_010426,76.20476371597854
STU_010427,62.55856179829133
STU_010428,72.42471299175436
STU_010429,55.48342674672838
STU_010430,89.02078299805191
STU_010431,54.940310019802254
STU_010432,65.78276638991582
STU_010433,71.82107437874262
STU_010434,88.39855511473282
STU_010435,62.00788953668906
STU_010436,77.75989885268483
STU_010437,55.135254301556884
STU_010438,98.80290336860537
STU_010439,65.25323052951882
STU_010440,83.78608204999054
STU_010441,57.401170802431665
STU_010442,69.84444148304145
STU_010443,80.16159868068438
STU_010444,66.90087437539378
STU_010445,69.58111728944576
STU_010446,50.493748218690754
STU_010447,80.30378169187202
STU_010448,71.27468829349387
STU_010449,70.66602322537489
STU_010450,59.529480274991684
STU_010451,91.12230371054213
STU_010452,80.8593782708337
STU_010453,71.14041876954327
STU_010454,72.25493309357836
STU_010455,52.989886963239854
STU_010456,83.59204087711457
STU_010457,75.65255968445409
STU_010458,85.9048558562615
STU_010459,75.28298281937278
STU_010460,68.03277908163483
STU_010461,71.11117213717782
STU_010462,57.96128788692981
STU_010463,84.93202428772584
STU_010464,88.86633114931664
STU_010465,57.35261805921088
STU_010466,67.39829772092665
STU_010467,79.11574595560003
STU_010468,73.2212005364347
STU_010469,74.77654504078713
STU_010470,68.46682308045247
STU_010471,97.89478400913129
STU_010472,54.955697883799196
STU_010473,84.6154653894306
STU_010474,83.08020616834689
STU_010475,79.13112335540355
STU_010476,66.410138813242
STU_010477,70.90530639032629
STU_010478,93.22320777375236
STU_010479,64.7138805607641
STU_010480,67.81526711569776
STU_010481,64.37483941293766
STU_010482,73.78246582441997
STU_010483,92.4388722175984
STU_010484,75.73343634371824
STU_010485,48.90362765027108
STU_010486,71.62723877838778
STU_010487,95.11111076216667
STU_010488,81.88918140617479
STU_010489,82.7386487928517
STU_010490,83.48351697828838
STU_010491,76.08820646810281
STU_010492,72.8249378174384
STU_010493,82.18290196889025
STU_010494,60.46613423507859
STU_010495,43.92631437124423
STU_010496,95.89018409074123
STU_010497,65.26850466659631
STU_010498,75.35659596515426
STU_010499,65.0865092976407
STU_010500,69.66212334348268
STU_010501,71.04986538666905
STU_010502,67.34639677437225
STU_010503,77.64888501208507
STU_010504,71.52500063110969
STU_010505,62.40709890660041
STU_010506,88.70369634949297
STU_010507,67.89224271297775
STU_010508,63.5631795763701
STU_010509,80.18658158108023
STU_010510,49.00984729960026
STU_010511,61.143521950096684
STU_010512,71.232031748865
STU_010513,94.48569502855229
STU_010514,77.97169089387117
STU_010515,83.7279893344467
STU_010516,82.84219839355801
STU_010517,98.81135744331097
STU_010518,54.06666908206321
STU_010519,84.82676605948228
STU_010520,86.85237184066443
STU_010521,98.09652969338858
STU_010522,70.79752150344693
STU_010523,80.51354114982685
STU_010524,90.60494932981197
STU_010525,71.31301489063563
STU_010526,56.219209894058565
STU_010527,85.63707864421455
STU_010528,84.42345158501482
STU_010529,51.1905062974319
STU_010530,72.27078589222543
STU_010531,67.54422156935232
STU_010532,57.77972953649373
STU_010533,82.42893278835112
STU_010534,79.39645491892644
STU_010535,84.25383294011066
STU_010536,78.66599506628205
STU_010537,77.22548078082912
STU_010538,74.98263822907276
STU_010539,61.43602557694008
STU_010540,52.81595677458008
STU_010541,85.42645996093978
STU_010542,99.81066266466885
STU_010543,83.38622561311338
STU_010544,72.86268747078876
STU_010545,80.63760931343168
STU_010546,68.58051555091984
STU_010547,75.21340123663713
STU_010548,100.0
STU_010549,63.535180394479895
STU_010550,79.31781015583364
STU_010551,64.21553093109053
STU_010552,96.99776009835276
STU_010553,94.89856611145743
STU_010554,89.69395766767468
STU_010555,75.53412323171128
STU_010556,61.443815359079586
STU_010557,77.65981962938628
STU_010558,77.14771515184106
STU_010559,76.0670389255724
STU_010560,76.20153093455413
STU_010561,95.90348726747402
STU_010562,58.70690526419445
STU_010563,63.91510083503133
STU_010564,65.0150260141349
STU_010565,88.74361565978904
STU_010566,61.02145245968274
STU_010567,72.6084077328354
STU_010568,79.78386829830623
STU_010569,91.19633512875573
STU_010570,58.9105833624117
STU_010571,88.53490954284025
STU_010572,72.33217079459128
STU_010573,95.12985188415713
STU_010574,73.82695518964474
STU_010575,62.77525302619564
STU_010576,57.41276443740976
STU_010577,62.372831325136076
STU_010578,68.24890783467313
STU_010579,82.34835559040515
STU_010580,61.004961632246086
STU_010581,51.845632405827516
STU_010582,73.84428565028159
STU_010583,76.12716475097457
STU_010584,93.50884808534259
STU_010585,78.62652184478893
STU_010586,100.0
STU_010587,73.91904895328973
STU_010588,68.16188198320299
STU_010589,100.0
STU_010590,88.39882017369636
STU_010591,72.11698126573114
STU_010592,94.24570579836714
STU_010593,86.30536194015171
STU_010594,55.994222506604785
STU_010595,80.01861971972116
STU_010596,75.10297083604385
STU_010597,59.54665750121521
STU_010598,94.07410198495414
STU_010599,66.07276824031459
STU_010600,65.57421879606304
STU_010601,83.15563401974335
STU_010602,73.94338520557542
STU_010603,80.58595085915887
STU_010604,75.73652532413821
STU_010605,62.914769604712525
STU_010606,94.91440823532744
STU_010607,82.21800661585749
STU_010608,64.48650270072602
STU_010609,77.71516775100837
STU_010610,79.16172448792668
STU_010611,87.2771493899018
STU_010612,59.975048601638264
STU_010613,91.70139870439718
STU_010614,100.0
STU_010615,89.90138866760385
STU_010616,87.8411518769838
STU_010617,57.62771218442383
STU_010618,82.78389152722603
STU_010619,98.32121845278134
STU_010620,67.88540524115939
STU_010621,68.19386709637041
STU_010622,58.4374695209965
STU_010623,85.5450405301718
STU_010624,66.3111038015527
STU_010625,68.93021940965392
STU_010626,87.55252865960405
STU_010627,88.72419195396218
STU_010628,60.594983018437304
STU_010629,82.57668040509823
STU_010630,77.56603981620727
STU_010631,91.70300756197169
STU_010632,68.35723738346931
STU_010633,76.24218438780028
STU_010634,80.56601440985024
STU_010635,62.2993630392432
STU_010636,81.4317048852217
STU_010637,65.01940258223743
STU_010638,71.78539560288088
STU_010639,65.1249865733304
STU_010640,62.50773464003785
STU_010641,63.80947432382433
STU_010642,98.37168568294767
STU_010643,88.06481289413138
STU_010644,72.7419363325983
STU_010645,78.29282608310186
STU_010646,94.31379754062702
STU_010647,69.40036364648992
STU_010648,75.17559662457386
STU_010649,73.87928059396418
STU_010650,86.73617843240393
STU_010651,80.27814248163405
STU_010652,64.59266608390648
STU_010653,86.52039322955608
STU_010654,87.39047532840709
STU_010655,85.62633299055167
STU_010656,76.49732834444015
STU_010657,78.62921791325245
STU_010658,72.74067360335616
STU_010659,92.0851895269569
STU_010660,91.82380968509766
STU_010661,73.27379517190077
STU_010662,92.79749361159337
STU_010663,68.89055504981476
STU_010664,75.4517476223457
STU_010665,61.23717999322043
STU_010666,95.51207230139902
STU_010667,85.27620503090081
STU_010668,69.51521825211753
STU_010669,77.64321329727105
STU_010670,85.64368611310799
STU_010671,66.3668355569494
STU_010672,58.846688593844775
STU_010673,87.58501196692163
STU_010674,97.7840809618197
STU_010675,94.7150936729954
STU_010676,78.62901310519769
STU_010677,79.6599815044036
STU_010678,78.49691131607776
STU_010679,69.51905999888103
STU_010680,93.09277128269123
STU_010681,84.08730571168883
STU_010682,52.93193851042485
STU_010683,71.32161659917419
STU_010684,80.37803114141447
STU_010685,85.8930030372816
STU_010686,75.3407474419446
STU_010687,65.65227316836813
STU_010688,98.03731828541234
STU_010689,89.55463609849194
STU_010690,99.92135111081313
STU_010691,75.1971685731838
STU_010692,89.86076191296667
STU_010693,72.48639111856312
STU_010694,66.93141601072881
STU_010695,61.91647380736321
STU_010696,56.15007292711631
STU_010697,70.58248741129887
STU_010698,90.47523261164646
STU_010699,84.8216122136556
STU_010700,90.35358998656889
STU_010701,83.56542806644617
STU_010702,68.54185407821349
STU_010703,98.76942986678455
STU_010704,100.0
STU_010705,77.04578546441165
STU_010706,90.40293706869225
STU_010707,74.73741094921917
STU_010708,77.94628587787648
STU_010709,62.74422690832703
STU_010710,60.15528185010855
STU_010711,100.0
STU_010712,53.09334272074254
STU_010713,88.37198821870996
STU_010714,63.71147133210803
STU_010715,80.28362288164713
STU_010716,57.409243467782986
STU_010717,83.86103167614623
STU_010718,77.81020598479341
STU_010719,81.97824508571807
STU_010720,54.0252873747938
STU_010721,65.09601073928181
STU_010722,100.0
STU_010723,72.67030850686993
STU_010724,82.66596566145041
STU_010725,64.29000353194938
STU_010726,64.27224445296474
STU_010727,53.50270915451958
STU_010728,70.8973727433623
STU_010729,91.57302284311751
STU_010730,93.21476714810815
STU_010731,69.37704357897164
STU_010732,76.42481919916891
STU_010733,96.363237885829
STU_010734,83.11108373108291
STU_010735,74.10184799269058
STU_010736,65.18958424983539
STU_010737,67.82491110319113
STU_010738,67.91216485354191
STU_010739,69.49810673740247
STU_010740,67.15625980210582
STU_010741,83.00831924744126
STU_010742,67.59100342030493
STU_010743,97.89204756619057
STU_010744,77.39620878624734
STU_010745,66.30168869004075
STU_010746,72.99672559729031
STU_010747,87.22476412421327
STU_010748,76.63887700287044
STU_010749,86.24954826821539
STU_010750,77.61756893480134
STU_010751,76.37793977897323
STU_010752,64.58623749366141
STU_010753,76.83353085589178
STU_010754,85.79713824545954
STU_010755,63.62371942541593
STU_010756,89.36103870411496
STU_010757,58.76233092202263
STU_010758,84.82637494750716
STU_010759,90.64516747611053
STU_010760,83.68638031714325
STU_010761,73.9701561979287
STU_010762,75.51016572503094
STU_010763,63.75647973105716
STU_010764,53.70024033162138
STU_010765,82.46383565261534
STU_010766,65.26940359660239
STU_010767,73.96741783095253
STU_010768,55.55550163457948
STU_010769,88.55349978005705
STU_010770,69.66115518697468
STU_010771,51.280066069254204
STU_010772,70.21902830697488
STU_010773,85.87478036227476
STU_010774,85.5362230966539
STU_010775,91.85251475811353
STU_010776,46.306884379346215
STU_010777,80.10542451839977
STU_010778,56.22244636241589
STU_010779,62.78026878497097
STU_010780,82.24784754042997
STU_010781,81.15402793728559
STU_010782,84.33042002945628
STU_010783,50.71537822718522
STU_010784,70.13793158737641
STU_010785,82.56997792135793
STU_010786,82.06250576263515
STU_010787,72.23731210055799
STU_010788,68.66395103869448
STU_010789,98.62038999532439
STU_010790,62.77953085210444
STU_010791,59.50884631023212
STU_010792,95.3788669468571
STU_010793,82.01600865866233
STU_010794,61.66758117453111
STU_010795,82.1462106525258
STU_010796,78.48642374391979
STU_010797,55.80007483448415
STU_010798,63.58200237234162
STU_010799,85.989996016175
STU_010800,63.917404419482345
STU_010801,63.22667869620743
STU_010802,84.68761363937577
STU_010803,75.41646274214558
STU_010804,55.8207649174557
STU_010805,71.33305044260106
STU_010806,83.00022145275146
STU_010807,92.92081405245153
STU_010808,67.15608336121527
STU_010809,99.82041876139704
STU_010810,83.44071338270888
STU_010811,72.2752656881592
STU_010812,79.71691751865187
STU_010813,95.41306343724861
STU_010814,69.2085687148714
STU_010815,88.26356448152819
STU_010816,99.66779426654445
STU_010817,87.54704078031972
STU_010818,82.67389678710327
STU_010819,78.47751027061108
STU_010820,90.98831832544538
STU_010821,97.1936281094938
STU_010822,61.06235187231056
STU_010823,92.2787219548547
STU_010824,90.15965962343788
STU_010825,82.63196400829482
STU_010826,81.37206919352121
STU_010827,58.76088705417063
STU_010828,67.92394869429717
STU_010829,70.51779149536085
STU_010830,76.83602031168569
STU_010831,89.77262328275471
STU_010832,92.87585942061746
STU_010833,83.6647758037371
STU_010834,68.01888115898915
STU_010835,80.22460826890945
STU_010836,83.7600566496744
STU_010837,77.43172167148876
STU_010838,91.6566891377989
STU_010839,67.50935766052255
STU_010840,78.47974889638662
STU_010841,86.72678392165618
STU_010842,88.2231958810825
STU_010843,73.96129898467063
STU_010844,56.18055536469185
STU_010845,90.16700682663111
STU_010846,81.2465473035629
STU_010847,100.0
STU_010848,74.49055282850084
STU_010849,77.79718754884675
STU_010850,63.32211497257383
STU_010851,93.49316852971505
STU_010852,63.55264847205702
STU_010853,85.42765435272733
STU_010854,89.72561719120883
STU_010855,69.34903781271241
STU_010856,56.99249073367282
STU_010857,69.05570976340711
STU_010858,55.143927712773355
STU_010859,65.30703293757209
STU_010860,89.80340586541017
STU_010861,76.25750923975697
STU_010862,66.003726283506
STU_010863,78.85108859624785
STU_010864,88.38096083478523
STU_010865,77.87218631003127
STU_010866,92.1290288587598
STU_010867,55.6022125814512
STU_010868,66.1164210254582
STU_010869,78.09002838869063
STU_010870,66.51210524920688
STU_010871,85.66174290514175
STU_010872,79.0402678527293
STU_010873,51.85640962431866
STU_010874,68.07804366786813
STU_010875,83.69229035512087
STU_010876,67.9429519597411
STU_010877,76.04702275129809
STU_010878,76.46604169604771
STU_010879,64.51707349601915
STU_010880,83.2643045684444
STU_010881,98.19450373137596
STU_010882,76.8134982332477
STU_010883,76.66893340232278
STU_010884,62.45130736452183
STU_010885,63.994138101715855
STU_010886,96.97712113982053
STU_010887,59.7153311182503
STU_010888,85.78237437295007
STU_010889,92.78840384324765
STU_010890,75.77304921271858
STU_010891,97.39670485562692
STU_010892,82.72672751473934
STU_010893,71.20220191981348
STU_010894,82.45366763531524
STU_010895,69.31327553451388
STU_010896,71.17257242490004
STU_010897,67.74042442287801
STU_010898,85.34140129560423
STU_010899,61.575671601163485
STU_010900,66.57585581962968
STU_010901,61.92865324183979
STU_010902,92.32575410842878
STU_010903,53.92737940039336
STU_010904,72.74239207364084
STU_010905,68.99653694197059
STU_010906,55.30889936826674
STU_010907,95.69464211018382
STU_010908,86.24889868625007
STU_010909,84.94904124655137
STU_010910,80.02363478643143
STU_010911,80.7825203897076
STU_010912,92.4895614255531
STU_010913,79.41766547601529
STU_010914,88.44466786442904
STU_010915,75.51622375876086
STU_010916,70.23187608669572
STU_010917,80.41855595219195
STU_010918,79.12676872636632
STU_010919,89.53834979340196
STU_010920,72.7270337112595
STU_010921,80.54104682105759
STU_010922,75.5745428815774
STU_010923,89.26444848471075
STU_010924,94.04257129276449
STU_010925,66.66819010232543
STU_010926,90.52493289780585
STU_010927,63.65706235320354
STU_010928,74.98587920860989
STU_010929,66.41492826305239
STU_010930,88.98820859516589
STU_010931,76.13362893804916
STU_010932,87.65287668786748
STU_010933,73.37493096301438
STU_010934,88.13138054015981
STU_010935,72.07465425535507
STU_010936,64.70283750580715
STU_010937,73.97992358284155
STU_010938,61.96689549564779
STU_010939,81.10146576572146
STU_010940,53.594701918300935
STU_010941,95.10875178394299
STU_010942,80.18925318301082
STU_010943,56.45428909574399
STU_010944,64.12735062093823
STU_010945,75.088666003997
STU_010946,85.36984420227786
STU_010947,72.83817728269014
STU_010948,91.89782322451548
STU_010949,94.89257586738644
STU_010950,66.05323918291464
STU_010951,73.68167908319873
STU_010952,59.57700067233594
STU_010953,88.4516462824089
STU_010954,55.75850849739923
STU_010955,60.54471324852961
STU_010956,97.69916180508113
STU_010957,84.65313203567796
STU_010958,75.88635023830092
STU_010959,84.28684710795794
STU_010960,82.23935822357986
STU_010961,75.02448567391937
STU_010962,91.90768118035555
STU_010963,70.58339711023585
STU_010964,79.21128593008493
STU_010965,65.13067215359709
STU_010966,57.54809073139695
STU_010967,69.65916561617115
STU_010968,68.24933674463053
STU_010969,59.52858676386509
STU_010970,83.17592243687106
STU_010971,75.82375606907124
STU_010972,76.6404902023018
STU_010973,75.44819509533453
STU_010974,68.01959417363163
STU_010975,79.12619877753612
STU_010976,77.74250317123558
STU_010977,85.63015573373227
STU_010978,95.30071897235204
STU_010979,74.28744067810385
STU_010980,76.1123751222593
STU_010981,90.93794671912025
STU_010982,68.57297130858599
STU_010983,73.65145690268753
STU_010984,76.10440459830417
STU_010985,54.725122413776674
STU_010986,90.5131961596247
STU_010987,90.12161986927092
STU_010988,70.8157316606713
STU_010989,84.66724257845198
STU_010990,80.75412390311585
STU_010991,65.0788144300501
STU_010992,82.13158963220543
STU_010993,73.8665357467084
STU_010994,82.3626641635867
STU_010995,98.86060478956985
STU_010996,60.616041491447184
STU_010997,68.64147864534424
STU_010998,70.81041383473963
STU_010999,67.80322371635481
STU_011000,77.33110721863974
STU_011001,62.45503703698438
STU_011002,76.29130676122784
STU_011003,62.672331067749596
STU_011004,83.47517314124931
STU_011005,74.104614746373
STU_011006,80.88651676285996
STU_011007,66.06443193689738
STU_011008,79.94251917535037
STU_011009,96.29401874543855
STU_011010,95.4753827501294
STU_011011,69.04144234216963
STU_011012,80.28517268108342
STU_011013,55.59748679401714
STU_011014,63.90768951483776
STU_011015,97.74348203016658
STU_011016,62.46051163810601
STU_011017,76.44667334989127
STU_011018,85.08009989214733
STU_011019,64.73337846929523
STU_011020,88.328308720173
STU_011021,63.29321266338153
STU_011022,85.59290843062546
STU_011023,70.99227548825648
STU_011024,78.06210591391924
STU_011025,67.52578743340091
STU_011026,75.80959308601892
STU_011027,73.88962613011545
STU_011028,91.56195128951954
STU_011029,79.9434307155432
STU_011030,62.29258605843403
STU_011031,60.05269379965907
STU_011032,63.07833329902074
STU_011033,54.77907859778137
STU_011034,71.60614428575335
STU_011035,88.47665515680866
STU_011036,93.78390889589694
STU_011037,93.19523897250939
STU_011038,84.7446740295098
STU_011039,60.20385984970792
STU_011040,77.2293217640102
STU_011041,58.853892343321505
STU_011042,63.01473112513484
STU_011043,69.93346586144308
STU_011044,62.51202864009357
STU_011045,97.65582871331301
STU_011046,82.82720615812208
STU_011047,84.01156937984692
STU_011048,61.82764154232189
STU_011049,83.75213178559412
STU_011050,78.69420245354796
STU_011051,85.2707402578807
STU_011052,100.0
STU_011053,52.05700239455502
STU_011054,69.91519995210393
STU_011055,62.356612265626005
STU_011056,55.11083826551045
STU_011057,81.41745477985252
STU_011058,100.0
STU_011059,98.98868051731026
STU_011060,68.57853533280125
STU_011061,65.49418347603263
STU_011062,62.57868589996643
STU_011063,84.81479804665553
STU_011064,73.6051463486287
STU_011065,73.42967200344863
STU_011066,72.53590126314477
STU_011067,86.88434492331933
STU_011068,93.51922182181673
STU_011069,92.87195901806942
STU_011070,66.21347515837617
STU_011071,86.84872311659542
STU_011072,93.31252659243162
STU_011073,76.65635495348594
STU_011074,87.26573451933291
STU_011075,71.02749979585599
STU_011076,97.39352049895861
STU_011077,74.08142822705196
STU_011078,69.90431128141954
STU_011079,67.91961669658343
STU_011080,61.15780284975094
STU_011081,88.06596841835187
STU_011082,55.96409827868213
STU_011083,92.66858532524267
STU_011084,71.13974661908618
STU_011085,88.68454717704445
STU_011086,66.94329824546013
STU_011087,73.37928933581276
STU_011088,76.12522694190324
STU_011089,90.51089744450748
STU_011090,87.80223759207797
STU_011091,81.89868770919753
STU_011092,65.01850449261815
STU_011093,78.53519032779725
STU_011094,58.24437345829544
STU_011095,78.52008362027078
STU_011096,58.445280635222794
STU_011097,85.61154192700913
STU_011098,84.98289140884748
STU_011099,83.0856488083806
STU_011100,62.48237231355274
STU_011101,61.430902434078746
STU_011102,81.18322011133188
STU_011103,66.56060527596787
STU_011104,95.21837603272326
STU_011105,77.98987961178061
STU_011106,82.89127207864647
STU_011107,60.488965099693694
STU_011108,83.47918139462269
STU_011109,93.4506180248468
STU_011110,100.0
STU_011111,73.92164734116025
STU_011112,76.71709950519595
STU_011113,81.52830718933683
STU_011114,90.3087827006144
STU_011115,92.0212032882369
STU_011116,83.18333266407234
STU_011117,69.99757986061242
STU_011118,71.71661909425917
STU_011119,80.65192882808024
STU_011120,80.50463479548722
STU_011121,72.50147436652288
STU_011122,63.53918896018974
STU_011123,100.0
STU_011124,62.291403549614195
STU_011125,100.0
STU_011126,86.5895281641694
STU_011127,74.36497636023577
STU_011128,64.61265802417519
STU_011129,88.2462664034256
STU_011130,62.20218221205309
STU_011131,85.35265094171257
STU_011132,75.17261254834881
STU_011133,83.26600936283836
STU_011134,56.944221440275626
STU_011135,57.15530173952658
STU_011136,93.28316251710015
STU_011137,78.05561474591333
STU_011138,100.0
STU_011139,71.56591366131647
STU_011140,87.06270068186299
STU_011141,52.081379333599564
STU_011142,96.01462375953083
STU_011143,82.26392518042584
STU_011144,65.02293021154217
STU_011145,69.00256462624753
STU_011146,66.22731555101095
STU_011147,92.28759064357476
STU_011148,93.20534525583274
STU_011149,89.87720001636185
STU_011150,82.08386200435164
STU_011151,94.53796528620906
STU_011152,63.26193584320257
STU_011153,74.26135983717226
STU_011154,72.66608677215608
STU_011155,71.65617286362001
STU_011156,75.47446468966767
STU_011157,56.87566655339198
STU_011158,69.47654606381398
STU_011159,67.04437486996648
STU_011160,55.643595937670085
STU_011161,90.9941687919153
STU_011162,71.56339568813661
STU_011163,69.80508295187833
STU_011164,87.36079217446145
STU_011165,77.65114512028441
STU_011166,77.57137422485762
STU_011167,67.99109358662645
STU_011168,82.7479958186425
STU_011169,87.72486489050263
STU_011170,66.2207999058746
STU_011171,75.43693572037881
STU_011172,99.60304998968745
STU_011173,91.15791902294805
STU_011174,70.12011033535336
STU_011175,64.62088853507896
STU_011176,78.95976999505781
STU_011177,73.3265802746427
STU_011178,91.20676316381939
STU_011179,83.96016980324042
STU_011180,67.22414733492423
STU_011181,78.89080814343328
STU_011182,92.96532396599612
STU_011183,57.379627296432474
STU_011184,80.2910027885518
STU_011185,76.98182064310616
STU_011186,49.29404709747376
STU_011187,80.29324932675141
STU_011188,77.24468435167826
STU_011189,49.77216007309893
STU_011190,81.16429500811833
STU_011191,94.0599169944675
STU_011192,79.57601790811727
STU_011193,70.18707510489162
STU_011194,81.89262852372656
STU_011195,77.39936452661593
STU_011196,88.2578615049667
STU_011197,96.4987550294458
STU_011198,79.07835365940161
STU_011199,88.70075074707117
STU_011200,72.41196091715206
STU_011201,53.16592642276919
STU_011202,65.18090624952124
STU_011203,77.94712064906395
STU_011204,85.98228639431576
STU_011205,86.02989300556625
STU_011206,81.18902751639314
STU_011207,60.736547005598844
STU_011208,73.82893648167268
STU_011209,76.56397033309435
STU_011210,71.15739976216251
STU_011211,76.92786009312334
STU_011212,74.25197838219562
STU_011213,84.47436981240998
STU_011214,59.97641521076743
STU_011215,93.17499800161515
STU_011216,60.148805661520434
STU_011217,100.0
STU_011218,63.62213245837041
STU_011219,87.399606597343
STU_011220,66.46600327925681
STU_011221,80.3498397421446
STU_011222,91.05133082218521
STU_011223,66.81721182483932
STU_011224,96.33163669108615
STU_011225,49.3041297459018
STU_011226,83.71377163176757
STU_011227,63.93063347656033
STU_011228,93.66453192423678
STU_011229,80.47620360319192
STU_011230,76.58869576913033
STU_011231,90.96125175892018
STU_011232,86.69151421503847
STU_011233,73.22329056679094
STU_011234,77.74421720407298
STU_011235,98.65903197512418
STU_011236,63.96638917672207
STU_011237,62.946412317569184
STU_011238,69.96239626697117
STU_011239,80.07590935102245
STU_011240,89.22147975446062
STU_011241,96.03462557361836
STU_011242,68.74489649302848
STU_011243,65.42679354610397
STU_011244,56.2676631843202
STU_011245,73.35647022728072
STU_011246,73.10630939500973
STU_011247,86.58877368358577
STU_011248,70.90381065050002
STU_011249,68.97354350292645
STU_011250,70.56385977856687
STU_011251,75.13228978412482
STU_011252,78.2469916132724
STU_011253,77.50053544643976
STU_011254,98.24002006870691
STU_011255,87.32247493757124
STU_011256,77.58280932842021
STU_011257,56.29376433427747
STU_011258,77.71478350852684
STU_011259,78.99988925396778
STU_011260,100.0
STU_011261,65.90346719621874
STU_011262,88.62289957387422
STU_011263,60.67521641649052
STU_011264,49.20831900228904
STU_011265,77.19635534543106
STU_011266,79.52584432894871
STU_011267,90.08132886318563
STU_011268,68.60461609174214
STU_011269,90.25755117435234
STU_011270,76.08756830771277
STU_011271,77.62397542736406
STU_011272,89.7407580710909
STU_011273,75.88148795446988
STU_011274,83.0536735116851
STU_011275,74.84912103900476
STU_011276,80.6302776874125
STU_011277,73.39984357244515
STU_011278,73.37326052820575
STU_011279,98.46717847473305
STU_011280,77.96013425009015
STU_011281,71.20258845356301
STU_011282,88.69018727412742
STU_011283,77.22968784645141
STU_011284,58.63474979333437
STU_011285,93.6432684578426
STU_011286,79.13853868602888
STU_011287,70.38998919470683
STU_011288,73.66102176521197
STU_011289,63.795384758044484
STU_011290,72.34081073080154
STU_011291,86.66378199394373
STU_011292,44.56292566940445
STU_011293,92.14450327660191
STU_011294,75.41151862497921
STU_011295,76.80007998801165
STU_011296,95.43451037928597
STU_011297,71.6279000803459
STU_011298,57.463484826574756
STU_011299,84.99477963199466
STU_011300,91.82509514344265
STU_011301,100.0
STU_011302,71.60700075489311
STU_011303,80.68326704519919
STU_011304,83.52594872772028
STU_011305,71.15056081841753
STU_011306,72.92962444261663
STU_011307,61.72828863799838
STU_011308,51.29340889518369
STU_011309,78.51944850904428
STU_011310,53.81974287356704
STU_011311,82.43833465011166
STU_011312,70.7057467280638
STU_011313,86.2107520037641
STU_011314,64.14116643518693
STU_011315,80.70909839235989
STU_011316,59.87379146603582
STU_011317,73.3884404720164
STU_011318,60.79347760977732
STU_011319,84.43174739239173
STU_011320,60.2115741272468
STU_011321,87.63148547743921
STU_011322,65.2279275880875
STU_011323,49.921575000794405
STU_011324,64.88531649807268
STU_011325,60.42912776142303
STU_011326,76.07889142191094
STU_011327,77.97677016841219
STU_011328,86.62571311946185
STU_011329,63.434853697559454
STU_011330,53.730916935171365
STU_011331,60.49610428543603
STU_011332,85.831019212124
STU_011333,60.997434252601906
STU_011334,84.10082884105105
STU_011335,68.30616861077867
STU_011336,61.97945933223456
STU_011337,79.29797110831599
STU_011338,90.47612673536001
STU_011339,73.47793223191348
STU_011340,76.75140276380972
STU_011341,97.4758795237223
STU_011342,80.7801669592932
STU_011343,82.92951210025097
STU_011344,47.58173436192526
STU_011345,65.7593756130684
STU_011346,73.28639712740282
STU_011347,98.74920402764076
STU_011348,78.91708874457056
STU_011349,100.0
STU_011350,67.55434840276354
STU_011351,75.16120010049579
STU_011352,81.29661689817593
STU_011353,70.33340481149256
STU_011354,92.74027404551141
STU_011355,70.05547362061382
STU_011356,85.49203449220707
STU_011357,68.0563714597282
STU_011358,94.42784335306638
STU_011359,100.0
STU_011360,100.0
STU_011361,69.04642473082848
STU_011362,79.66358244862411
STU_011363,100.0
STU_011364,91.65357775597302
STU_011365,65.56285479833667
STU_011366,87.92371546746054
STU_011367,73.31128437935165
STU_011368,84.12553981996352
STU_011369,74.78305834128284
STU_011370,81.9763303086738
STU_011371,65.35728431745366
STU_011372,97.10702417685465
STU_011373,66.3894339912676
STU_011374,75.19827771919111
STU_011375,89.5249625362714
STU_011376,52.593059429859665
STU_011377,100.0
STU_011378,87.70597542452616
STU_011379,82.02497938084798
STU_011380,72.13912901657179
STU_011381,65.01464330208034
STU_011382,80.05155247161912
STU_011383,90.73623861830484
STU_011384,73.56973020711263
STU_011385,74.4096732096413
STU_011386,67.40334500923271
STU_011387,56.85831408729014
STU_011388,64.27794039783703
STU_011389,61.54022435714207
STU_011390,91.12360457595753
STU_011391,55.536718461479325
STU_011392,74.2520141557501
STU_011393,72.47081872182771
STU_011394,82.14829182370404
STU_011395,83.71659517552628
STU_011396,86.82088833407231
STU_011397,65.34731186185586
STU_011398,100.0
STU_011399,69.87207145094669
STU_011400,71.3552986546844
STU_011401,77.73784746925534
STU_011402,75.52782065874284
STU_011403,78.89118064637505
STU_011404,99.50373311145022
STU_011405,79.41652193096628
STU_011406,83.91190196291134
STU_011407,96.56287843850932
STU_011408,76.51630044652426
STU_011409,84.24938284441181
STU_011410,73.29248216316351
STU_011411,94.61564399128505
STU_011412,74.47170474843875
STU_011413,64.04458169917548
STU_011414,91.87842232953788
STU_011415,73.29937646332968
STU_011416,96.93114516020307
STU_011417,75.0913251642022
STU_011418,63.403205650687426
STU_011419,72.46117699395039
STU_011420,93.73689625250731
STU_011421,93.17636928196046
STU_011422,77.66968828759748
STU_011423,65.01175107233244
STU_011424,73.07877796132506
STU_011425,71.22238135665474
STU_011426,97.85144360844
STU_011427,62.8223751591499
STU_011428,93.54537900761423
STU_011429,72.38458215813031
STU_011430,77.58354871430542
STU_011431,76.89075782184118
STU_011432,69.49633406879211
STU_011433,93.51704885474442
STU_011434,96.64726617632722
STU_011435,74.39085750047337
STU_011436,87.39451549104656
STU_011437,64.27732469288833
STU_011438,67.36380048052374
STU_011439,75.0144184131959
STU_011440,66.80528575629116
STU_011441,75.25533558370371
STU_011442,76.83607338788173
STU_011443,71.64098713838365
STU_011444,74.72736948388177
STU_011445,71.4115304496994
STU_011446,58.4432919474421
STU_011447,91.7298373775139
STU_011448,63.06816301297807
STU_011449,71.40937845582937
STU_011450,82.08860054970235
STU_011451,79.96915291223148
STU_011452,71.09690305544434
STU_011453,71.55271362122384
STU_011454,65.55965631370728
STU_011455,51.88653011843116
STU_011456,90.07653479327419
STU_011457,66.13554891552218
STU_011458,96.24236008988785
STU_011459,73.50154904361177
STU_011460,80.04312385144277
STU_011461,79.27642902701098
STU_011462,84.70579043747277
STU_011463,80.65997492339375
STU_011464,74.69857545915845
STU_011465,64.7516382174799
STU_011466,82.06726335804922
STU_011467,75.70659629370381
STU_011468,67.6020510586909
STU_011469,74.86825903091379
STU_011470,95.87010887408971
STU_011471,58.3541081942286
STU_011472,69.80192121783374
STU_011473,77.08567830138944
STU_011474,92.51695292886086
STU_011475,86.00332918688522
STU_011476,89.87011918238298
STU_011477,98.36421628187298
STU_011478,49.273035270806886
STU_011479,60.94317702191093
STU_011480,96.20565913372495
STU_011481,71.04265530504817
STU_011482,63.11061542502815
STU_011483,94.49921554387782
STU_011484,75.09943184986639
STU_011485,73.71103882787656
STU_011486,61.4910761808715
STU_011487,82.54947480809898
STU_011488,74.70701423640323
STU_011489,70.04259016646711
STU_011490,77.63211227627134
STU_011491,59.34538094142461
STU_011492,80.96112249685224
STU_011493,95.21228813223368
STU_011494,81.71735647963561
STU_011495,85.84642275012114
STU_011496,94.61063094824175
STU_011497,76.67984755641848
STU_011498,76.29199759328306
STU_011499,80.92428831908924
STU_011500,74.87725243629616
STU_011501,67.39344597273295
STU_011502,48.528861871795215
STU_011503,88.35272671957874
STU_011504,61.2425243578534
STU_011505,73.71542434882289
STU_011506,58.92525000365788
STU_011507,69.68390591043712
STU_011508,84.13272930425555
STU_011509,66.63231754927952
STU_011510,82.20259893086639
STU_011511,97.82189678086608
STU_011512,51.94004847213031
STU_011513,75.70618446286265
STU_011514,77.94324377248711
STU_011515,66.98852138845011
STU_011516,82.22834509992872
STU_011517,85.30635012318476
STU_011518,97.17595423305285
STU_011519,61.71899365920271
STU_011520,51.790181863061605
STU_011521,53.52292858061407
STU_011522,100.0
STU_011523,74.5667894976159
STU_011524,87.09837697888925
STU_011525,97.70031402369506
STU_011526,82.90602147391031
STU_011527,84.33126611894717
STU_011528,84.81019800722216
STU_011529,83.11593705268254
STU_011530,63.318666492199284
STU_011531,78.0425691548132
STU_011532,73.4530899176894
STU_011533,73.41975726676867
STU_011534,73.23169088567046
STU_011535,67.92801805514954
STU_011536,57.85752349875284
STU_011537,50.998766378297
STU_011538,73.93708990960278
STU_011539,70.09338917588687
STU_011540,73.61823878913879
STU_011541,80.94285537732254
STU_011542,65.27917856404895
STU_011543,80.18935663232382
STU_011544,87.07846996325407
STU_011545,88.75499043553016
STU_011546,60.935541235938196
STU_011547,91.52709194614934
STU_011548,80.74784925356923
STU_011549,62.38573973372333
STU_011550,81.89823911041775
STU_011551,72.83062691242766
STU_011552,59.09066822074838
STU_011553,75.4830724035384
STU_011554,81.02631090803962
STU_011555,84.12269757618587
STU_011556,100.0
STU_011557,62.258567388056946
STU_011558,100.0
STU_011559,91.12386164337406
STU_011560,97.1119527881884
STU_011561,68.60107446805493
STU_011562,98.17980371908683
STU_011563,95.86032707877166
STU_011564,55.7153045920048
STU_011565,72.30890488781469
STU_011566,68.66384078743762
STU_011567,60.515231382231846
STU_011568,61.098581637993405
STU_011569,76.31701386211614
STU_011570,100.0
STU_011571,78.52681600922025
STU_011572,87.09779588250962
STU_011573,77.09731169791861
STU_011574,70.11876823573473
STU_011575,71.33863998706737
STU_011576,73.67535489760054
STU_011577,65.37902909457469
STU_011578,68.39932379921851
STU_011579,68.38083376853726
STU_011580,91.94711553198906
STU_011581,59.83318318334883
STU_011582,85.9034186680263
STU_011583,67.6450125097234
STU_011584,87.175651326811
STU_011585,85.83116783771337
STU_011586,82.23017140782042
STU_011587,96.20728664242723
STU_011588,89.46976645922614
STU_011589,82.59667743375168
STU_011590,68.8756987640086
STU_011591,66.32248383046175
STU_011592,95.33914585559096
STU_011593,74.11799716348936
STU_011594,98.52840564591378
STU_011595,95.46647756724958
STU_011596,78.5669493885919
STU_011597,65.31165406918943
STU_011598,80.3429401947363
STU_011599,62.83911184162704
STU_011600,57.74060826979024
STU_011601,72.27225590349735
STU_011602,89.96394976171965
STU_011603,62.36341772923012
STU_011604,81.78043060031716
STU_011605,83.8465464731426
STU_011606,63.108602695318666
STU_011607,94.73932535387551
STU_011608,88.42480582970472
STU_011609,63.97273216933102
STU_011610,80.59484780926402
STU_011611,58.2779862735787
STU_011612,83.08492630860681
STU_011613,66.95541557490252
STU_011614,61.21338867066267
STU_011615,92.50571029135529
STU_011616,91.9220939907561
STU_011617,70.17574437041287
STU_011618,70.76924149310304
STU_011619,78.33418514544685
STU_011620,58.74525877322607
STU_011621,71.25115052768184
STU_011622,73.32130280427708
STU_011623,62.53556229891717
STU_011624,84.90354027870097
STU_011625,97.37479540539242
STU_011626,79.06239704352618
STU_011627,68.02216950454792
STU_011628,70.41204787843064
STU_011629,67.83239178928122
STU_011630,95.23729674617356
STU_011631,52.264274448985546
STU_011632,62.13859163277039
STU_011633,99.90581042163889
STU_011634,50.048806043798216
STU_011635,92.42169884665995
STU_011636,66.33452798747972
STU_011637,72.82218192876962
STU_011638,82.9969912172806
STU_011639,89.59403885077141
STU_011640,90.4868502184453
STU_011641,77.23519703152738
STU_011642,77.83067064645314
STU_011643,61.85462992725668
STU_011644,92.04942135881689
STU_011645,95.91695932054513
STU_011646,75.30722946107332
STU_011647,79.06122089568139
STU_011648,77.8839195891011
STU_011649,86.61492976822495
STU_011650,91.14790766570893
STU_011651,64.60878441522537
STU_011652,58.48907240860769
STU_011653,100.0
STU_011654,67.11899369389509
STU_011655,73.92811972297676
STU_011656,61.35448559270647
STU_011657,42.227245880546874
STU_011658,100.0
STU_011659,64.64336868058543
STU_011660,83.60633234472124
STU_011661,99.95428385887176
STU_011662,85.17757232317194
STU_011663,93.89380119885041
STU_011664,89.9998621786639
STU_011665,63.69325607761359
STU_011666,67.76272398731822
STU_011667,60.05323145548018
STU_011668,75.30117531592421
STU_011669,62.260588656010384
STU_011670,89.72704768910032
STU_011671,78.28135738074239
STU_011672,88.4874016582366
STU_011673,73.75290825830888
STU_011674,61.49211594276626
STU_011675,85.20938022285456
STU_011676,71.81113456839624
STU_011677,81.66472504828589
STU_011678,55.20686782428432
STU_011679,94.81858592076988
STU_011680,90.18528699734512
STU_011681,94.89379881899458
STU_011682,46.16342936032258
STU_011683,72.17506641153831
STU_011684,60.569013442771634
STU_011685,59.1106107174693
STU_011686,73.47805827551258
STU_011687,87.5343703624823
STU_011688,84.47449363309934
STU_011689,69.95254845593021
STU_011690,73.25694096180021
STU_011691,99.15403770475515
STU_011692,78.55111660587966
STU_011693,85.29119913432537
STU_011694,90.48953123054858
STU_011695,90.09316714365741
STU_011696,89.14638097688191
STU_011697,65.59228566961151
STU_011698,66.63058987252204
STU_011699,79.5007540620987
STU_011700,62.826778655183425
STU_011701,77.90529070080443
STU_011702,83.4132380959081
STU_011703,90.77297933327077
STU_011704,82.6682335626567
STU_011705,77.39594133775226
STU_011706,92.2072659389182
STU_011707,72.4972299565994
STU_011708,77.52662058329561
STU_011709,86.25823064419964
STU_011710,78.68989846455183
STU_011711,82.3218160168744
STU_011712,57.05992051103849
STU_011713,93.99170963696032
STU_011714,72.09999635574994
STU_011715,87.59547952889993
STU_011716,87.04255411356903
STU_011717,71.17280816709044
STU_011718,86.68946476745542
STU_011719,76.53921118477857
STU_011720,96.68913644211554
STU_011721,62.93033864459165
STU_011722,64.56775004139375
STU_011723,75.71391639047002
STU_011724,92.31852443923763
STU_011725,77.64827726030259
STU_011726,56.71365701545293
STU_011727,61.95196262028299
STU_011728,57.444380423122546
STU_011729,74.19367792362468
STU_011730,74.80594262202179
STU_011731,95.5948189986102
STU_011732,87.18876976063936
STU_011733,78.27197876887418
STU_011734,90.89959670936844
STU_011735,77.55833657486693
STU_011736,69.97536885615779
STU_011737,69.07130395608118
STU_011738,89.36334356829016
STU_011739,90.74620768417364
STU_011740,86.52322313405259
STU_011741,79.78296106782227
STU_011742,62.29974032755276
STU_011743,58.14344865800787
STU_011744,73.83005092528632
STU_011745,60.01037245026725
STU_011746,69.29289231807788
STU_011747,88.96345517694235
STU_011748,71.9095138401849
STU_011749,73.47790066306955
STU_011750,93.39567078355006
STU_011751,67.35202965210203
STU_011752,68.19264388305308
STU_011753,51.38887702213358
STU_011754,81.04655469293115
STU_011755,77.22161531290087
STU_011756,85.46880460721148
STU_011757,77.62061255346048
STU_011758,97.39825336147375
STU_011759,72.11327049443489
STU_011760,84.81979349502703
STU_011761,87.24401295478597
STU_011762,73.9166422539124
STU_011763,80.42554214604742
STU_011764,63.420481696354024
STU_011765,79.40596302972422
STU_011766,51.50978520324191
STU_011767,61.62701644794581
STU_011768,91.91405124004507
STU_011769,63.36671953156582
STU_011770,95.82396341529189
STU_011771,66.51711687019225
STU_011772,63.83432035813703
STU_011773,63.94778759958337
STU_011774,62.16887456143398
STU_011775,80.68972873906057
STU_011776,68.46811603915404
STU_011777,75.44899144156695
STU_011778,89.37035757723892
STU_011779,80.15940477994046
STU_011780,74.64824357913702
STU_011781,60.34415089549581
STU_011782,87.94893348434634
STU_011783,73.58036753363913
STU_011784,73.47932257678977
STU_011785,66.90907879708783
STU_011786,81.28016626942808
STU_011787,69.66507791008925
STU_011788,70.23332039693499
STU_011789,62.79638479514996
STU_011790,82.85917077464478
STU_011791,96.04067063633973
STU_011792,81.27691173273848
STU_011793,63.20819712739232
STU_011794,57.314298034193314
STU_011795,61.44084929594186
STU_011796,98.99484603136538
STU_011797,63.982561633602145
STU_011798,63.094058244007726
STU_011799,100.0
STU_011800,68.97369535260133
STU_011801,84.24388281563436
STU_011802,89.09177163530907
STU_011803,71.35273399620813
STU_011804,69.28996724174672
STU_011805,68.12192077029509
STU_011806,67.81832619229057
STU_011807,84.52717445834166
STU_011808,86.62531343743427
STU_011809,88.81271991031115
STU_011810,90.24930837860256
STU_011811,88.41390020129357
STU_011812,68.44826651437215
STU_011813,73.66231974796322
STU_011814,91.38504369579677
STU_011815,64.36756116981847
STU_011816,77.47670568482157
STU_011817,96.78672405055958
STU_011818,79.47112872684838
STU_011819,71.73297188826956
STU_011820,71.25523028935358
STU_011821,69.555235431449
STU_011822,99.57747146855363
STU_011823,69.5334396176825
STU_011824,70.61139750375987
STU_011825,78.74904400991267
STU_011826,69.99362983148207
STU_011827,71.53825791097998
STU_011828,74.41321107665152
STU_011829,75.83187996067055
STU_011830,66.61974815995688
STU_011831,69.29954391846947
STU_011832,69.54756566646788
STU_011833,67.32919792681857
STU_011834,66.78721696926178
STU_011835,77.32226298085784
STU_011836,74.77945775650315
STU_011837,70.23033293589252
STU_011838,70.06733640164803
STU_011839,88.64777904066402
STU_011840,78.97182207149118
STU_011841,81.81676951716025
STU_011842,57.66303785289014
STU_011843,58.9449731458362
STU_011844,88.79029264915414
STU_011845,69.78502443146995
STU_011846,88.96001350255156
STU_011847,71.63353238328756
STU_011848,97.80907460138951
STU_011849,77.64950318219462
STU_011850,70.97645130338515
STU_011851,86.88984126863375
STU_011852,90.80979996446277
STU_011853,84.61301132231264
STU_011854,73.27520051466469
STU_011855,88.98520548511306
STU_011856,81.62009866046463
STU_011857,79.90525101339722
STU_011858,80.79492397176168
STU_011859,73.4694446923935
STU_011860,71.48857559218105
STU_011861,67.65091177692557
STU_011862,69.69922126264207
STU_011863,99.38680685049907
STU_011864,52.053371142088146
STU_011865,81.41097824334948
STU_011866,64.09608159043621
STU_011867,87.28724637205188
STU_011868,78.74347480420651
STU_011869,73.68907863037161
STU_011870,91.14479500975193
STU_011871,64.0506984219928
STU_011872,67.45421943619519
STU_011873,79.36996194580662
STU_011874,65.66284377203736
STU_011875,64.05832017016986
STU_011876,68.29533274778811
STU_011877,92.58172762952472
STU_011878,55.96397730243788
STU_011879,78.02101871893933
STU_011880,63.27380362378057
STU_011881,60.70668153589749
STU_011882,83.26815550455878
STU_011883,55.838836531686226
STU_011884,70.20198530271348
STU_011885,61.25074820692628
STU_011886,74.04865584278959
STU_011887,76.92967468120904
STU_011888,80.31744401635832
STU_011889,46.70159247886301
STU_011890,60.447633345536566
STU_011891,80.58000198438407
STU_011892,100.0
STU_011893,87.96220158973304
STU_011894,71.20612596057613
STU_011895,90.58114984859417
STU_011896,57.285169257113935
STU_011897,73.46450824805343
STU_011898,100.0
STU_011899,58.292561529351154
STU_011900,78.14237807562571
STU_011901,75.88642731999867
STU_011902,53.744172147260144
STU_011903,73.83689908852392
STU_011904,79.49685764669236
STU_011905,70.32230565441265
STU_011906,80.31031009598165
STU_011907,80.86417944611759
STU_011908,97.08593621630713
STU_011909,48.757028754543306
STU_011910,88.15354092304248
STU_011911,72.47216585883423
STU_011912,92.24473645803042
STU_011913,72.10291105865512
STU_011914,88.03977908019185
STU_011915,75.60372301631287
STU_011916,69.8041634265723
STU_011917,85.51071712937484
STU_011918,78.13861075098221
STU_011919,100.0
STU_011920,76.40695214823296
STU_011921,72.88740684150328
STU_011922,80.31284622650038
STU_011923,61.155103508352376
STU_011924,70.18604307832683
STU_011925,44.80231589303993
STU_011926,70.37060284907109
STU_011927,70.91121604425462
STU_011928,70.11304879131171
STU_011929,82.32164956770485
STU_011930,86.57161757229771
STU_011931,86.17970048849756
STU_011932,68.18652901005841
STU_011933,54.920422248308626
STU_011934,83.02145968025414
STU_011935,58.47987447577048
STU_011936,91.28421626535271
STU_011937,70.72559406152982
STU_011938,60.35049379604423
STU_011939,91.00227778155882
STU_011940,80.32228252596492
STU_011941,80.43254372524962
STU_011942,88.97179127410507
STU_011943,70.25026933842406
STU_011944,68.92681625819036
STU_011945,75.32190125972411
STU_011946,98.24228691528823
STU_011947,86.49437441754189
STU_011948,63.055420337946
STU_011949,78.42443623073183
STU_011950,75.50811485275618
STU_011951,89.70766992993437
STU_011952,67.57966768014158
STU_011953,53.02578396180736
STU_011954,90.31719275241852
STU_011955,62.12254739858033
STU_011956,94.08166611654815
STU_011957,61.91383712017094
STU_011958,93.99004490600178
STU_011959,78.71572251768703
STU_011960,92.68126115109709
STU_011961,91.63198802311607
STU_011962,77.86791897234643
STU_011963,84.9328693999825
STU_011964,67.96792387294838
STU_011965,76.59489476258913
STU_011966,90.94183043593132
STU_011967,57.203997545630415
STU_011968,89.39240658089184
STU_011969,58.57219900023051
STU_011970,78.97603326891594
STU_011971,57.74803499279065
STU_011972,88.37044489231226
STU_011973,67.09115459630246
STU_011974,94.86850494736086
STU_011975,75.84210782344589
STU_011976,69.14195641516943
STU_011977,83.63924195540511
STU_011978,62.322833110186004
STU_011979,78.5060923061717
STU_011980,78.66738646641818
STU_011981,80.14614655233191
STU_011982,94.9691745235296
STU_011983,70.0819608536619
STU_011984,80.28319421313276
STU_011985,78.9799306299975
STU_011986,68.88115627584283
STU_011987,57.18540986120887
STU_011988,76.78598388704758
STU_011989,72.735758333786
STU_011990,91.85622383928013
STU_011991,61.94233476874452
STU_011992,46.872991885302255
STU_011993,70.22963120796608
STU_011994,65.18228190402989
STU_011995,76.95086978521283
STU_011996,69.54649737796436
STU_011997,85.70530126412079
STU_011998,94.26875229016908
STU_011999,100.0
STU_012000,88.47441908901506
STU_012001,86.24877082980929
STU_012002,75.1405875899482
STU_012003,78.38133687885129
STU_012004,69.63889583238678
STU_012005,75.1783312185757
STU_012006,92.92870743814538
STU_012007,62.361288289833126
STU_012008,76.1395929742986
STU_012009,71.47835140177628
STU_012010,44.89771724721891
STU_012011,61.11296911922884
STU_012012,73.85557972574964
STU_012013,71.51122572392985
STU_012014,57.26096375765599
STU_012015,70.31984645597088
STU_012016,54.88455077852797
STU_012017,73.21416007654499
STU_012018,87.78166242408255
STU_012019,94.90778901835975
STU_012020,61.55744326084859
STU_012021,66.13514951779153
STU_012022,73.38307244953877
STU_012023,74.92317641304584
STU_012024,93.54396594595869
STU_012025,86.37526832078304
STU_012026,65.49542813136789
STU_012027,93.9679691506377
STU_012028,94.63076095409122
STU_012029,63.77428131858934
STU_012030,83.61730071241884
STU_012031,90.14393097876868
STU_012032,68.04971316623374
STU_012033,66.42579063209665
STU_012034,96.27806845551986
STU_012035,70.25660005999113
STU_012036,70.22553642671018
STU_012037,85.61865504904341
STU_012038,63.93453203992857
STU_012039,69.2138707543676
STU_012040,93.7874973896608
STU_012041,72.07385549897575
STU_012042,86.7742143477766
STU_012043,69.11035387519334
STU_012044,72.25507857569556
STU_012045,53.69941533458734
STU_012046,86.36609119290655
STU_012047,94.00188494326655
STU_012048,56.614453741952
STU_012049,73.1277706231264
STU_012050,75.79261522224911
STU_012051,40.14400041754703
STU_012052,84.3232254230024
STU_012053,84.06216799674311
STU_012054,66.71580252469644
STU_012055,78.24175925159649
STU_012056,98.05823399491564
STU_012057,90.1188204391615
STU_012058,65.8074751875895
STU_012059,55.767782985874526
STU_012060,72.9035522730836
STU_012061,63.404631427107
STU_012062,90.44036177017395
STU_012063,59.147467592345016
STU_012064,65.37007606263876
STU_012065,86.43264672904876
STU_012066,73.92300629382595
STU_012067,77.61337806144472
STU_012068,64.2827941509769
STU_012069,67.48735718537799
STU_012070,82.0591636774012
STU_012071,73.69667079650003
STU_012072,73.37148510765984
STU_012073,89.90789811926058
STU_012074,86.78225193403046
STU_012075,51.31799735928857
STU_012076,63.83086875822038
STU_012077,64.79236634452556
STU_012078,69.45480218580565
STU_012079,76.40279539602783
STU_012080,76.03726256391782
STU_012081,50.403262155397584
STU_012082,92.60480879631501
STU_012083,69.56554734743345
STU_012084,76.29348614604669
STU_012085,97.47690751321396
STU_012086,79.21068775015289
STU_012087,77.41211433352467
STU_012088,76.61243039669056
STU_012089,76.49766770020625
STU_012090,94.73676812102525
STU_012091,83.391004962705
STU_012092,79.52664557651018
STU_012093,77.18960552622875
STU_012094,78.4804591559473
STU_012095,60.13298167570103
STU_012096,77.24985764675257
STU_012097,75.88410032393539
STU_012098,65.63105142638881
STU_012099,77.87618085400065
STU_012100,92.4924259526715
STU_012101,90.9974712459522
STU_012102,66.9123013631739
STU_012103,77.57388279699738
STU_012104,59.1773370028929
STU_012105,84.92854077905676
STU_012106,88.8980271828202
STU_012107,79.91721326751379
STU_012108,90.75481800697509
STU_012109,75.66368840368732
STU_012110,74.63269270418309
STU_012111,51.564668355005516
STU_012112,82.16972926998046
STU_012113,90.92199925322416
STU_012114,73.26108599416982
STU_012115,73.77161823634792
STU_012116,76.0248658027009
STU_012117,92.13268476040336
STU_012118,66.79023813404827
STU_012119,93.93303708065211
STU_012120,66.00989771849635
STU_012121,70.42685615776327
STU_012122,67.70122172800227
STU_012123,83.70900568143472
STU_012124,71.61275645961314
STU_012125,75.84807166716374
STU_012126,77.84068520709032
STU_012127,75.15343634327246
STU_012128,75.09039373884622
STU_012129,74.6345874166322
STU_012130,64.38072516526773
STU_012131,52.42363252229674
STU_012132,82.29408268330366
STU_012133,80.43800478467475
STU_012134,61.995555996148624
STU_012135,67.19045686924609
STU_012136,55.15503939302652
STU_012137,70.56288828948354
STU_012138,62.59724503419998
STU_012139,69.99001958029483
STU_012140,72.62880729420313
STU_012141,61.97958118033188
STU_012142,79.32128868160827
STU_012143,99.94608644273828
STU_012144,84.06846582553692
STU_012145,76.75268585012317
STU_012146,78.62950965669502
STU_012147,67.27603692916007
STU_012148,72.76058226152574
STU_012149,84.49698713836801
STU_012150,77.17549880531818
STU_012151,81.4877536757697
STU_012152,55.46002375652414
STU_012153,72.19003371330449
STU_012154,81.6744696129739
STU_012155,64.66069045392311
STU_012156,73.3420460197679
STU_012157,83.71450353942936
STU_012158,89.14062879466294
STU_012159,84.13350535562813
STU_012160,90.36811753715976
STU_012161,94.2966032502897
STU_012162,84.04005610455377
STU_012163,98.23991229034644
STU_012164,46.95006359041077
STU_012165,70.93179296360725
STU_012166,66.94864604526494
STU_012167,92.51171337936792
STU_012168,55.29434988842851
STU_012169,61.01874627814608
STU_012170,71.4201436093734
STU_012171,80.2247333868922
STU_012172,93.2627231274178
STU_012173,93.79228338225533
STU_012174,83.50615258888016
STU_012175,82.37500723711098
STU_012176,70.4268580142197
STU_012177,72.13351112901765
STU_012178,87.43735214961373
STU_012179,70.21789864494144
STU_012180,80.6713535087047
STU_012181,96.05701010430639
STU_012182,73.88947326275927
STU_012183,89.58875073584063
STU_012184,71.56620248798235
STU_012185,73.77412533291704
STU_012186,91.78830172115629
STU_012187,52.5040180056053
STU_012188,62.4729790473835
STU_012189,62.10326861198093
STU_012190,87.0058822288939
STU_012191,74.71493266874828
STU_012192,70.95807611193061
STU_012193,65.308419824348
STU_012194,82.59250774920847
STU_012195,66.55036234248551
STU_012196,50.16042658032542
STU_012197,86.14121697145389
STU_012198,67.23814913762072
STU_012199,83.83675157992703
STU_012200,57.38803611279393
STU_012201,74.19591674186118
STU_012202,79.24814291436817
STU_012203,87.36156479951727
STU_012204,72.103672994506
STU_012205,76.20946813811008
STU_012206,84.36704381262936
STU_012207,87.07095183770421
STU_012208,75.23008107729424
STU_012209,57.907008415528566
STU_012210,78.22135008033018
STU_012211,83.6306652499364
STU_012212,70.98036646968676
STU_012213,83.1503368117702
STU_012214,66.61910566597551
STU_012215,64.81032059916258
STU_012216,86.2100992264597
STU_012217,93.58394496683296
STU_012218,100.0
STU_012219,71.65884493323153
STU_012220,61.27368937477014
STU_012221,77.72411892751515
STU_012222,66.07183261654701
STU_012223,66.6308249913863
STU_012224,68.90586416481267
STU_012225,93.13600331804597
STU_012226,73.84205965276162
STU_012227,75.03172728486626
STU_012228,62.60346182202903
STU_012229,83.04217974298442
STU_012230,83.82817507759259
STU_012231,67.2471112421171
STU_012232,74.16747613608551
STU_012233,81.8793656947341
STU_012234,66.98818233520714
STU_012235,67.87607140227244
STU_012236,100.0
STU_012237,71.64001587265653
STU_012238,67.42035495758645
STU_012239,72.80277579593229
STU_012240,76.15922849802158
STU_012241,91.90053213992671
STU_012242,74.28295314059508
STU_012243,53.34173191373956
STU_012244,60.14636454633994
STU_012245,74.15687114435866
STU_012246,63.73145867918073
STU_012247,57.1752519926655
STU_012248,91.23997037559138
STU_012249,84.48913607477856
STU_012250,85.70052598612857
STU_012251,70.71029680431806
STU_012252,64.01496118885167
STU_012253,59.24138746636472
STU_012254,51.328122344567994
STU_012255,82.56048214296831
STU_012256,71.61197414752148
STU_012257,80.65065923866916
STU_012258,76.18016306552501
STU_012259,81.06244102797774
STU_012260,85.16084046530445
STU_012261,86.42182466148431
STU_012262,84.40220972215852
STU_012263,68.00310813484964
STU_012264,63.27979805356376
STU_012265,64.65210499331454
STU_012266,97.49889225042764
STU_012267,88.08617306589429
STU_012268,54.05355344211862
STU_012269,79.96535240572207
STU_012270,69.14997811996501
STU_012271,77.00678222126655
STU_012272,70.46752352685782
STU_012273,71.20610888397428
STU_012274,61.972733754763425
STU_012275,93.39851249323863
STU_012276,69.0474764089493
STU_012277,76.24474742389286
STU_012278,65.93024886987666
STU_012279,74.60247738419712
STU_012280,71.8428278849122
STU_012281,57.5684708611528
STU_012282,86.10996685985013
STU_012283,92.13116702917264
STU_012284,68.28441942868567
STU_012285,74.03696263394076
STU_012286,75.1323022999917
STU_012287,96.17892181874623
STU_012288,82.57621507084922
STU_012289,91.01448236502308
STU_012290,84.46505257433215
STU_012291,66.04433436500896
STU_012292,76.55279450173708
STU_012293,74.83482985201866
STU_012294,87.59892667957924
STU_012295,80.42535078855659
STU_012296,77.86511077023434
STU_012297,75.38690792435662
STU_012298,68.52417075672459
STU_012299,88.79423972993169
STU_012300,54.51650136906137
STU_012301,87.2133717403034
STU_012302,79.90286930996056
STU_012303,63.0311019237986
STU_012304,51.95749299184091
STU_012305,97.5385904506387
STU_012306,71.25113958554076
STU_012307,70.57377177505961
STU_012308,85.35381804845883
STU_012309,67.09277744080495
STU_012310,73.50444493934187
STU_012311,83.63643117577286
STU_012312,57.20786854301006
STU_012313,75.38039739012935
STU_012314,97.6360177432173
STU_012315,89.22936588384735
STU_012316,67.89278933033589
STU_012317,100.0
STU_012318,77.96731708100745
STU_012319,81.6061620210903
STU_012320,64.23999674869589
STU_012321,64.373869027459
STU_012322,91.9584645536611
STU_012323,62.479782107652724
STU_012324,82.37264406592362
STU_012325,65.49498416749348
STU_012326,75.90916374405165
STU_012327,62.874464554510894
STU_012328,63.33616292088778
STU_012329,92.16602697521024
STU_012330,87.47855803903651
STU_012331,78.8364005827941
STU_012332,70.36638050762426
STU_012333,85.62669748144042
STU_012334,73.72027797600492
STU_012335,67.67370133502239
STU_012336,90.71983798266055
STU_012337,89.82038168403743
STU_012338,67.4391680097159
STU_012339,83.47771231127417
STU_012340,64.45179771430342
STU_012341,55.31808075866261
STU_012342,86.73838153858819
STU_012343,86.43781308079063
STU_012344,62.85286717425485
STU_012345,65.5401001652199
STU_012346,71.14685476468047
STU_012347,94.40798265646684
STU_012348,80.26641501407913
STU_012349,66.67274787056502
STU_012350,85.69293969706504
STU_012351,83.79362919356649
STU_012352,82.41460258243359
STU_012353,95.06821886046981
STU_012354,62.58615988044896
STU_012355,84.3030409296952
STU_012356,78.43815640040397
STU_012357,68.12262707397655
STU_012358,94.93833556454571
STU_012359,87.79535897545448
STU_012360,73.8572802437365
STU_012361,63.19046294817037
STU_012362,82.57451457704126
STU_012363,74.36374725571108
STU_012364,79.73191139705693
STU_012365,65.75987743982634
STU_012366,84.4910103066531
STU_012367,76.31237584663532
STU_012368,60.115391223841605
STU_012369,75.02776759280108
STU_012370,100.0
STU_012371,74.27238251107568
STU_012372,82.66856418058124
STU_012373,74.76709122251144
STU_012374,77.61384804872134
STU_012375,63.30962548115077
STU_012376,81.81074096383308
STU_012377,85.60259755568808
STU_012378,71.84370574960904
STU_012379,71.6048243668148
STU_012380,94.9512854219899
STU_012381,99.77977963245613
STU_012382,66.32095691975654
STU_012383,82.16597772367022
STU_012384,95.58472354175721
STU_012385,84.09000059436995
STU_012386,77.48360362408619
STU_012387,80.17596451212115
STU_012388,85.89101481258997
STU_012389,97.63280399388327
STU_012390,75.02092863457615
STU_012391,50.00942620145587
STU_012392,75.94208397129538
STU_012393,71.86344997681897
STU_012394,70.66494360971394
STU_012395,84.1827911335913
STU_012396,80.19025219415617
STU_012397,73.22039099235033
STU_012398,83.67581884659975
STU_012399,75.09790518713058
STU_012400,75.3361096508385
STU_012401,91.5903172764543
STU_012402,100.0
STU_012403,48.11369674262434
STU_012404,75.00365603636364
STU_012405,62.708699434815955
STU_012406,66.40049417967614
STU_012407,95.30223713669164
STU_012408,79.86757953803793
STU_012409,70.38597500386292
STU_012410,46.119406908228
STU_012411,93.25595275626443
STU_012412,71.10522142201616
STU_012413,59.84353800920645
STU_012414,98.19017888415047
STU_012415,89.36335987822713
STU_012416,89.94529486746063
STU_012417,57.717709259416
STU_012418,86.20553145977134
STU_012419,73.34715917001759
STU_012420,56.817961807884714
STU_012421,71.75902822875719
STU_012422,83.86144979880694
STU_012423,78.58571792889856
STU_012424,89.59578537422817
STU_012425,56.42608875779445
STU_012426,83.76632668848343
STU_012427,71.55080946567816
STU_012428,85.45418707415739
STU_012429,59.81763102431295
STU_012430,70.87593254923415
STU_012431,71.66973537229705
STU_012432,58.9724098042572
STU_012433,55.76771740898064
STU_012434,89.5984833800951
STU_012435,65.55751205356832
STU_012436,72.54555870642587
STU_012437,92.55290232706277
STU_012438,60.25396881684918
STU_012439,74.67970352953272
STU_012440,71.0203279263018
STU_012441,93.75885511988108
STU_012442,97.88093095529969
STU_012443,62.8266430682882
STU_012444,88.15031069049373
STU_012445,70.68387644022252
STU_012446,84.80529970012333
STU_012447,92.0511759113674
STU_012448,73.37522924365409
STU_012449,79.94323606102937
STU_012450,72.23218459256206
STU_012451,85.63884937257392
STU_012452,80.09714702307184
STU_012453,92.80476814672005
STU_012454,88.06572894803162
STU_012455,73.84943969955775
STU_012456,92.79818125913474
STU_012457,69.86229571497316
STU_012458,81.71184305549303
STU_012459,58.52478274065858
STU_012460,87.2445869388991
STU_012461,75.42996825273845
STU_012462,71.93493229736646
STU_012463,81.77189644636574
STU_012464,75.7325161697325
STU_012465,74.40349085279742
STU_012466,68.65655980119048
STU_012467,77.51837299122991
STU_012468,85.22464225561194
STU_012469,86.66339048870292
STU_012470,54.94152414107107
STU_012471,54.80028899128853
STU_012472,95.56843000960224
STU_012473,72.72818555257625
STU_012474,64.64395313870482
STU_012475,69.17863240863171
STU_012476,47.32110875349925
STU_012477,98.19648038378337
STU_012478,70.34495388709684
STU_012479,67.1160232353749
STU_012480,77.86923174543088
STU_012481,90.27948835724922
STU_012482,70.3750174738635
STU_012483,61.75477902784113
STU_012484,70.64992027919683
STU_012485,76.92928602820105
STU_012486,69.43007905230145
STU_012487,66.99760469678603
STU_012488,75.90912351822686
STU_012489,81.3771836073505
STU_012490,88.47355538430074
STU_012491,62.05512943139095
STU_012492,63.30796138469742
STU_012493,64.18508374183735
STU_012494,74.65080699461541
STU_012495,72.7839829946527
STU_012496,79.6404361393188
STU_012497,88.8844034858644
STU_012498,72.41979136570822
STU_012499,76.6893778203788
STU_012500,83.13551217850477
STU_012501,94.2494258843025
STU_012502,85.11305005979966
STU_012503,82.7106343223859
STU_012504,77.96990321563109
STU_012505,82.26794348917227
STU_012506,65.8449063002151
STU_012507,86.69265847714044
STU_012508,68.31732232174627
STU_012509,88.0542691664512
STU_012510,74.46948472221861
STU_012511,75.20606492985526
STU_012512,78.48509593951482
STU_012513,70.01206121658103
STU_012514,100.0
STU_012515,86.69209465365334
STU_012516,78.65523668069629
STU_012517,96.7653424442683
STU_012518,56.39528897947119
STU_012519,75.13910640896168
STU_012520,71.86164062435593
STU_012521,94.31599365158104
STU_012522,95.69430973583081
STU_012523,82.04153896722727
STU_012524,98.29084515005732
STU_012525,89.94254926343298
STU_012526,96.44123782857764
STU_012527,88.27425272844326
STU_012528,62.94601554406145
STU_012529,98.07539342601811
STU_012530,79.4598057781533
STU_012531,77.36179004113652
STU_012532,68.18870742210916
STU_012533,88.19027420600794
STU_012534,56.37407588993788
STU_012535,80.66707734022319
STU_012536,71.78296682683501
STU_012537,52.06572272880969
STU_012538,62.47381517188091
STU_012539,86.99498906906545
STU_012540,71.3028630546262
STU_012541,100.0
STU_012542,97.24664631137763
STU_012543,72.84447177847257
STU_012544,83.80426974690138
STU_012545,69.68233242533151
STU_012546,77.66924320837987
STU_012547,100.0
STU_012548,54.22177139148812
STU_012549,76.74889279060173
STU_012550,92.55367919864737
STU_012551,92.40401776211844
STU_012552,70.68113434966519
STU_012553,79.55356727194598
STU_012554,67.21743278349493
STU_012555,49.3986286395754
STU_012556,64.70282912636954
STU_012557,80.03527642869335
STU_012558,67.8972456707971
STU_012559,89.24635454930711
STU_012560,66.03762835328078
STU_012561,63.05884167188921
STU_012562,69.94213242131113
STU_012563,83.16105988242437
STU_012564,90.94123075839433
STU_012565,98.86681973932983
STU_012566,77.54172422303424
STU_012567,63.097840204585815
STU_012568,98.17334903336393
STU_012569,67.04628390573484
STU_012570,51.62711847290549
STU_012571,58.929552759671445
STU_012572,56.67710488362211
STU_012573,74.0427280447124
STU_012574,58.538369969250695
STU_012575,67.5483626244639
STU_012576,74.0367204572992
STU_012577,100.0
STU_012578,51.20627547795437
STU_012579,81.20773316164208
STU_012580,70.13344462834996
STU_012581,64.51155162567285
STU_012582,70.74757265337534
STU_012583,62.661578151396625
STU_012584,57.40337706117953
STU_012585,71.33128991174212
STU_012586,74.65408569764902
STU_012587,69.6422170964513
STU_012588,70.53797898772055
STU_012589,50.45458996859759
STU_012590,68.2804970229653
STU_012591,67.29546998300401
STU_012592,96.70452221660814
STU_012593,97.12584769918455
STU_012594,51.38841452815749
STU_012595,62.6455757164985
STU_012596,87.15273236441342
STU_012597,71.97132000153881
STU_012598,69.19515462890753
STU_012599,74.32799650526587
STU_012600,70.233843248647
STU_012601,73.13801764991385
STU_012602,67.35481273411447
STU_012603,87.38440661134835
STU_012604,76.60684671999988
STU_012605,77.20024712128568
STU_012606,73.61901369476516
STU_012607,61.46476632994616
STU_012608,80.1913550040698
STU_012609,60.53649976707863
STU_012610,75.17259797809983
STU_012611,71.08793742040075
STU_012612,60.05984730520772
STU_012613,93.65885210789821
STU_012614,76.0061884963064
STU_012615,70.9513917902855
STU_012616,82.48896671929587
STU_012617,61.74887326663597
STU_012618,89.79076806656049
STU_012619,83.18482149783345
STU_012620,79.81226271192935
STU_012621,91.10879488831704
STU_012622,90.69257629138784
STU_012623,90.04406074102783
STU_012624,84.05903943613458
STU_012625,88.64256073984153
STU_012626,93.0007797012441
STU_012627,87.0947042494669
STU_012628,74.79050319992432
STU_012629,82.61264356284165
STU_012630,66.03968711729196
STU_012631,67.11301501667776
STU_012632,68.35228043263714
STU_012633,72.43301187729128
STU_012634,89.74164270498632
STU_012635,73.63145843083826
STU_012636,72.09450749804368
STU_012637,76.60584428919505
STU_012638,82.01859638891159
STU_012639,94.73238481381244
STU_012640,86.52572180100447
STU_012641,70.83223506549041
STU_012642,66.24139297446835
STU_012643,80.95921247054125
STU_012644,82.55069259564566
STU_012645,56.176920659361954
STU_012646,86.53742291362565
STU_012647,81.93910173947653
STU_012648,63.11267610651866
STU_012649,76.25363817989677
STU_012650,78.64091371675214
STU_012651,75.29612864059608
STU_012652,96.21268945183488
STU_012653,86.51875315497477
STU_012654,80.4623375355216
STU_012655,72.82145285282026
STU_012656,77.70589467356305
STU_012657,93.85838211036499
STU_012658,84.62429914577093
STU_012659,83.25134447557448
STU_012660,78.76656572461295
STU_012661,84.66182052997432
STU_012662,96.5235277357308
STU_012663,68.45251594747737
STU_012664,52.4352535372276
STU_012665,89.55263720782962
STU_012666,61.970202610239525
STU_012667,81.03919180427395
STU_012668,75.16863337621409
STU_012669,64.70727542081977
STU_012670,60.66674710085554
STU_012671,69.57823582672535
STU_012672,65.57289526729058
STU_012673,57.20474678733951
STU_012674,61.14606840786653
STU_012675,70.55675579115619
STU_012676,94.93553473147858
STU_012677,60.9390688447363
STU_012678,72.81052894445364
STU_012679,73.52211810059595
STU_012680,75.77872539988768
STU_012681,72.39340540904524
STU_012682,88.14886482151061
STU_012683,78.26348359373983
STU_012684,87.2765178328982
STU_012685,96.24812076538483
STU_012686,70.25706465614734
STU_012687,81.82766254633074
STU_012688,84.63588349838149
STU_012689,70.11057361015693
STU_012690,67.36496682289908
STU_012691,76.23155548791853
STU_012692,82.00004002573625
STU_012693,81.54378536868565
STU_012694,59.27386502388965
STU_012695,71.82940492564072
STU_012696,64.59106820054497
STU_012697,82.05302906028186
STU_012698,66.6134738564141
STU_012699,77.49034400622185
STU_012700,70.2217778675258
STU_012701,100.0
STU_012702,69.63389810859736
STU_012703,69.25364627526459
STU_012704,75.80775897873389
STU_012705,65.17842296995829
STU_012706,76.05760423308469
STU_012707,98.94730051542051
STU_012708,57.144154635285105
STU_012709,64.65652720017356
STU_012710,91.85943907748319
STU_012711,72.16738100364094
STU_012712,67.00126190461867
STU_012713,61.91501595124202
STU_012714,91.16216342406153
STU_012715,72.04593245570057
STU_012716,77.34425185657567
STU_012717,67.210538521205
STU_012718,81.29852472393948
STU_012719,61.439786216968
STU_012720,78.68653905454828
STU_012721,74.76761763743217
STU_012722,52.63913772093639
STU_012723,82.48463550093875
STU_012724,89.7146491258474
STU_012725,60.8528227650873
STU_012726,54.34645559173587
STU_012727,59.82834842043896
STU_012728,84.6321680665633
STU_012729,66.6854805009986
STU_012730,88.62279202107051
STU_012731,98.21511526640187
STU_012732,82.40453250389422
STU_012733,55.05089204940592
STU_012734,83.66417865365187
STU_012735,62.85687212817492
STU_012736,100.0
STU_012737,71.65795050820888
STU_012738,79.98600389492715
STU_012739,74.65373077895144
STU_012740,91.1764088916137
STU_012741,51.29314375566807
STU_012742,70.20495511481695
STU_012743,82.18561604586642
STU_012744,77.458011993149
STU_012745,64.22231969974027
STU_012746,84.40126707462423
STU_012747,60.67934939845155
STU_012748,88.07153497297128
STU_012749,85.76562530636303
STU_012750,68.68446154337417
STU_012751,52.052252497242634
STU_012752,71.05783918256418
STU_012753,66.95429118870429
STU_012754,60.62335842769088
STU_012755,90.3082369362647
STU_012756,61.15560962760121
STU_012757,49.05986961065384
STU_012758,90.09236305379436
STU_012759,60.0495503069091
STU_012760,74.04093082086102
STU_012761,59.28317794650284
STU_012762,83.46899792579924
STU_012763,96.45382402465054
STU_012764,95.13073561245179
STU_012765,87.19613208864266
STU_012766,63.60294138529059
STU_012767,97.41507557029917
STU_012768,85.34470069557538
STU_012769,69.05474276425278
STU_012770,56.1320844965034
STU_012771,55.77243294802897
STU_012772,99.47707244785234
STU_012773,65.71438121488166
STU_012774,73.74236698113843
STU_012775,65.37756538237787
STU_012776,83.80025515233407
STU_012777,52.24225758145158
STU_012778,71.56978045464636
STU_012779,72.83021594089229
STU_012780,70.33756110436589
STU_012781,84.27974220241511
STU_012782,54.71237151957825
STU_012783,98.20797084229335
STU_012784,55.84488497181211
STU_012785,71.73651240275264
STU_012786,52.46371239365693
STU_012787,66.42326547449117
STU_012788,92.77821826704131
STU_012789,78.1613274907375
STU_012790,97.80099336389348
STU_012791,83.74632186224012
STU_012792,69.65498367230533
STU_012793,88.34456789793514
STU_012794,77.81013526569843
STU_012795,93.30563520529903
STU_012796,69.14636713116305
STU_012797,64.019277455474
STU_012798,99.23660544519974
STU_012799,85.78163722911009
STU_012800,53.30020354858333
STU_012801,66.08918236659163
STU_012802,74.41374910649364
STU_012803,91.42720375922424
STU_012804,61.68921251799035
STU_012805,71.68988035615338
STU_012806,77.0700746994699
STU_012807,64.96422568788216
STU_012808,82.54041453573697
STU_012809,85.61405192148466
STU_012810,86.06363645188692
STU_012811,74.6987617799445
STU_012812,70.99664905886989
STU_012813,78.45581832522564
STU_012814,64.28430073099153
STU_012815,64.01724387150955
STU_012816,83.26996855187944
STU_012817,68.689642878522
STU_012818,84.73677969249202
STU_012819,55.24158367306134
STU_012820,82.6750050461689
STU_012821,72.0131352988795
STU_012822,82.94988710478998
STU_012823,78.86204018238323
STU_012824,79.07678916405192
STU_012825,60.33305656050665
STU_012826,84.49239252474676
STU_012827,57.351667866677154
STU_012828,89.46457291333107
STU_012829,69.25431711341955
STU_012830,76.63702333127365
STU_012831,68.14270267491409
STU_012832,92.83747525778031
STU_012833,89.58890956948268
STU_012834,70.52543329454463
STU_012835,73.04961248367692
STU_012836,80.70290485262606
STU_012837,63.71442888878941
STU_012838,61.90736587632142
STU_012839,66.40506421642982
STU_012840,86.81646798974812
STU_012841,70.82513910807023
STU_012842,75.61773372654315
STU_012843,80.12895531009083
STU_012844,76.36330015024198
STU_012845,61.66277801230474
STU_012846,72.71012101689266
STU_012847,75.82371342770024
STU_012848,73.12204175285524
STU_012849,86.71830533375821
STU_012850,80.29129107862283
STU_012851,86.73844720778261
STU_012852,92.38778307154207
STU_012853,63.08705101352371
STU_012854,79.85487080143223
STU_012855,84.6978320030608
STU_012856,67.58423229331682
STU_012857,99.18683078726275
STU_012858,86.1673320544701
STU_012859,63.37050965067479
STU_012860,84.67342625899167
STU_012861,66.5953417318359
STU_012862,74.33758788912927
STU_012863,94.27807670242005
STU_012864,76.4648773847503
STU_012865,64.4446367545368
STU_012866,76.43022747541735
STU_012867,86.94288670869209
STU_012868,83.8641458673756
STU_012869,61.65813508299354
STU_012870,82.22864799991864
STU_012871,84.5899711224885
STU_012872,87.92397358424901
STU_012873,61.98805219559063
STU_012874,75.64133810058411
STU_012875,72.63891551993285
STU_012876,54.28419051395515
STU_012877,81.44194901443491
STU_012878,95.53168186981435
STU_012879,77.81087552861574
STU_012880,82.36285026627584
STU_012881,94.89033248541939
STU_012882,89.18934506709574
STU_012883,68.5204624234275
STU_012884,78.51713176247371
STU_012885,77.90642280919035
STU_012886,53.3758893497332
STU_012887,71.70890050357232
STU_012888,66.83742466716615
STU_012889,68.20000370610155
STU_012890,69.83803629153827
STU_012891,72.5620295939506
STU_012892,71.92447193628614
STU_012893,86.35477062536584
STU_012894,73.11617432873528
STU_012895,91.79852320019901
STU_012896,69.16027203106273
STU_012897,74.0386548729689
STU_012898,88.20067418625085
STU_012899,84.83871942966827
STU_012900,79.50157916836746
STU_012901,73.55680899298024
STU_012902,84.6508911203524
STU_012903,65.22623109962362
STU_012904,85.22955685166183
STU_012905,60.696741808965726
STU_012906,97.29393218292776
STU_012907,53.39215070546891
STU_012908,84.15797955379684
STU_012909,66.79350781925268
STU_012910,39.24043542207296
STU_012911,84.32502369735978
STU_012912,52.9673961329834
STU_012913,60.6508643366859
STU_012914,75.31769921169469
STU_012915,56.87621779376876
STU_012916,62.685708270249684
STU_012917,95.79183299104136
STU_012918,56.39553878311116
STU_012919,96.00867202329601
STU_012920,79.4416644576613
STU_012921,63.77765958555441
STU_012922,68.11175921401525
STU_012923,62.32521331847977
STU_012924,72.78297851052777
STU_012925,72.09911141062403
STU_012926,64.01221289490385
STU_012927,86.10316694892708
STU_012928,63.528952634865504
STU_012929,63.54673960421116
STU_012930,69.93241156286915
STU_012931,87.24858699509502
STU_012932,64.16469452486614
STU_012933,68.83164029234193
STU_012934,68.35289670178997
STU_012935,68.4073422174677
STU_012936,67.34962738252739
STU_012937,72.67961757499246
STU_012938,95.66958254533023
STU_012939,51.35313502459963
STU_012940,65.49980485195631
STU_012941,56.17469775795006
STU_012942,71.19053036522885
STU_012943,75.02734618793934
STU_012944,77.74463191294751
STU_012945,89.51055697552898
STU_012946,58.24009196637307
STU_012947,72.73965576941387
STU_012948,88.36180677241137
STU_012949,97.50211485320996
STU_012950,77.61076547759521
STU_012951,89.86101077846084
STU_012952,73.17609601805016
STU_012953,81.77232603883768
STU_012954,82.7398276011307
STU_012955,89.62925966494258
STU_012956,70.75997498822632
STU_012957,69.26262403496878
STU_012958,75.91499992409248
STU_012959,79.25279816559137
STU_012960,77.73070137338817
STU_012961,80.77398665684514
STU_012962,59.21374383820855
STU_012963,65.25939961601782
STU_012964,86.89892256983244
STU_012965,77.50443167732324
STU_012966,71.07243303928017
STU_012967,69.80299830511197
STU_012968,78.23333471586174
STU_012969,72.80095339661987
STU_012970,57.451668059277225
STU_012971,74.6530293689671
STU_012972,80.1934231316565
STU_012973,52.77230565434066
STU_012974,63.33398223781148
STU_012975,55.34835488368187
STU_012976,86.07965338923533
STU_012977,79.3915345056154
STU_012978,89.45368991962482
STU_012979,67.81265836475448
STU_012980,69.07134615156573
STU_012981,89.58127700329989
STU_012982,73.34308936382757
STU_012983,95.05112578221535
STU_012984,57.55709659481007
STU_012985,66.7944458678814
STU_012986,64.37212579810506
STU_012987,54.30562292702852
STU_012988,86.102755440864
STU_012989,93.1783168589495
STU_012990,59.93914785784207
STU_012991,69.19304624306382
STU_012992,51.33569634633257
STU_012993,100.0
STU_012994,80.83841566393596
STU_012995,64.17138646431184
STU_012996,57.2018967780799
STU_012997,87.23572358680836
STU_012998,81.82517969985007
STU_012999,89.04009869642708
STU_013000,93.41334369416974
STU_013001,98.83055833142035
STU_013002,87.04261919243243
STU_013003,77.30369833620924
STU_013004,86.75346103601024
STU_013005,74.35626338899921
STU_013006,77.69906342417518
STU_013007,79.04966362437301
STU_013008,83.66871933976809
STU_013009,82.74609185056079
STU_013010,76.20131514885598
STU_013011,55.34576680472873
STU_013012,52.94911232128843
STU_013013,88.45770667684141
STU_013014,88.0368131942643
STU_013015,86.31792148640773
STU_013016,63.55875351274417
STU_013017,91.89470705432518
STU_013018,81.03098079747126
STU_013019,82.99679251052267
STU_013020,57.87228646044985
STU_013021,71.28696159458639
STU_013022,98.25020562512152
STU_013023,80.19109514768917
STU_013024,84.27328686630878
STU_013025,71.97811576113384
STU_013026,69.67235058078168
STU_013027,74.42447424243822
STU_013028,83.8773282326447
STU_013029,77.95760950294698
STU_013030,75.65331697036744
STU_013031,65.70077801575881
STU_013032,100.0
STU_013033,71.25679928574928
STU_013034,98.04182199442945
STU_013035,91.2125877680779
STU_013036,58.03195565502476
STU_013037,87.03391110118427
STU_013038,76.49218634159217
STU_013039,85.52880192156685
STU_013040,96.37343366007094
STU_013041,78.98969706076313
STU_013042,58.14750220581637
STU_013043,95.19268837850018
STU_013044,65.48652667917271
STU_013045,87.89282820282924
STU_013046,61.90462081582689
STU_013047,70.34025548904862
STU_013048,90.49480652379091
STU_013049,82.78825100159129
STU_013050,83.02504071088853
STU_013051,92.88987975938704
STU_013052,65.78221911775938
STU_013053,69.98445265765514
STU_013054,64.12914040471028
STU_013055,87.31597509394942
STU_013056,75.70376360490961
STU_013057,54.60347002888577
STU_013058,60.557917767274155
STU_013059,87.53479018401498
STU_013060,65.42832234092587
STU_013061,59.78523556121477
STU_013062,99.3219101064306
STU_013063,84.43294328346222
STU_013064,63.773430859367906
STU_013065,50.91582642447801
STU_013066,100.0
STU_013067,78.44953248739856
STU_013068,90.59079770484725
STU_013069,98.21787679405246
STU_013070,61.35481166851008
STU_013071,81.35365251530003
STU_013072,83.11054919827667
STU_013073,71.38355998151812
STU_013074,75.4053146036353
STU_013075,52.23977332687694
STU_013076,80.73991334882578
STU_013077,89.77772021072686
STU_013078,74.86518917535325
STU_013079,85.87129239815326
STU_013080,72.64421057210079
STU_013081,76.65942474279439
STU_013082,58.454662512216395
STU_013083,60.600764434165356
STU_013084,70.12479911401411
STU_013085,79.14445016680787
STU_013086,78.15963404638242
STU_013087,64.72885857081984
STU_013088,84.74388745988438
STU_013089,63.887197854976776
STU_013090,97.65129049531602
STU_013091,65.89311011298437
STU_013092,63.513916427186096
STU_013093,85.18441823755812
STU_013094,85.58095108983042
STU_013095,73.3630734780449
STU_013096,79.32319208807436
STU_013097,81.29038758435266
STU_013098,86.48007642203447
STU_013099,60.5308828584869
STU_013100,75.89835540697752
STU_013101,81.48935989259614
STU_013102,97.49825446542748
STU_013103,76.48824258299749
STU_013104,79.20620845434213
STU_013105,62.55429533383091
STU_013106,89.54871304280317
STU_013107,56.83836227557848
STU_013108,94.72339637983494
STU_013109,88.55753029328652
STU_013110,61.289515704752986
STU_013111,100.0
STU_013112,98.9402218026847
STU_013113,73.4009188945406
STU_013114,64.69550627912355
STU_013115,79.7218229635495
STU_013116,62.20969565004454
STU_013117,64.05224001477146
STU_013118,71.35161450195952
STU_013119,84.36467669385134
STU_013120,63.69723510501017
STU_013121,88.11888607200757
STU_013122,79.32755745774121
STU_013123,92.68792604902309
STU_013124,93.61602098998345
STU_013125,84.14728486411788
STU_013126,65.72900954580938
STU_013127,68.51344220000823
STU_013128,85.52101924951987
STU_013129,77.8874744148528
STU_013130,96.55241340988148
STU_013131,53.05903075003606
STU_013132,77.35937358802838
STU_013133,93.10834828046289
STU_013134,67.6711205983509
STU_013135,65.68023934820935
STU_013136,64.5193356498896
STU_013137,83.31644109110766
STU_013138,70.4022948812226
STU_013139,75.2536933681642
STU_013140,100.0
STU_013141,76.90462534881883
STU_013142,59.197314307902886
STU_013143,70.17002216127305
STU_013144,70.15846788124408
STU_013145,58.74164081979402
STU_013146,57.31693987071766
STU_013147,78.36195120461689
STU_013148,74.07949184295306
STU_013149,85.45920151177796
STU_013150,82.55093219499206
STU_013151,80.53870668653674
STU_013152,87.30105857200056
STU_013153,74.24519614715086
STU_013154,73.8495270236294
STU_013155,97.2454847190172
STU_013156,77.99559624577601
STU_013157,70.87584470904885
STU_013158,84.67769812464887
STU_013159,82.99708817582365
STU_013160,65.0585393450599
STU_013161,61.96453261662366
STU_013162,58.65064880489497
STU_013163,88.0033908157688
STU_013164,70.1264349345187
STU_013165,71.18501232571549
STU_013166,53.40033985489003
STU_013167,93.81771990790746
STU_013168,76.25883665558479
STU_013169,76.40659097078452
STU_013170,72.12247181305162
STU_013171,81.39316616726724
STU_013172,66.54483434574837
STU_013173,84.61149972447785
STU_013174,63.75448196579079
STU_013175,55.10909758166172
STU_013176,92.58202495839429
STU_013177,63.96031322002432
STU_013178,85.02074019676806
STU_013179,75.09099595610272
STU_013180,87.8731835559789
STU_013181,85.46206147453783
STU_013182,69.66848500890855
STU_013183,78.83340843829453
STU_013184,74.06000414278824
STU_013185,70.0725088784808
STU_013186,63.21131516857714
STU_013187,63.20458371584121
STU_013188,91.7783825106537
STU_013189,99.46385866853548
STU_013190,80.52085807622584
STU_013191,97.12018591825617
STU_013192,84.44176236709627
STU_013193,80.94222236963421
STU_013194,97.84628376515626
STU_013195,86.64495012462349
STU_013196,80.30489380014373
STU_013197,54.0374972477212
STU_013198,70.14546069003907
STU_013199,81.38309461742267
STU_013200,51.11938609947545
STU_013201,84.93080554187613
STU_013202,65.1783870308398
STU_013203,73.23691466159832
STU_013204,63.849385689605356
STU_013205,81.44807958573159
STU_013206,71.29376097845854
STU_013207,71.84014686999105
STU_013208,72.20216014895738
STU_013209,73.88404061423083
STU_013210,51.06387233539664
STU_013211,74.23653230650282
STU_013212,60.23008272676306
STU_013213,72.95933583359975
STU_013214,93.94939388761375
STU_013215,51.65853906343339
STU_013216,99.44032466499996
STU_013217,94.34833900307862
STU_013218,68.94026058590207
STU_013219,83.22104460120124
STU_013220,96.97391491148792
STU_013221,61.62323804523389
STU_013222,64.47578902793664
STU_013223,83.81821478912046
STU_013224,68.07931387316592
STU_013225,54.17692277147204
STU_013226,82.48590262523393
STU_013227,86.78525800223879
STU_013228,72.44119180277494
STU_013229,65.86896814046302
STU_013230,69.91417764395345
STU_013231,66.58412467277597
STU_013232,67.76541778456561
STU_013233,90.93665524649026
STU_013234,64.89737017814807
STU_013235,70.60983840839003
STU_013236,90.5764775228353
STU_013237,66.98274365598036
STU_013238,75.71356923539447
STU_013239,77.37466363115932
STU_013240,61.37913277668264
STU_013241,68.36519503173201
STU_013242,71.32277793687757
STU_013243,60.87127150221462
STU_013244,74.37121068825431
STU_013245,65.24606565661708
STU_013246,69.28119718093625
STU_013247,100.0
STU_013248,93.2296830902155
STU_013249,46.78177403047139
STU_013250,75.64961086455698
STU_013251,81.45633100241717
STU_013252,89.24266609329024
STU_013253,67.62280581852298
STU_013254,98.5237998527921
STU_013255,79.27299334040933
STU_013256,71.4009234801021
STU_013257,78.60272983256081
STU_013258,71.02368035603787
STU_013259,62.80368965089344
STU_013260,67.60772244257754
STU_013261,69.55032422868929
STU_013262,59.825303126228384
STU_013263,58.07520336832086
STU_013264,90.05080818829624
STU_013265,76.74913095642447
STU_013266,72.00763954223545
STU_013267,72.38827120882888
STU_013268,60.93316427492259
STU_013269,86.45940446095128
STU_013270,96.93678834558666
STU_013271,70.7558671112197
STU_013272,80.24179869534618
STU_013273,64.9674502354711
STU_013274,78.79697592758012
STU_013275,65.14952623246877
STU_013276,60.75103286362345
STU_013277,64.52426379587249
STU_013278,61.53715670269108
STU_013279,62.82096603582659
STU_013280,94.00622609192443
STU_013281,93.67377989308638
STU_013282,88.49478953258411
STU_013283,76.74146657553986
STU_013284,76.76985660402222
STU_013285,74.63055197320372
STU_013286,73.2102843095
STU_013287,97.03547146511946
STU_013288,83.14735447456599
STU_013289,94.91828577443395
STU_013290,77.00317779006441
STU_013291,84.63188708386893
STU_013292,80.54244817614513
STU_013293,74.51248262726656
STU_013294,90.89913853314627
STU_013295,74.28849236366764
STU_013296,79.05658700964145
STU_013297,77.50335448147914
STU_013298,57.30821620004035
STU_013299,83.9560758685704
STU_013300,72.70707771593126
STU_013301,81.88464152802472
STU_013302,84.53525192717456
STU_013303,90.44797569548528
STU_013304,84.49959078882013
STU_013305,73.50249098803566
STU_013306,68.79697164504961
STU_013307,76.18598377595329
STU_013308,94.59948832337628
STU_013309,71.17832336677529
STU_013310,57.28034489365222
STU_013311,90.90858355532758
STU_013312,55.260649244966835
STU_013313,71.5143291811367
STU_013314,64.42817383188215
STU_013315,69.02060497570169
STU_013316,78.93877512988925
STU_013317,76.67940712807747
STU_013318,53.61064975283639
STU_013319,71.03241872293742
STU_013320,79.51950025800859
STU_013321,76.5953961253298
STU_013322,96.69984247861801
STU_013323,95.5986459593586
STU_013324,81.7411304227436
STU_013325,80.24994121720444
STU_013326,79.70676756292931
STU_013327,74.61590584651324
STU_013328,69.55479929891553
STU_013329,82.55987242300836
STU_013330,68.51035949092488
STU_013331,71.430483777552
STU_013332,64.86436874576727
STU_013333,60.39556915451947
STU_013334,69.64065800651126
STU_013335,63.28722234307441
STU_013336,81.59972751452575
STU_013337,53.53028381448144
STU_013338,64.61984367408125
STU_013339,71.31899482437146
STU_013340,92.54137141064966
STU_013341,71.36398056866385
STU_013342,83.31722877550543
STU_013343,67.64680728701937
STU_013344,77.77362335325897
STU_013345,65.38994790656707
STU_013346,94.43262077137686
STU_013347,77.7219981756679
STU_013348,83.61679800378201
STU_013349,99.31391742491455
STU_013350,62.59919341974659
STU_013351,83.5095722780726
STU_013352,74.0696931968891
STU_013353,63.29522111950439
STU_013354,60.21022484628318
STU_013355,89.4663278720685
STU_013356,64.94145256898783
STU_013357,62.516481911146634
STU_013358,70.35657997966065
STU_013359,75.27073615499597
STU_013360,75.46449688580937
STU_013361,67.31913669711338
STU_013362,88.49389303248445
STU_013363,74.65533792690539
STU_013364,66.229510193753
STU_013365,84.97502216027311
STU_013366,98.73018081165407
STU_013367,79.20910692675942
STU_013368,86.5002367723814
STU_013369,56.964313149730394
STU_013370,85.26776142653625
STU_013371,71.8190275287268
STU_013372,77.97031110277862
STU_013373,78.74047427281461
STU_013374,94.54968024216048
STU_013375,89.73509296931411
STU_013376,45.80870939738286
STU_013377,80.09708579511533
STU_013378,65.6593850767266
STU_013379,78.03749349042387
STU_013380,88.83106988524295
STU_013381,97.8511148760688
STU_013382,99.5873848148674
STU_013383,63.18412197251729
STU_013384,62.55594645597803
STU_013385,65.21654910393053
STU_013386,95.15812036900239
STU_013387,57.68491214852271
STU_013388,81.46922313455575
STU_013389,63.576882459923524
STU_013390,69.06780454837978
STU_013391,86.82705500212072
STU_013392,93.1304340098261
STU_013393,70.98931284608142
STU_013394,97.13133218659596
STU_013395,63.553334367848606
STU_013396,68.70553656997578
STU_013397,98.93947230446304
STU_013398,92.00828894877249
STU_013399,61.77286439031623
STU_013400,64.78990223749962
STU_013401,100.0
STU_013402,78.05143169475667
STU_013403,91.18874109878756
STU_013404,66.25125664792688
STU_013405,81.38183624200751
STU_013406,100.0
STU_013407,72.55212624430361
STU_013408,69.40067795913804
STU_013409,61.06644687331101
STU_013410,76.10467528749537
STU_013411,62.89222871261785
STU_013412,68.65752065788794
STU_013413,76.74081312957713
STU_013414,89.01772140418225
STU_013415,75.98343493534703
STU_013416,52.97671596746018
STU_013417,69.80380644249605
STU_013418,51.354389604946306
STU_013419,64.06925529515216
STU_013420,99.9652705435611
STU_013421,95.02397567028659
STU_013422,90.11954826806233
STU_013423,58.07830504760064
STU_013424,95.51024946516338
STU_013425,81.64342020230004
STU_013426,53.86752172837577
STU_013427,72.0831671664173
STU_013428,73.06741129836313
STU_013429,89.35942172902662
STU_013430,65.45622695427826
STU_013431,64.2413697004175
STU_013432,77.61304433186021
STU_013433,92.87833637681929
STU_013434,86.94099401144261
STU_013435,91.90751492254128
STU_013436,72.0355751085535
STU_013437,70.95191359664003
STU_013438,77.01691799424908
STU_013439,88.45639258875963
STU_013440,74.40527200230862
STU_013441,94.90932884340259
STU_013442,98.6166546267878
STU_013443,66.21752951610831
STU_013444,83.89276086516922
STU_013445,81.83135673906953
STU_013446,88.18037268413111
STU_013447,86.52645569049439
STU_013448,81.84879385032805
STU_013449,75.30953932126033
STU_013450,95.69260297774022
STU_013451,68.54415436878155
STU_013452,78.2120488925524
STU_013453,81.59582673416787
STU_013454,69.6390093085009
STU_013455,95.52730395627898
STU_013456,68.65208008936072
STU_013457,69.74529580760854
STU_013458,76.62553110003212
STU_013459,61.03163000082482
STU_013460,59.2189529567144
STU_013461,76.4419921892551
STU_013462,57.231578908512226
STU_013463,83.4612192683525
STU_013464,59.57377740850309
STU_013465,66.58232959193224
STU_013466,84.50988370417686
STU_013467,59.115308340482414
STU_013468,89.18370274693555
STU_013469,77.7617693111801
STU_013470,89.2185018347223
STU_013471,82.54053525594712
STU_013472,79.45303114152387
STU_013473,64.15091778013586
STU_013474,76.64888754051226
STU_013475,83.75042003998183
STU_013476,80.07019768941082
STU_013477,63.93112261484722
STU_013478,76.37612790245335
STU_013479,72.5629530219453
STU_013480,86.02885996953087
STU_013481,79.58347173452574
STU_013482,77.83710242115173
STU_013483,75.91603326347656
STU_013484,86.76384741431427
STU_013485,94.56513200664168
STU_013486,49.91067312583776
STU_013487,77.5095451606347
STU_013488,78.74750604959468
STU_013489,73.69292766082928
STU_013490,77.4021888870405
STU_013491,83.671927693265
STU_013492,78.53434414914135
STU_013493,65.89093757514128
STU_013494,73.46871936242559
STU_013495,81.85573098098574
STU_013496,85.20951102252047
STU_013497,50.45180930032982
STU_013498,69.39228623268649
STU_013499,81.89683992725567
STU_013500,67.14881536926565
STU_013501,83.24057888255825
STU_013502,82.2621401826571
STU_013503,70.018738856287
STU_013504,87.2183719459637
STU_013505,70.43681944850597
STU_013506,94.64164341975547
STU_013507,64.50287244200555
STU_013508,73.50408824924804
STU_013509,84.2701529302819
STU_013510,66.79406547897035
STU_013511,82.12717094696907
STU_013512,65.14279675556263
STU_013513,52.95286495658519
STU_013514,86.5421495893127
STU_013515,72.34535557072982
STU_013516,100.0
STU_013517,81.60008075761283
STU_013518,70.00562965217654
STU_013519,100.0
STU_013520,73.86566443543815
STU_013521,64.02802328276664
STU_013522,61.17658995790811
STU_013523,96.586231867144
STU_013524,78.75188273912696
STU_013525,75.37365195823322
STU_013526,76.29315074431544
STU_013527,68.78692630066712
STU_013528,53.4512836140409
STU_013529,96.05632220020975
STU_013530,74.01937871849378
STU_013531,96.7841064739986
STU_013532,58.219234520805976
STU_013533,71.39104192959695
STU_013534,89.33260853815457
STU_013535,95.45269501144325
STU_013536,86.91595924238742
STU_013537,75.16388137689174
STU_013538,97.73604893393819
STU_013539,68.87875677586463
STU_013540,100.0
STU_013541,66.46318684773999
STU_013542,84.3498947752051
STU_013543,72.16513071721312
STU_013544,76.54258464977671
STU_013545,89.14617401279875
STU_013546,95.55616578132485
STU_013547,95.37473725023239
STU_013548,81.22238269291111
STU_013549,63.706297928058945
STU_013550,77.50721656086658
STU_013551,66.82303211053159
STU_013552,83.94960821166569
STU_013553,73.69291279615659
STU_013554,76.28011932040539
STU_013555,63.906406980819916
STU_013556,88.1269248097259
STU_013557,69.71368923385282
STU_013558,67.92113724771673
STU_013559,84.52382391927462
STU_013560,53.6867837386126
STU_013561,72.87958782253305
STU_013562,88.82424955283084
STU_013563,85.89096127448856
STU_013564,56.345855842673124
STU_013565,81.49222686900303
STU_013566,67.35708309832052
STU_013567,95.753697395122
STU_013568,75.75047115793913
STU_013569,75.16752630220996
STU_013570,70.6019050208363
STU_013571,74.6750968006305
STU_013572,61.153925705534824
STU_013573,64.9851778704679
STU_013574,74.7795863975881
STU_013575,54.581762097315405
STU_013576,71.85459127336432
STU_013577,61.90968836209306
STU_013578,69.88672456422685
STU_013579,75.22621436807741
STU_013580,83.70971189103183
STU_013581,59.80809886915058
STU_013582,75.12957589276283
STU_013583,66.08611469800174
STU_013584,71.62894667508718
STU_013585,61.96886338804089
STU_013586,59.42170673659725
STU_013587,98.41796668103504
STU_013588,68.97107293729259
STU_013589,75.9890454049156
STU_013590,79.50930350353929
STU_013591,89.97290337176075
STU_013592,100.0
STU_013593,95.82504886877172
STU_013594,70.41804746216182
STU_013595,57.49134969978692
STU_013596,82.02354150930216
STU_013597,68.40646941698242
STU_013598,75.52541765604107
STU_013599,72.98199689912913
STU_013600,96.06188408806977
STU_013601,68.79223352978984
STU_013602,64.21838784644078
STU_013603,93.63866792677706
STU_013604,66.42563491817974
STU_013605,88.92159211936051
STU_013606,74.41444302142395
STU_013607,45.20301408989024
STU_013608,75.71567868565738
STU_013609,80.17982647967031
STU_013610,92.79539381584756
STU_013611,92.26186472341608
STU_013612,62.91720252171726
STU_013613,78.56182646233026
STU_013614,51.0845843320333
STU_013615,79.85044630972098
STU_013616,80.30149667002769
STU_013617,63.95551727239082
STU_013618,64.11733269914627
STU_013619,68.31020079984476
STU_013620,73.0680655468321
STU_013621,74.17687141506053
STU_013622,60.79705575048626
STU_013623,49.424802966202606
STU_013624,52.899649003693085
STU_013625,80.38834803027433
STU_013626,79.00644746082824
STU_013627,84.68690385240308
STU_013628,96.47757784456395
STU_013629,80.97416302096548
STU_013630,68.37299193506243
STU_013631,66.47656584545534
STU_013632,57.21609472167875
STU_013633,94.13993431482378
STU_013634,68.05127275483763
STU_013635,98.83278289400656
STU_013636,68.00076914672793
STU_013637,79.39642306352758
STU_013638,77.53270973733312
STU_013639,64.65348963359048
STU_013640,81.74156589240151
STU_013641,87.15926502760982
STU_013642,72.2880314567551
STU_013643,80.27631175202244
STU_013644,61.8519864088622
STU_013645,73.57031740270352
STU_013646,92.26001686051798
STU_013647,78.17217384616274
STU_013648,98.81078733347834
STU_013649,76.12384431347341
STU_013650,94.85882634752801
STU_013651,72.72920532121324
STU_013652,65.53160580017116
STU_013653,87.50573607942823
STU_013654,73.08206613516633
STU_013655,72.95619929735773
STU_013656,96.48343944482124
STU_013657,66.08039286004511
STU_013658,86.19899771351386
STU_013659,67.91698717634696
STU_013660,65.3467737959916
STU_013661,74.17406134032885
STU_013662,81.97805481308669
STU_013663,74.16324562370114
STU_013664,90.83669045334433
STU_013665,76.77520524952331
STU_013666,89.45478669346217
STU_013667,60.43777879714178
STU_013668,89.597618826896
STU_013669,61.90548611686399
STU_013670,88.1452346575955
STU_013671,100.0
STU_013672,75.54234918464874
STU_013673,93.56740786186347
STU_013674,77.30121972303645
STU_013675,64.47043392235979
STU_013676,72.1142373576786
STU_013677,80.1531641682556
STU_013678,72.39298046879266
STU_013679,63.32444606962816
STU_013680,53.36452979182654
STU_013681,97.78848498180203
STU_013682,44.52391271537698
STU_013683,59.84480546852961
STU_013684,76.25822734336533
STU_013685,85.81842026634472
STU_013686,94.88385448810807
STU_013687,74.64026789818622
STU_013688,62.0381657194354
STU_013689,95.90761650285972
STU_013690,90.52385226997362
STU_013691,62.668650942956425
STU_013692,65.04823272558386
STU_013693,89.37072209673074
STU_013694,78.36185218259433
STU_013695,69.05917403725834
STU_013696,99.57940627760772
STU_013697,69.2891781041283
STU_013698,59.81878275510426
STU_013699,72.85607872543143
STU_013700,84.52881018003576
STU_013701,78.14300358169311
STU_013702,95.73154100184851
STU_013703,69.66390197490027
STU_013704,77.50582012336086
STU_013705,83.63603533325606
STU_013706,66.59535821488423
STU_013707,65.37472828978794
STU_013708,59.376349749972775
STU_013709,91.02483499703061
STU_013710,76.76597513375748
STU_013711,99.72827429172413
STU_013712,71.87992637649747
STU_013713,65.60470488433407
STU_013714,68.59360030642799
STU_013715,98.381887171278
STU_013716,70.13649712170992
STU_013717,58.04640051010682
STU_013718,80.06271870212193
STU_013719,73.1675171802403
STU_013720,53.67159924339642
STU_013721,59.073519068325616
STU_013722,78.0464028099952
STU_013723,82.5312366552737
STU_013724,90.90270636869596
STU_013725,68.27405636673464
STU_013726,68.32971726135916
STU_013727,68.48066577377037
STU_013728,94.35178790334705
STU_013729,90.87163677236424
STU_013730,77.43908385730929
STU_013731,86.83901189575384
STU_013732,77.94703022913842
STU_013733,84.62404011139354
STU_013734,57.555953801188274
STU_013735,76.41181990403179
STU_013736,98.38107897849873
STU_013737,86.40196042723665
STU_013738,76.00594017331456
STU_013739,71.4218965887354
STU_013740,81.417970694591
STU_013741,77.03466010912994
STU_013742,92.94028780254173
STU_013743,92.25075124387153
STU_013744,64.02798690127742
STU_013745,90.7167228088877
STU_013746,86.78970552871075
STU_013747,96.13513610461561
STU_013748,72.36347685004417
STU_013749,95.9834458822133
STU_013750,72.99804140982839
STU_013751,77.1127907268963
STU_013752,79.84100212795806
STU_013753,83.08750091131948
STU_013754,75.82096835265779
STU_013755,66.95430230324666
STU_013756,66.61161033073317
STU_013757,98.72257890124
STU_013758,92.22392106743597
STU_013759,58.772411646712364
STU_013760,57.330240157902814
STU_013761,96.07220692795629
STU_013762,75.80499371638064
STU_013763,74.84075093470774
STU_013764,64.40323682966209
STU_013765,63.91949520143206
STU_013766,79.33315068545161
STU_013767,86.41676828221922
STU_013768,69.98194147071254
STU_013769,56.411086572131715
STU_013770,86.86852037020032
STU_013771,94.27919827990955
STU_013772,65.61338169201167
STU_013773,68.06857713794439
STU_013774,76.36776597237682
STU_013775,73.68968743549101
STU_013776,58.39519347828252
STU_013777,73.36444489410663
STU_013778,90.1119627600396
STU_013779,94.93532124814485
STU_013780,67.98805536874944
STU_013781,58.2445740341671
STU_013782,75.52302168662636
STU_013783,90.36875435159092
STU_013784,77.17697646357496
STU_013785,70.39584651813257
STU_013786,79.87317561475047
STU_013787,94.28575097336478
STU_013788,57.374114084141596
STU_013789,85.80059184024293
STU_013790,63.795191384562614
STU_013791,84.68935892404724
STU_013792,100.0
STU_013793,70.66420861768167
STU_013794,79.40425203910297
STU_013795,80.03939006365303
STU_013796,71.37011894761919
STU_013797,85.05972245214926
STU_013798,57.87182744888878
STU_013799,78.25109690956522
STU_013800,85.08751406970039
STU_013801,98.57690472065292
STU_013802,79.1828451483107
STU_013803,73.92840558973596
STU_013804,71.96775674834
STU_013805,86.30376348359049
STU_013806,70.53092998329153
STU_013807,73.38920432822654
STU_013808,70.6314964756524
STU_013809,74.13794947847873
STU_013810,84.77071771295265
STU_013811,72.99543892941507
STU_013812,79.26409635193869
STU_013813,69.7916966157485
STU_013814,67.32492666906148
STU_013815,78.53728673218325
STU_013816,68.12380345335441
STU_013817,79.68640627446842
STU_013818,55.76542944056389
STU_013819,80.30403289288198
STU_013820,71.9534159710487
STU_013821,73.71084845104822
STU_013822,95.13960372623312
STU_013823,88.02873765833478
STU_013824,69.87601029252684
STU_013825,61.5034578748173
STU_013826,81.15059459755773
STU_013827,78.50785486553991
STU_013828,88.50785402907383
STU_013829,79.27893677821451
STU_013830,84.12867765849872
STU_013831,77.92353858933602
STU_013832,92.27804094143553
STU_013833,81.0026501910008
STU_013834,67.87408807558968
STU_013835,80.25913065966229
STU_013836,68.85114845804974
STU_013837,94.70181676290949
STU_013838,55.91772700064026
STU_013839,61.33019724884602
STU_013840,56.01680805840292
STU_013841,97.96992620179977
STU_013842,78.871076202992
STU_013843,76.34844904566782
STU_013844,74.97387325568283
STU_013845,92.74519419635098
STU_013846,84.96831146621722
STU_013847,46.40493727397625
STU_013848,100.0
STU_013849,62.14179874384437
STU_013850,73.75955767653369
STU_013851,64.66403577335704
STU_013852,89.73257565846271
STU_013853,68.71645784921974
STU_013854,78.17126120374927
STU_013855,74.33985218316735
STU_013856,59.33585057766872
STU_013857,76.34836211987387
STU_013858,81.65202049063083
STU_013859,76.16941583940476
STU_013860,73.17733277741969
STU_013861,70.8561199724272
STU_013862,82.70750873449909
STU_013863,83.29151693906228
STU_013864,66.05980185914315
STU_013865,89.13962640702513
STU_013866,56.05906450193021
STU_013867,73.62075540246427
STU_013868,96.03242346682521
STU_013869,73.97986504100695
STU_013870,51.21180026074907
STU_013871,71.8913375508555
STU_013872,96.91344928969968
STU_013873,70.10102613933256
STU_013874,65.92501387114879
STU_013875,63.21281755863874
STU_013876,77.28031505960563
STU_013877,57.55748771820163
STU_013878,61.33949281152707
STU_013879,63.987440706117326
STU_013880,94.6998739351706
STU_013881,74.22343764214993
STU_013882,77.93631733364589
STU_013883,74.27153353808407
STU_013884,79.37413721504745
STU_013885,90.53898372149372
STU_013886,86.49270522309685
STU_013887,77.89060413145451
STU_013888,80.50361322610621
STU_013889,78.13929262814528
STU_013890,93.82807319924696
STU_013891,94.07210298110732
STU_013892,73.59755158623527
STU_013893,61.98758180099798
STU_013894,94.40295738551968
STU_013895,56.313777181747724
STU_013896,91.40265318858094
STU_013897,75.47464010246583
STU_013898,76.25539069694307
STU_013899,83.75057906972653
STU_013900,67.51854411294168
STU_013901,77.32164168909686
STU_013902,72.9043138552794
STU_013903,70.54666741332049
STU_013904,71.93196442070393
STU_013905,87.770756210143
STU_013906,78.43488066525968
STU_013907,65.96241515941662
STU_013908,66.44865066643722
STU_013909,91.21806822089049
STU_013910,63.50438554323207
STU_013911,81.80912100454648
STU_013912,79.56610262161357
STU_013913,71.97387725504552
STU_013914,60.3694565080332
STU_013915,67.4230819892352
STU_013916,95.46269063094127
STU_013917,53.49381532163087
STU_013918,54.832755810983954
STU_013919,75.54361181144459
STU_013920,78.54102076916287
STU_013921,61.60056987185538
STU_013922,97.42811432449648
STU_013923,85.87066069762713
STU_013924,83.07455508194458
STU_013925,70.08403620879363
STU_013926,80.54619786567186
STU_013927,99.02295040685843
STU_013928,45.68863178134013
STU_013929,60.20814568839015
STU_013930,71.33118916043574
STU_013931,63.48691480818851
STU_013932,65.24046513772903
STU_013933,52.41733958511361
STU_013934,62.991796827851616
STU_013935,77.77547556139083
STU_013936,85.98428865419261
STU_013937,80.66501136047552
STU_013938,76.0449645017765
STU_013939,65.2195856330782
STU_013940,68.32550542594872
STU_013941,68.68907719704656
STU_013942,100.0
STU_013943,59.90023724049247
STU_013944,89.56933822146156
STU_013945,77.58203563918535
STU_013946,98.49944755698547
STU_013947,83.95060279398109
STU_013948,77.83573290398677
STU_013949,48.66216321016766
STU_013950,87.82377015689345
STU_013951,58.10394554677692
STU_013952,93.91229669459197
STU_013953,72.67303918312713
STU_013954,53.65532021473897
STU_013955,66.47363021642738
STU_013956,77.26411817614114
STU_013957,83.21878611917579
STU_013958,72.57041776693114
STU_013959,73.33898903468764
STU_013960,76.56004166065539
STU_013961,72.47046432723272
STU_013962,66.15280285589462
STU_013963,67.7681392727307
STU_013964,75.26691127304099
STU_013965,63.23923586312449
STU_013966,67.59039879977371
STU_013967,74.37745578938944
STU_013968,92.73012902965834
STU_013969,49.950667880990444
STU_013970,87.86790001971544
STU_013971,64.02656462111634
STU_013972,74.00634221005643
STU_013973,69.2554041805667
STU_013974,92.91931986861631
STU_013975,80.4769741363017
STU_013976,70.62818209525949
STU_013977,85.1382939898509
STU_013978,93.21098016759274
STU_013979,85.74644282408592
STU_013980,75.4129573591047
STU_013981,73.06527282210295
STU_013982,71.00409300801483
STU_013983,75.49231116059455
STU_013984,70.29954480635334
STU_013985,79.2796016737395
STU_013986,68.91207158464195
STU_013987,96.2908838611222
STU_013988,68.50550545401924
STU_013989,67.47436842900457
STU_013990,68.74388868567803
STU_013991,76.52167849468803
STU_013992,76.25266844396347
STU_013993,76.41967700912353
STU_013994,71.86618398507355
STU_013995,59.43928752547079
STU_013996,74.88295840117506
STU_013997,95.32471692422648
STU_013998,60.52626922183982
STU_013999,75.56345513531774
STU_014000,75.9319644831604
STU_014001,65.97148663088228
STU_014002,60.152018517962766
STU_014003,70.48363395813276
STU_014004,63.86153171894645
STU_014005,71.07886026266793
STU_014006,66.3116484457443
STU_014007,88.33628078537606
STU_014008,61.76532757296228
STU_014009,100.0
STU_014010,76.27871875865526
STU_014011,81.57546366033061
STU_014012,91.30564032399978
STU_014013,51.030568497650535
STU_014014,89.48570926747239
STU_014015,83.0380562755904
STU_014016,62.94055713633023
STU_014017,82.75869924188483
STU_014018,76.74879644153684
STU_014019,89.11851342592568
STU_014020,85.20926115379852
STU_014021,92.5244165311641
STU_014022,71.64182366502618
STU_014023,61.742584789099475
STU_014024,77.01573910729019
STU_014025,83.00182983836994
STU_014026,76.63801848053545
STU_014027,100.0
STU_014028,86.09323098797422
STU_014029,76.33278919504919
STU_014030,73.1167814795659
STU_014031,75.41659495102527
STU_014032,70.95102060872759
STU_014033,72.68131515091514
STU_014034,91.31136856721011
STU_014035,95.60870655050056
STU_014036,54.25165751804834
STU_014037,57.73790436518256
STU_014038,85.2648796074551
STU_014039,90.23480412340984
STU_014040,73.38100877340689
STU_014041,72.74125908267544
STU_014042,63.12516028886443
STU_014043,70.82021698161766
STU_014044,100.0
STU_014045,76.3842690280447
STU_014046,64.62374008196103
STU_014047,86.87508445312872
STU_014048,63.24243536390624
STU_014049,84.17192533613208
STU_014050,75.55292565539119
STU_014051,71.53363518732664
STU_014052,81.32926745984217
STU_014053,86.01843504064641
STU_014054,86.69252152853001
STU_014055,100.0
STU_014056,76.95025898696153
STU_014057,70.08112355271214
STU_014058,79.08897830542152
STU_014059,65.72642561306004
STU_014060,78.54927484016467
STU_014061,67.780594294209
STU_014062,86.34508470547082
STU_014063,72.34960608131674
STU_014064,67.89480052800599
STU_014065,62.49268439193831
STU_014066,44.499252711266806
STU_014067,95.5802745970019
STU_014068,72.69633018230242
STU_014069,79.23333746792616
STU_014070,78.42323072137762
STU_014071,47.739267626818965
STU_014072,72.24276815714794
STU_014073,76.30997421584632
STU_014074,72.55643942413367
STU_014075,72.52435248473402
STU_014076,67.8330194482956
STU_014077,53.67274051127877
STU_014078,55.65847281503434
STU_014079,77.67364811472787
STU_014080,88.20326174902863
STU_014081,100.0
STU_014082,80.47510742440461
STU_014083,62.300114198115
STU_014084,78.17920714572357
STU_014085,98.77044481743059
STU_014086,60.00426623086039
STU_014087,68.24012928282959
STU_014088,73.65725521239713
STU_014089,72.37313335147095
STU_014090,69.14948395343866
STU_014091,88.89943005297557
STU_014092,68.5103691892054
STU_014093,72.87472790644183
STU_014094,62.37837761170644
STU_014095,76.21893831290723
STU_014096,84.36637027942349
STU_014097,85.86576075512626
STU_014098,73.98281443816362
STU_014099,73.0549942540539
STU_014100,67.7198598599887
STU_014101,78.18210576418976
STU_014102,83.04286943012698
STU_014103,73.40656586345547
STU_014104,90.50626387580165
STU_014105,47.188777838142265
STU_014106,70.21496263920355
STU_014107,87.69134705652525
STU_014108,77.87606729141099
STU_014109,79.30854527957703
STU_014110,83.15719961988927
STU_014111,85.31838452883797
STU_014112,60.07786944172393
STU_014113,58.54294066107995
STU_014114,66.87945711271986
STU_014115,76.11669544694718
STU_014116,99.11192417058288
STU_014117,68.20679893464809
STU_014118,90.40281890988915
STU_014119,70.4493615253661
STU_014120,69.0959119112868
STU_014121,58.69206483478024
STU_014122,62.798659126731835
STU_014123,58.0438970202199
STU_014124,60.233790590776294
STU_014125,84.60430576163307
STU_014126,60.5772129922452
STU_014127,69.25319071992828
STU_014128,59.07698758235291
STU_014129,83.87480762983603
STU_014130,81.73330167357346
STU_014131,88.08490748688433
STU_014132,84.91527280307983
STU_014133,73.08301236210686
STU_014134,47.31762843281382
STU_014135,77.17101944901486
STU_014136,74.52185092676073
STU_014137,97.38766022613056
STU_014138,55.94777061861931
STU_014139,73.17661121337092
STU_014140,76.43224813778909
STU_014141,88.66491431669411
STU_014142,74.72444243354795
STU_014143,81.47707883996779
STU_014144,96.84639670857896
STU_014145,69.2167471252615
STU_014146,91.09722110124422
STU_014147,81.34541518485561
STU_014148,87.68938475504383
STU_014149,74.81136579135176
STU_014150,66.39310430621677
STU_014151,95.02501629906962
STU_014152,84.89805175722134
STU_014153,57.69706343219369
STU_014154,81.90128357667218
STU_014155,67.51131421240444
STU_014156,90.33444796173269
STU_014157,78.26235484275902
STU_014158,79.23450631451537
STU_014159,81.00675637241207
STU_014160,91.8673940597973
STU_014161,82.1068189203473
STU_014162,93.8478847795562
STU_014163,75.32766685339129
STU_014164,53.128945349612465
STU_014165,94.90613036123216
STU_014166,67.17971159562221
STU_014167,78.53744944075488
STU_014168,68.29608631513803
STU_014169,55.761754002337085
STU_014170,84.24867287409964
STU_014171,83.77330734101344
STU_014172,78.91098333003849
STU_014173,64.8694241545835
STU_014174,78.43753591769776
STU_014175,81.46429776769078
STU_014176,64.4659811477766
STU_014177,75.49116583311988
STU_014178,72.5023776778029
STU_014179,84.99936416601363
STU_014180,80.08573244526085
STU_014181,75.82802257341902
STU_014182,93.21328227115741
STU_014183,65.65085644167229
STU_014184,84.46698136373078
STU_014185,75.4037693711623
STU_014186,91.86715827759356
STU_014187,95.67788625591075
STU_014188,81.0825792027464
STU_014189,65.59687398282155
STU_014190,69.11046692250055
STU_014191,65.52571444183327
STU_014192,63.29413157638963
STU_014193,85.43489752101922
STU_014194,72.6529635151849
STU_014195,62.832164523623206
STU_014196,81.31958336989929
STU_014197,69.09302629907312
STU_014198,71.64955854614107
STU_014199,59.06444848187009
STU_014200,74.84356465260355
STU_014201,75.96558394136925
STU_014202,82.95104480672337
STU_014203,61.380306743635224
STU_014204,85.92612350427548
STU_014205,66.51158543934001
STU_014206,76.91226655304541
STU_014207,74.45878430468879
STU_014208,72.75428737210457
STU_014209,70.80876102597735
STU_014210,96.75867329676653
STU_014211,79.36656185647288
STU_014212,95.63166468009392
STU_014213,76.04841377366508
STU_014214,63.488065709633496
STU_014215,72.42300175031609
STU_014216,68.52157798159979
STU_014217,88.76057547350673
STU_014218,100.0
STU_014219,68.01106825081402
STU_014220,77.4098913992025
STU_014221,83.92673576814212
STU_014222,78.25703773927023
STU_014223,86.83474692732244
STU_014224,92.91786800095244
STU_014225,72.13951751803073
STU_014226,55.990502539825
STU_014227,71.8652407496141
STU_014228,62.668594507421545
STU_014229,90.55729489683294
STU_014230,92.67466975723548
STU_014231,75.80303877738704
STU_014232,78.8129464122189
STU_014233,56.447095170872025
STU_014234,100.0
STU_014235,77.42742813501924
STU_014236,71.53864340582322
STU_014237,87.1965384864836
STU_014238,53.13272804362121
STU_014239,90.43281830915953
STU_014240,72.20596124779291
STU_014241,83.45293823577862
STU_014242,90.07035800894926
STU_014243,65.98556289762601
STU_014244,74.21037813520194
STU_014245,79.1869953827098
STU_014246,77.54648354442098
STU_014247,66.31228867255886
STU_014248,92.07853077402712
STU_014249,79.19165511911633
STU_014250,82.36245231892754
STU_014251,79.19861971401902
STU_014252,65.07386819946693
STU_014253,88.53502532821287
STU_014254,69.96413978885096
STU_014255,97.20330267163115
STU_014256,67.11503214921538
STU_014257,71.66146805662532
STU_014258,85.41353159081716
STU_014259,67.37304296547568
STU_014260,87.57531090857191
STU_014261,83.92775870794566
STU_014262,75.38897661260108
STU_014263,64.3550806862401
STU_014264,88.8991906781949
STU_014265,68.16752118086052
STU_014266,84.64044798772497
STU_014267,97.20862721215563
STU_014268,89.50751050791416
STU_014269,72.38429512883674
STU_014270,73.7917356855122
STU_014271,58.85536893077294
STU_014272,72.48113205928001
STU_014273,70.86062589994408
STU_014274,66.79716590330857
STU_014275,85.92828753743714
STU_014276,68.23451208077351
STU_014277,91.68719530123651
STU_014278,63.17983221669205
STU_014279,90.44641286334037
STU_014280,54.529810722428415
STU_014281,90.05606884192186
STU_014282,69.53226429944864
STU_014283,55.188320242007215
STU_014284,82.9576979687108
STU_014285,93.38945211454903
STU_014286,63.1143094599978
STU_014287,83.20737983931934
STU_014288,51.8591263744605
STU_014289,74.7215134770376
STU_014290,75.18122670509008
STU_014291,63.972359998697186
STU_014292,73.87953666164901
STU_014293,74.78182026321696
STU_014294,60.30366559372732
STU_014295,69.08568845712233
STU_014296,69.55900158525318
STU_014297,62.64648171083559
STU_014298,75.54919210504954
STU_014299,77.39944719697166
STU_014300,91.97877432191191
STU_014301,57.81545122934162
STU_014302,100.0
STU_014303,88.42219264663083
STU_014304,61.18023066667347
STU_014305,78.15190927730758
STU_014306,74.48441728821646
STU_014307,99.98224898650287
STU_014308,69.16664326190596
STU_014309,90.98485342445308
STU_014310,75.20143668908139
STU_014311,100.0
STU_014312,72.94737817961737
STU_014313,68.44175251497062
STU_014314,66.94113005339291
STU_014315,84.67890179834754
STU_014316,72.09508029992584
STU_014317,70.6580325742088
STU_014318,75.78397671043872
STU_014319,60.16024468945372
STU_014320,77.38467527072025
STU_014321,64.69468142179595
STU_014322,96.99494827186211
STU_014323,81.74457888833253
STU_014324,80.11213772787065
STU_014325,83.48781267404814
STU_014326,87.85727856287679
STU_014327,70.72250787903329
STU_014328,52.874094215625924
STU_014329,92.32442779602725
STU_014330,55.48657664498467
STU_014331,65.83732490564739
STU_014332,58.88066476916165
STU_014333,63.53188079085291
STU_014334,97.66929614442209
STU_014335,80.39136839241256
STU_014336,90.36374073475902
STU_014337,79.15458905631762
STU_014338,67.80591363134455
STU_014339,62.45400979043364
STU_014340,65.78723978310204
STU_014341,93.24697594497728
STU_014342,61.14582993903284
STU_014343,73.62975306370873
STU_014344,50.25991924670323
STU_014345,78.35084327968478
STU_014346,87.63139847150919
STU_014347,68.4548399070594
STU_014348,75.19110768308363
STU_014349,69.090955836297
STU_014350,67.79991255273453
STU_014351,73.69009057950765
STU_014352,90.83116771048103
STU_014353,90.0220681838191
STU_014354,90.65148869589123
STU_014355,63.397885938064746
STU_014356,50.6761406914644
STU_014357,84.93240144888185
STU_014358,54.92018962359574
STU_014359,74.65973681537625
STU_014360,60.69010903453335
STU_014361,66.313944304772
STU_014362,100.0
STU_014363,50.90641356768747
STU_014364,82.25680310872988
STU_014365,59.46899136751046
STU_014366,74.83150947466982
STU_014367,72.18971957648031
STU_014368,86.09373663878752
STU_014369,88.53359033198714
STU_014370,93.01780092865582
STU_014371,74.97459941625256
STU_014372,84.80432010795435
STU_014373,68.24824821997503
STU_014374,79.98132751286786
STU_014375,81.64559652894668
STU_014376,92.10154702543178
STU_014377,80.8884782186823
STU_014378,100.0
STU_014379,78.55418437456215
STU_014380,86.52617378476761
STU_014381,47.45886914315994
STU_014382,78.52052985741582
STU_014383,74.95470838522756
STU_014384,85.0097551012902
STU_014385,92.10580070989737
STU_014386,60.482663704834685
STU_014387,80.63764071821338
STU_014388,70.69680949798037
STU_014389,74.83543921563549
STU_014390,71.64715869630663
STU_014391,47.85223682461844
STU_014392,89.7247106365333
STU_014393,90.43477934676582
STU_014394,74.67179309462787
STU_014395,96.7672420568166
STU_014396,91.1849958313879
STU_014397,81.66341982959042
STU_014398,97.58489325264725
STU_014399,71.50498056382906
STU_014400,93.86390406438879
STU_014401,82.40028836550839
STU_014402,74.23057567512897
STU_014403,77.77666632553564
STU_014404,79.48670715081046
STU_014405,67.21975022228546
STU_014406,80.31986324814824
STU_014407,96.52294096625985
STU_014408,63.42550609813232
STU_014409,60.401678114097805
STU_014410,72.11287684406956
STU_014411,66.09826399445126
STU_014412,71.72664742255401
STU_014413,80.11137469791989
STU_014414,63.80025071865443
STU_014415,65.7364567965502
STU_014416,78.74623681851898
STU_014417,91.2080164306762
STU_014418,89.47309687463635
STU_014419,53.27021381542354
STU_014420,90.18724354786195
STU_014421,96.25919778544149
STU_014422,68.21813136151016
STU_014423,93.37471726790098
STU_014424,76.3311035430567
STU_014425,94.65312152403574
STU_014426,72.28445007399935
STU_014427,88.80724990865961
STU_014428,95.1527207577602
STU_014429,94.87739471966678
STU_014430,59.42130777384314
STU_014431,62.592423317489974
STU_014432,68.87343094133635
STU_014433,68.13135691274805
STU_014434,77.17114757282542
STU_014435,95.8187225470278
STU_014436,58.671013347243814
STU_014437,71.47862269940342
STU_014438,73.7124243890134
STU_014439,79.7850890618619
STU_014440,49.95766866623455
STU_014441,62.800007789934675
STU_014442,77.70606536370671
STU_014443,59.44878208352294
STU_014444,55.34849104582942
STU_014445,72.12654040584519
STU_014446,67.91178551632396
STU_014447,93.5596700019004
STU_014448,63.027113007382205
STU_014449,54.888483175396786
STU_014450,70.9047994508542
STU_014451,86.38152782642241
STU_014452,88.19853185488526
STU_014453,100.0
STU_014454,88.01328677746709
STU_014455,87.74780222778934
STU_014456,82.52440674626948
STU_014457,65.69553842211826
STU_014458,66.35354598019063
STU_014459,74.83776240987456
STU_014460,100.0
STU_014461,93.80956616332787
STU_014462,80.04334608887677
STU_014463,84.97309472535393
STU_014464,71.62145296902423
STU_014465,94.02692523227968
STU_014466,66.78809761569121
STU_014467,73.80652167038798
STU_014468,74.44774261689788
STU_014469,86.12523956043722
STU_014470,74.64017422516872
STU_014471,81.68155400078037
STU_014472,64.91906588307243
STU_014473,65.61955893162272
STU_014474,88.14495740695936
STU_014475,62.87402926716583
STU_014476,65.15028468997272
STU_014477,92.83988704603213
STU_014478,82.27749065043574
STU_014479,96.87152797270011
STU_014480,76.04895742552912
STU_014481,87.93407407444747
STU_014482,55.338609462141996
STU_014483,92.52989724848192
STU_014484,50.21698931341881
STU_014485,77.23001914498506
STU_014486,90.93132221246462
STU_014487,83.37512801643618
STU_014488,73.10678739187658
STU_014489,49.18657131539357
STU_014490,88.59258747170725
STU_014491,82.78437788240379
STU_014492,76.48209975633459
STU_014493,59.93830166593362
STU_014494,83.29346361081518
STU_014495,69.66085857605748
STU_014496,68.79010719522317
STU_014497,63.064867792453335
STU_014498,84.15555264668659
STU_014499,81.99799465763904
STU_014500,66.29124683586734
STU_014501,65.98916835240513
STU_014502,69.48429787863483
STU_014503,74.87344050417228
STU_014504,97.57467351416014
STU_014505,73.40461109918024
STU_014506,72.5752875727394
STU_014507,70.96407771249352
STU_014508,67.6244865004425
STU_014509,74.92860266966383
STU_014510,59.58118774679873
STU_014511,80.32260194583075
STU_014512,73.72291639851989
STU_014513,83.57386264050135
STU_014514,78.01368420689671
STU_014515,69.8998454080981
STU_014516,81.6931673549285
STU_014517,81.76685370917406
STU_014518,75.59436308679592
STU_014519,62.24800968038253
STU_014520,76.85585855120144
STU_014521,95.89743633656806
STU_014522,66.7765012387044
STU_014523,95.01904925410686
STU_014524,90.86763526952669
STU_014525,69.3723273467984
STU_014526,79.99964113939421
STU_014527,45.190997736864404
STU_014528,67.17599659677462
STU_014529,85.31622578026914
STU_014530,67.8245816856023
STU_014531,75.16347860030095
STU_014532,94.50712736366216
STU_014533,97.12037928348681
STU_014534,94.99913935701957
STU_014535,91.40074851456706
STU_014536,88.87382681016823
STU_014537,76.86725613426029
STU_014538,62.737222963181004
STU_014539,67.54525231440287
STU_014540,53.71879349090615
STU_014541,86.81882720053326
STU_014542,53.38086354054341
STU_014543,84.84237349341944
STU_014544,68.70840551107875
STU_014545,62.411632959454195
STU_014546,57.767192746219536
STU_014547,63.04488237180242
STU_014548,86.88091631239921
STU_014549,96.42624136253298
STU_014550,75.28103915439488
STU_014551,68.84662940317861
STU_014552,66.22267052935128
STU_014553,83.29431341964072
STU_014554,73.26671842907012
STU_014555,68.26377148097191
STU_014556,93.15153467204244
STU_014557,76.39670970347046
STU_014558,60.59672636563189
STU_014559,80.64354549923209
STU_014560,96.44083293067762
STU_014561,72.29603194333546
STU_014562,71.33272788989822
STU_014563,74.608712420996
STU_014564,96.4558248638143
STU_014565,64.96309014496104
STU_014566,86.22441947730867
STU_014567,69.54407689171971
STU_014568,68.54113055000278
STU_014569,75.17474062551672
STU_014570,58.335510880417345
STU_014571,66.77955138646304
STU_014572,71.51769281921392
STU_014573,77.92186258159451
STU_014574,65.3137503984457
STU_014575,59.74105090399802
STU_014576,69.6883222852053
STU_014577,58.95847942132691
STU_014578,62.61660365820769
STU_014579,79.24883734075645
STU_014580,89.31099280862998
STU_014581,89.21299655759414
STU_014582,81.05463481332852
STU_014583,72.55720756389682
STU_014584,78.8792046062811
STU_014585,72.43889423144155
STU_014586,86.4010070013203
STU_014587,59.901976431443025
STU_014588,81.01596746883531
STU_014589,55.765844701548325
STU_014590,66.80816307130875
STU_014591,86.67458091483834
STU_014592,72.30203736003217
STU_014593,95.44309608752812
STU_014594,95.57894071571576
STU_014595,53.482348565872705
STU_014596,99.61640395979661
STU_014597,72.03983616995261
STU_014598,65.595009594116
STU_014599,78.23823805452258
STU_014600,58.03794145570235
STU_014601,76.90079345178103
STU_014602,94.28037128072052
STU_014603,58.62327634887788
STU_014604,85.21037095247824
STU_014605,98.58142414054703
STU_014606,59.55917603566485
STU_014607,83.09331465353222
STU_014608,60.51146799050749
STU_014609,80.53362222226586
STU_014610,79.5513189861881
STU_014611,77.67837184799734
STU_014612,57.82316488277613
STU_014613,73.21032939270356
STU_014614,89.18598193733654
STU_014615,71.99881852953429
STU_014616,93.10898401478015
STU_014617,64.45596454356236
STU_014618,84.55313513691586
STU_014619,74.94979461040408
STU_014620,86.05591913421827
STU_014621,63.47294608964823
STU_014622,96.42347950677178
STU_014623,71.40076911128457
STU_014624,82.36855733077832
STU_014625,72.34298758861249
STU_014626,87.73181262820461
STU_014627,66.20084571733449
STU_014628,58.78793081641591
STU_014629,79.4239072754915
STU_014630,71.75530561857514
STU_014631,63.502702693984745
STU_014632,71.04946308778842
STU_014633,74.21941132362525
STU_014634,92.5792498383598
STU_014635,60.47831871932536
STU_014636,50.84206440513923
STU_014637,95.18022633100392
STU_014638,69.85965877659574
STU_014639,74.78452139758627
STU_014640,68.23107978817491
STU_014641,67.7481796080075
STU_014642,93.81015662484538
STU_014643,56.01731267527891
STU_014644,91.56840650812103
STU_014645,72.3734609709013
STU_014646,86.17384036922014
STU_014647,89.66597488438231
STU_014648,71.24641238121802
STU_014649,90.38404550192409
STU_014650,71.67274311487054
STU_014651,64.55618744927652
STU_014652,94.3890205260233
STU_014653,79.61187520365762
STU_014654,86.55054629591612
STU_014655,55.56092502621071
STU_014656,63.80727407420057
STU_014657,57.62929574654771
STU_014658,78.2063505136077
STU_014659,72.54375955456187
STU_014660,73.15749920930692
STU_014661,55.09173052186329
STU_014662,70.73315337327126
STU_014663,74.45164285028422
STU_014664,55.924715730791576
STU_014665,78.50649595769917
STU_014666,93.6088582484731
STU_014667,80.40629487593058
STU_014668,52.048381319576414
STU_014669,77.48756708324743
STU_014670,95.85158823083145
STU_014671,77.52471558858174
STU_014672,83.12158465782005
STU_014673,94.48370445042822
STU_014674,91.83741252565451
STU_014675,84.18859094393919
STU_014676,76.86834099064373
STU_014677,65.12386934077178
STU_014678,67.2049644665354
STU_014679,59.51663757856762
STU_014680,47.65741756670522
STU_014681,91.30491492713968
STU_014682,48.794800378905215
STU_014683,68.45929938432609
STU_014684,61.97862141229081
STU_014685,70.33090458318328
STU_014686,77.81309627520933
STU_014687,82.96702286196457
STU_014688,95.38983925296269
STU_014689,66.98211427863315
STU_014690,59.0934393564092
STU_014691,83.30057637184942
STU_014692,97.60957166877864
STU_014693,70.19990917955269
STU_014694,73.21617477138594
STU_014695,98.85919542068925
STU_014696,45.49496403313735
STU_014697,73.56023792404469
STU_014698,91.21947582869036
STU_014699,68.85107892118077
STU_014700,90.30710787090476
STU_014701,69.38752579469994
STU_014702,86.22193662366566
STU_014703,80.45893025222779
STU_014704,95.37136861805492
STU_014705,78.24404486767504
STU_014706,83.51806508800432
STU_014707,99.04041647635589
STU_014708,96.18423571770053
STU_014709,78.09474665016621
STU_014710,53.330622561916286
STU_014711,71.59773537114218
STU_014712,76.82867850277053
STU_014713,51.203079695328725
STU_014714,78.78116611913578
STU_014715,80.61555275484362
STU_014716,62.83455708616281
STU_014717,57.82707603566664
STU_014718,63.74160146573915
STU_014719,94.09485382342817
STU_014720,82.21065755781511
STU_014721,55.11561259628112
STU_014722,69.74043664939924
STU_014723,95.12618380207918
STU_014724,88.30269492556641
STU_014725,70.57093444634867
STU_014726,66.53758064482393
STU_014727,60.05264237532081
STU_014728,92.12768799102574
STU_014729,82.91381829286603
STU_014730,52.049081074646196
STU_014731,62.06312041908185
STU_014732,79.23719486538968
STU_014733,76.80699252402745
STU_014734,64.75377037521079
STU_014735,100.0
STU_014736,72.91603637549424
STU_014737,74.53480969112701
STU_014738,71.72732968463255
STU_014739,85.22947356664349
STU_014740,79.26902814485842
STU_014741,81.01457653759383
STU_014742,92.21689781607294
STU_014743,98.28376125147024
STU_014744,67.34645617054714
STU_014745,83.41885700125154
STU_014746,54.05340264877811
STU_014747,72.74010291280702
STU_014748,99.9031479120391
STU_014749,91.88881981529507
STU_014750,81.97404513217546
STU_014751,95.99009526325455
STU_014752,82.26389156605232
STU_014753,62.47783372000851
STU_014754,100.0
STU_014755,66.14420520529636
STU_014756,70.00304409636985
STU_014757,75.12189822695778
STU_014758,100.0
STU_014759,68.1665375427775
STU_014760,77.08750344377393
STU_014761,75.66743622230774
STU_014762,100.0
STU_014763,84.9822145991817
STU_014764,97.57889573730395
STU_014765,75.97177095866013
STU_014766,78.5619793020982
STU_014767,70.09439201322343
STU_014768,68.45312601203739
STU_014769,97.90813795747485
STU_014770,74.37941275848118
STU_014771,71.41052351706561
STU_014772,70.25532309682345
STU_014773,84.84724732014432
STU_014774,88.4555315229753
STU_014775,77.94573368685775
STU_014776,80.31703376582877
STU_014777,76.33744845247463
STU_014778,81.89265746362057
STU_014779,79.91532151878818
STU_014780,58.35348057991265
STU_014781,82.54995895001781
STU_014782,86.84203723604749
STU_014783,90.84814526372317
STU_014784,92.07671500630437
STU_014785,82.87318713899109
STU_014786,85.32390835301781
STU_014787,75.62086988293777
STU_014788,92.36251146121681
STU_014789,77.04135682233527
STU_014790,79.64306873121654
STU_014791,65.62262174113422
STU_014792,57.9611613223412
STU_014793,66.36821014875962
STU_014794,61.243838955713095
STU_014795,78.06051872312769
STU_014796,78.27228837171575
STU_014797,70.041588740108
STU_014798,89.67089915590591
STU_014799,89.19089443061318
STU_014800,81.3531217532073
STU_014801,89.85851644545956
STU_014802,58.494990455769795
STU_014803,86.00374698779272
STU_014804,80.22124400925657
STU_014805,73.77638776175469
STU_014806,74.12074978033543
STU_014807,69.43684428698762
STU_014808,69.38206402725868
STU_014809,53.24781584315728
STU_014810,96.06171354000486
STU_014811,97.07805679899292
STU_014812,72.59073334210012
STU_014813,62.87333901033367
STU_014814,67.48453318343651
STU_014815,57.81730492148559
STU_014816,77.75013184600057
STU_014817,84.21771303420628
STU_014818,49.60488644576981
STU_014819,79.06678373954537
STU_014820,70.24373789018547
STU_014821,58.99960477602921
STU_014822,99.76245969928524
STU_014823,69.39491842556448
STU_014824,92.46839048517032
STU_014825,76.80103011328076
STU_014826,93.09850843096753
STU_014827,61.91335024989155
STU_014828,75.29399129200114
STU_014829,77.98650520677035
STU_014830,84.60240390978568
STU_014831,82.39686087394414
STU_014832,65.40857079861027
STU_014833,62.35588004270446
STU_014834,80.47998966497435
STU_014835,75.86898774712019
STU_014836,86.9610133452198
STU_014837,72.45729395533742
STU_014838,74.23074086980508
STU_014839,81.5366931327557
STU_014840,79.30931771568741
STU_014841,97.87238531238599
STU_014842,56.45637303245139
STU_014843,69.23023544528101
STU_014844,94.36742211790995
STU_014845,71.84977316107064
STU_014846,83.78870857610389
STU_014847,80.78179614050158
STU_014848,58.123992133875575
STU_014849,60.751653863875205
STU_014850,75.7910690173937
STU_014851,82.41267045254385
STU_014852,81.1054531372292
STU_014853,72.09651849085633
STU_014854,66.27250961299137
STU_014855,74.98816914228809
STU_014856,74.227691249576
STU_014857,80.33440949313913
STU_014858,66.45064355142755
STU_014859,88.59059749263191
STU_014860,51.56324999429434
STU_014861,86.4832904064257
STU_014862,93.89316898490803
STU_014863,72.24555873598052
STU_014864,76.18871391520095
STU_014865,68.67587350198303
STU_014866,72.16221192213597
STU_014867,72.87569536834539
STU_014868,100.0
STU_014869,99.166868186272
STU_014870,76.46525648575938
STU_014871,75.70472091407909
STU_014872,84.15746692584491
STU_014873,65.41981813252997
STU_014874,62.563753871916475
STU_014875,81.83295459781625
STU_014876,56.253513870694924
STU_014877,67.07759768995366
STU_014878,65.06596268741541
STU_014879,79.47698143185524
STU_014880,84.30648807157147
STU_014881,76.92937194609843
STU_014882,68.2219726238857
STU_014883,79.21502202640322
STU_014884,67.35778325389869
STU_014885,84.0357013680078
STU_014886,71.0987026213687
STU_014887,74.6906472510702
STU_014888,86.2284542766674
STU_014889,71.95817224524518
STU_014890,91.59828188963381
STU_014891,74.65130641032475
STU_014892,86.04916864145252
STU_014893,67.63729644581689
STU_014894,73.4439552634169
STU_014895,63.16750295997521
STU_014896,79.00474322038649
STU_014897,80.50860733275647
STU_014898,84.35425234292838
STU_014899,57.64546687677549
STU_014900,97.23535443631098
STU_014901,77.55666839102331
STU_014902,83.28554855380929
STU_014903,86.70083936106101
STU_014904,78.77420134907203
STU_014905,90.50211759394442
STU_014906,77.74981683092447
STU_014907,56.02716297887812
STU_014908,80.26928682542759
STU_014909,81.37663475338672
STU_014910,70.51187335488117
STU_014911,98.221385868326
STU_014912,80.01101440529303
STU_014913,75.01755626100274
STU_014914,51.952010494038376
STU_014915,61.97783488825654
STU_014916,67.22670192884091
STU_014917,100.0
STU_014918,87.18621483670807
STU_014919,55.055642876092186
STU_014920,91.99900085483324
STU_014921,65.00514131908729
STU_014922,56.53515652291248
STU_014923,69.60175679361727
STU_014924,84.16559055476819
STU_014925,100.0
STU_014926,79.06440460256464
STU_014927,73.62569174462827
STU_014928,60.71002052574595
STU_014929,81.71970229918809
STU_014930,79.4409780304162
STU_014931,87.40277269999483
STU_014932,61.10092648670045
STU_014933,80.02607559052768
STU_014934,69.43226270412488
STU_014935,78.56603030858123
STU_014936,83.93740260618476
STU_014937,83.1881095876919
STU_014938,98.33299242287416
STU_014939,69.90528753928965
STU_014940,94.16670631841096
STU_014941,62.95066794279705
STU_014942,93.12397038936774
STU_014943,61.71674717873942
STU_014944,71.20116348497658
STU_014945,64.36143046045395
STU_014946,68.99173933712596
STU_014947,70.23882818125105
STU_014948,89.57409897732933
STU_014949,63.763563594082655
STU_014950,87.96790821081582
STU_014951,69.78338513041193
STU_014952,75.26711648041666
STU_014953,97.3976866342077
STU_014954,88.91853926572307
STU_014955,94.02418833387365
STU_014956,81.51379485068239
STU_014957,78.2829830733245
STU_014958,70.5759070100303
STU_014959,54.68714114696265
STU_014960,95.19640468214081
STU_014961,89.68311312407623
STU_014962,51.47064567569842
STU_014963,73.87154989867838
STU_014964,95.57663209318059
STU_014965,73.6584971808157
STU_014966,68.51566172277876
STU_014967,55.15587240964287
STU_014968,91.6335130043618
STU_014969,79.49251951989243
STU_014970,67.48251454459522
STU_014971,67.6476937257198
STU_014972,90.43579374633967
STU_014973,74.1600710284544
STU_014974,68.99136009266815
STU_014975,64.46301867730526
STU_014976,88.78025406599916
STU_014977,81.93216986694158
STU_014978,88.7421188234968
STU_014979,92.26653590001526
STU_014980,64.76247856504965
STU_014981,97.69658435736729
STU_014982,65.17946151575924
STU_014983,88.04690538026645
STU_014984,62.8756655137405
STU_014985,69.28623630818043
STU_014986,51.04332841306219
STU_014987,89.05298948569956
STU_014988,66.54945973406522
STU_014989,97.36202584507024
STU_014990,83.37456234809528
STU_014991,96.93919058538957
STU_014992,70.6555840755678
STU_014993,62.33711475531722
STU_014994,84.15866694284753
STU_014995,83.73513863781857
STU_014996,72.44547668012954
STU_014997,79.35695040849568
STU_014998,80.84505017295565
STU_014999,97.68972590059929
STU_015000,73.50466607934953
STU_015001,58.013152060901106
STU_015002,66.61912810671973
STU_015003,58.02529668785122
STU_015004,63.64717385882348
STU_015005,58.20956505063386
STU_015006,65.35952424257383
STU_015007,89.53244797755158
STU_015008,72.08984367885033
STU_015009,78.47232241653023
STU_015010,75.91086445107575
STU_015011,55.777062722516305
STU_015012,96.59660578996744
STU_015013,63.6877246441726
STU_015014,63.913870560291926
STU_015015,84.99122014542442
STU_015016,88.09256225792522
STU_015017,86.54477817826907
STU_015018,73.95361227408294
STU_015019,84.26873886344491
STU_015020,60.45203229752636
STU_015021,76.83071640932637
STU_015022,61.8364988196661
STU_015023,74.677203200048
STU_015024,72.51515148974332
STU_015025,86.24972476363217
STU_015026,68.57424025197389
STU_015027,81.19142962170699
STU_015028,74.43779523538376
STU_015029,75.48220252963142
STU_015030,88.69534597657704
STU_015031,79.89394620065083
STU_015032,69.13777677772373
STU_015033,77.77055170162105
STU_015034,67.89339970012804
STU_015035,80.09422985737476
STU_015036,72.36118856831688
STU_015037,76.16736856404866
STU_015038,90.47839267067206
STU_015039,66.15991419875422
STU_015040,78.59795880650232
STU_015041,83.08160642270062
STU_015042,48.0543364711416
STU_015043,79.71913158873048
STU_015044,88.49117712274827
STU_015045,90.59247423629894
STU_015046,69.30324439248729
STU_015047,82.26132537573997
STU_015048,67.58288488760194
STU_015049,71.29298785072882
STU_015050,56.84129223834067
STU_015051,62.43120885232879
STU_015052,59.903881089310346
STU_015053,65.72193022836632
STU_015054,90.84129560170359
STU_015055,79.8501836023328
STU_015056,65.67420306607654
STU_015057,100.0
STU_015058,61.229684780874784
STU_015059,95.27046150752159
STU_015060,71.56596684818233
STU_015061,75.72956667327908
STU_015062,70.39354122212174
STU_015063,65.69495592017851
STU_015064,65.83367192716653
STU_015065,90.49850580016435
STU_015066,85.24555687121837
STU_015067,73.86953330939824
STU_015068,69.26549609647215
STU_015069,71.7190332337424
STU_015070,72.6444537872022
STU_015071,75.34916830429111
STU_015072,100.0
STU_015073,63.10714495487462
STU_015074,69.38053616561422
STU_015075,94.65780691341263
STU_015076,70.20369373565354
STU_015077,66.91891879608357
STU_015078,68.78792476723066
STU_015079,100.0
STU_015080,64.08509623539354
STU_015081,96.58854724358989
STU_015082,63.36901596458748
STU_015083,80.96132967897573
STU_015084,62.64845392794833
STU_015085,79.15703698313199
STU_015086,66.04948459647657
STU_015087,59.12076117284441
STU_015088,93.27939878082427
STU_015089,77.30229544625779
STU_015090,86.33353624491428
STU_015091,75.36242319714745
STU_015092,77.92931882248628
STU_015093,97.97898658088693
STU_015094,69.50650455659007
STU_015095,74.7409840852759
STU_015096,85.56603679778536
STU_015097,80.87377370814495
STU_015098,66.24441790805686
STU_015099,63.14813435764277
STU_015100,89.03991976156301
STU_015101,71.69917567897939
STU_015102,80.47114846931741
STU_015103,95.02537850561582
STU_015104,74.02468111441358
STU_015105,92.83877322416082
STU_015106,68.66875938280765
STU_015107,74.52372410878112
STU_015108,80.40645543915724
STU_015109,78.30498285981238
STU_015110,84.1432229156185
STU_015111,63.937578142679605
STU_015112,75.48698940216705
STU_015113,67.95367388027114
STU_015114,82.65582315075277
STU_015115,61.60287010545718
STU_015116,89.50114006802397
STU_015117,66.11639321934851
STU_015118,56.269581843000395
STU_015119,80.31203376520617
STU_015120,84.1345105545391
STU_015121,61.61334726392833
STU_015122,100.0
STU_015123,67.29324000490074
STU_015124,90.15074770529132
STU_015125,75.54257868193093
STU_015126,72.70050720732822
STU_015127,91.93505085059772
STU_015128,75.46490716879022
STU_015129,69.4435874014045
STU_015130,71.88442355888604
STU_015131,81.30888458382461
STU_015132,87.16874714656468
STU_015133,95.9059604834427
STU_015134,82.0338003647751
STU_015135,83.1334673675896
STU_015136,76.30331162396075
STU_015137,77.12881160459801
STU_015138,71.38717229651398
STU_015139,80.68293269741706
STU_015140,96.96959125930535
STU_015141,67.71503520303038
STU_015142,77.05081901013996
STU_015143,98.91210098196346
STU_015144,81.91167078754968
STU_015145,61.76031866742038
STU_015146,93.95947945185262
STU_015147,77.43311100664646
STU_015148,73.32441176639708
STU_015149,68.06739960285833
STU_015150,49.83942191163249
STU_015151,54.27822215673633
STU_015152,71.98963963534126
STU_015153,59.636350580687896
STU_015154,83.14984492999132
STU_015155,85.98403487572622
STU_015156,72.01587094950712
STU_015157,62.205368968033895
STU_015158,92.65659816064786
STU_015159,51.896630439939166
STU_015160,87.05981806964247
STU_015161,63.3643387785892
STU_015162,70.61992243957751
STU_015163,73.7420659980101
STU_015164,44.523236408309565
STU_015165,82.81886512805087
STU_015166,96.71230517632145
STU_015167,82.7342434799202
STU_015168,60.413078226897696
STU_015169,90.8892759998281
STU_015170,75.61951469390345
STU_015171,90.11539786462316
STU_015172,62.03881838393777
STU_015173,78.72751936337403
STU_015174,93.57272481755906
STU_015175,76.28416203092362
STU_015176,100.0
STU_015177,79.04726105791872
STU_015178,64.30880732995874
STU_015179,80.14576697794155
STU_015180,63.41215194846703
STU_015181,76.28454992105912
STU_015182,81.29343204212894
STU_015183,79.84942946388644
STU_015184,69.56695643591387
STU_015185,81.72496003328574
STU_015186,75.3099210953847
STU_015187,57.67090349260964
STU_015188,70.45902837322953
STU_015189,89.56558657054075
STU_015190,93.75839198654774
STU_015191,80.00054312836265
STU_015192,100.0
STU_015193,83.17782469945898
STU_015194,85.33040923271011
STU_015195,86.03162775376119
STU_015196,77.3161366239295
STU_015197,74.51560550878656
STU_015198,80.17975592709352
STU_015199,72.663344469324
STU_015200,70.35901066757813
STU_015201,79.20196270940565
STU_015202,68.95061290561807
STU_015203,64.55760551616191
STU_015204,81.64180664572065
STU_015205,77.9839231697926
STU_015206,74.76737696023463
STU_015207,91.10692932147457
STU_015208,76.53175205880507
STU_015209,81.46320364325145
STU_015210,86.52463634586144
STU_015211,48.103018196109765
STU_015212,93.17665553805794
STU_015213,72.68337129429457
STU_015214,96.26757728634708
STU_015215,74.04218254267644
STU_015216,93.64948549088807
STU_015217,58.62555563267257
STU_015218,77.10777470236378
STU_015219,74.37426704716215
STU_015220,49.216689099326125
STU_015221,86.51265183403578
STU_015222,63.74010188816258
STU_015223,86.18808817339679
STU_015224,75.37428143585043
STU_015225,74.09626868444214
STU_015226,70.1914219051413
STU_015227,66.09621560442464
STU_015228,81.5638048649231
STU_015229,72.11304521657163
STU_015230,77.98372722803812
STU_015231,100.0
STU_015232,81.00357320757114
STU_015233,87.21045345733711
STU_015234,73.89818828597447
STU_015235,65.04933838287661
STU_015236,98.27350932952452
STU_015237,81.3891061170221
STU_015238,82.23225847523163
STU_015239,92.13086579570576
STU_015240,66.7592503118824
STU_015241,47.21571046906067
STU_015242,55.40536554181316
STU_015243,80.91858543893242
STU_015244,82.58118870590562
STU_015245,68.80350171063829
STU_015246,99.38489684126546
STU_015247,81.39201922482576
STU_015248,83.33686237580015
STU_015249,71.51015186010837
STU_015250,89.55531733502016
STU_015251,70.31595338424441
STU_015252,86.80916739928446
STU_015253,86.84632530127338
STU_015254,96.03491687594133
STU_015255,66.39344775409656
STU_015256,63.78593230231352
STU_015257,74.04791095181086
STU_015258,91.72884472673213
STU_015259,87.74957821490013
STU_015260,95.83459458963597
STU_015261,80.81382319773785
STU_015262,87.6196410177664
STU_015263,86.36035524986387
STU_015264,78.53149630404825
STU_015265,96.3754595559911
STU_015266,69.23393430300469
STU_015267,81.19626921161253
STU_015268,57.76614114793599
STU_015269,61.548659692197106
STU_015270,73.08244006355105
STU_015271,76.6814958716037
STU_015272,64.39720764761378
STU_015273,87.29893423716874
STU_015274,76.44712859658762
STU_015275,47.36281023270307
STU_015276,53.97962054419966
STU_015277,69.3386157761074
STU_015278,98.29312882475007
STU_015279,52.23735534924611
STU_015280,88.23554362474637
STU_015281,100.0
STU_015282,84.46477335476467
STU_015283,82.10768928350404
STU_015284,78.45200270250452
STU_015285,46.9581803806051
STU_015286,88.15507439911794
STU_015287,75.54581197266978
STU_015288,79.60704678629229
STU_015289,62.385058797710336
STU_015290,78.56142773106859
STU_015291,76.76625355578402
STU_015292,67.69021631425939
STU_015293,60.58553651235307
STU_015294,81.7340249913328
STU_015295,75.07003280215177
STU_015296,73.295292053656
STU_015297,84.50973405073374
STU_015298,96.63514291159892
STU_015299,69.51501506170017
STU_015300,90.03348495956958
STU_015301,75.41951644178104
STU_015302,80.03086513782638
STU_015303,64.77843229441935
STU_015304,57.83091739116732
STU_015305,69.28663143621424
STU_015306,80.90155802489653
STU_015307,96.41219741954501
STU_015308,62.04039267908121
STU_015309,69.36700364925655
STU_015310,78.81858503066785
STU_015311,68.33755529398836
STU_015312,80.85535433730949
STU_015313,61.51379574390697
STU_015314,84.14200313260989
STU_015315,77.68677802811456
STU_015316,92.35578885327479
STU_015317,73.02465213849912
STU_015318,80.46655849435507
STU_015319,71.92054823220124
STU_015320,70.79447720037437
STU_015321,64.47626494711486
STU_015322,97.40797349109853
STU_015323,80.79499745186138
STU_015324,71.23303213112962
STU_015325,78.82030984526378
STU_015326,60.54893646748529
STU_015327,78.47070657611641
STU_015328,72.69788520516771
STU_015329,71.9515943219102
STU_015330,73.34771739199299
STU_015331,63.27876683644527
STU_015332,100.0
STU_015333,70.0132966415835
STU_015334,83.06356637405717
STU_015335,94.19062498153181
STU_015336,90.93396709443243
STU_015337,70.55872832054906
STU_015338,68.06915226193861
STU_015339,63.73978166013777
STU_015340,90.00119788164605
STU_015341,80.75989895107989
STU_015342,100.0
STU_015343,79.79289294711775
STU_015344,93.58801835538188
STU_015345,100.0
STU_015346,82.47558789844086
STU_015347,95.45627968428158
STU_015348,73.82419430296596
STU_015349,78.23386129274351
STU_015350,87.68490831605173
STU_015351,100.0
STU_015352,83.20210587980472
STU_015353,78.08929042238027
STU_015354,62.369813450630275
STU_015355,58.11703717640775
STU_015356,63.73327291201179
STU_015357,66.94380572587202
STU_015358,81.06230062795377
STU_015359,81.24440503525375
STU_015360,90.80086426976487
STU_015361,81.15156071197089
STU_015362,72.77912484921279
STU_015363,79.81307310947552
STU_015364,89.37163040555089
STU_015365,74.10548300408279
STU_015366,91.12534928225277
STU_015367,84.25600281342022
STU_015368,76.06205011882658
STU_015369,96.10355509987318
STU_015370,94.96611501152192
STU_015371,57.13418946382723
STU_015372,58.820955645678694
STU_015373,83.82349708629137
STU_015374,87.77374451296042
STU_015375,67.35987501142716
STU_015376,74.80119893586452
STU_015377,91.1047807714651
STU_015378,72.2374170034964
STU_015379,92.6820560644943
STU_015380,89.26536931086548
STU_015381,91.352200971679
STU_015382,83.08187298581245
STU_015383,60.25178337023275
STU_015384,78.71257003020587
STU_015385,60.835843589495326
STU_015386,71.54067462791397
STU_015387,65.68811084819562
STU_015388,74.55679728728079
STU_015389,96.8029707189978
STU_015390,50.237655052451025
STU_015391,77.19267733342207
STU_015392,89.55259674234375
STU_015393,88.18800909593894
STU_015394,74.18841078665567
STU_015395,83.3342915306598
STU_015396,71.88561421562731
STU_015397,95.56370545920613
STU_015398,72.16561735881682
STU_015399,97.43604636178311
STU_015400,91.86179762164514
STU_015401,86.98863078150156
STU_015402,74.1258615040882
STU_015403,61.73425266917035
STU_015404,79.48994361204971
STU_015405,81.01011087493919
STU_015406,89.46215321852036
STU_015407,85.12274467747697
STU_015408,42.38673022184758
STU_015409,75.69696756644451
STU_015410,66.48635505348977
STU_015411,71.30419698087192
STU_015412,67.32387692246525
STU_015413,78.82187662760523
STU_015414,69.66848533547363
STU_015415,67.09831590700844
STU_015416,88.29091476632513
STU_015417,58.694167049506135
STU_015418,88.27196223716757
STU_015419,56.434892027513584
STU_015420,68.25058403192659
STU_015421,92.60106153440354
STU_015422,77.20518601164525
STU_015423,85.57429507549136
STU_015424,100.0
STU_015425,88.03457416962105
STU_015426,63.24848067347063
STU_015427,55.56729630232059
STU_015428,75.2889120805905
STU_015429,76.15552352371252
STU_015430,44.12602271988923
STU_015431,68.37240128749187
STU_015432,83.3567146552655
STU_015433,70.11656737335683
STU_015434,66.16052251706608
STU_015435,66.87728975070036
STU_015436,77.73376147321605
STU_015437,73.70542585742263
STU_015438,94.55642775270897
STU_015439,75.87744250985608
STU_015440,76.76276236625198
STU_015441,67.19493614606104
STU_015442,86.21883725957703
STU_015443,64.28519483211149
STU_015444,77.32975658350375
STU_015445,69.27333240751781
STU_015446,68.43106673167215
STU_015447,55.674145559294665
STU_015448,47.84181773132183
STU_015449,77.60113261060019
STU_015450,89.50766080162326
STU_015451,77.19321772000215
STU_015452,80.18431924275262
STU_015453,92.73249875148137
STU_015454,80.42481254037935
STU_015455,53.13632543383922
STU_015456,77.42736449169801
STU_015457,69.11131550504378
STU_015458,64.36366686886083
STU_015459,53.26107038519814
STU_015460,100.0
STU_015461,99.27805185625999
STU_015462,69.1421701462344
STU_015463,88.19246232901301
STU_015464,59.13262724462217
STU_015465,54.54550869759627
STU_015466,89.20952306046719
STU_015467,85.67237316620302
STU_015468,65.38472850376779
STU_015469,64.8539948260138
STU_015470,93.57595432016052
STU_015471,74.33519798907622
STU_015472,90.4666046532749
STU_015473,87.4234219836959
STU_015474,97.03541369539478
STU_015475,76.67840283367723
STU_015476,80.35148757483499
STU_015477,57.09113746200518
STU_015478,54.338081511699265
STU_015479,95.79756690361802
STU_015480,65.14787531554072
STU_015481,78.94079763761731
STU_015482,62.20526221450486
STU_015483,91.57582993502912
STU_015484,66.66906163056227
STU_015485,65.81667947527026
STU_015486,77.06298729343762
STU_015487,65.05446382325155
STU_015488,72.86594651971863
STU_015489,81.87118514587807
STU_015490,88.46774933564625
STU_015491,78.49153422604581
STU_015492,64.63653305548915
STU_015493,68.90812728110252
STU_015494,65.5363526395532
STU_015495,82.9876353502583
STU_015496,65.05312424630208
STU_015497,61.70066555149066
STU_015498,69.85808675899578
STU_015499,41.255137169162296
STU_015500,75.53942614744255
STU_015501,89.77845182524126
STU_015502,52.861538988243844
STU_015503,83.36000534998226
STU_015504,82.8130803063289
STU_015505,75.65205013016599
STU_015506,72.48347472690259
STU_015507,100.0
STU_015508,97.07396676974989
STU_015509,84.12939693647436
STU_015510,86.31776055144526
STU_015511,86.88241612969551
STU_015512,79.94233326680069
STU_015513,81.17414253020786
STU_015514,82.96875627223754
STU_015515,75.07358276944473
STU_015516,72.79230947998987
STU_015517,92.88062730660374
STU_015518,72.88278471944253
STU_015519,52.706740450435376
STU_015520,78.55423731145883
STU_015521,88.3723046389805
STU_015522,64.60299236289299
STU_015523,67.01009605598212
STU_015524,41.57428690618176
STU_015525,77.75237345917218
STU_015526,75.94202400691371
STU_015527,69.91816548178714
STU_015528,69.27115197945825
STU_015529,87.75845160814355
STU_015530,86.77861698772568
STU_015531,82.22854780758496
STU_015532,78.0566431211194
STU_015533,54.76633652654709
STU_015534,87.12856504656534
STU_015535,76.47521374874059
STU_015536,80.9520200552001
STU_015537,73.45548115988318
STU_015538,87.82142282502653
STU_015539,68.88185376257933
STU_015540,66.25646586566579
STU_015541,71.07718361049041
STU_015542,89.25907289609627
STU_015543,75.44536657928056
STU_015544,96.38287437356495
STU_015545,72.0748346004582
STU_015546,75.58973226165
STU_015547,56.40553113955936
STU_015548,62.94444987067689
STU_015549,92.10876631990611
STU_015550,92.78288327900096
STU_015551,78.64969381437047
STU_015552,72.7107364743705
STU_015553,50.385397613885424
STU_015554,79.38085233317298
STU_015555,76.15186851383028
STU_015556,91.19177465439125
STU_015557,72.27843431186018
STU_015558,85.75402417102468
STU_015559,83.69273541799848
STU_015560,79.50868488536564
STU_015561,87.03488588159686
STU_015562,83.35570904903331
STU_015563,65.79946228411171
STU_015564,71.21934525281888
STU_015565,63.15870239411593
STU_015566,69.97899765962107
STU_015567,74.57738245464807
STU_015568,70.58241156181352
STU_015569,72.61082970012804
STU_015570,93.07592006005838
STU_015571,63.3053493903526
STU_015572,76.68768470438091
STU_015573,85.02173303162294
STU_015574,62.8009228876546
STU_015575,61.52198801358841
STU_015576,72.08089487738005
STU_015577,65.02013132668408
STU_015578,76.31919693941308
STU_015579,73.27653708545196
STU_015580,74.41112502502712
STU_015581,82.9782574722925
STU_015582,79.99093260699581
STU_015583,94.04273705191547
STU_015584,80.89451914213677
STU_015585,87.24026956260607
STU_015586,91.68188425631784
STU_015587,54.6403551426803
STU_015588,72.59722104554011
STU_015589,76.01549458772874
STU_015590,62.52395337202554
STU_015591,61.61806395647802
STU_015592,86.6136269751054
STU_015593,65.05271168112476
STU_015594,89.59467023094545
STU_015595,94.63837047872632
STU_015596,80.15819820167414
STU_015597,94.64443495698514
STU_015598,82.35505914720557
STU_015599,53.889728367814214
STU_015600,71.32064720055041
STU_015601,50.562439176521835
STU_015602,60.62387830128856
STU_015603,75.82702683226934
STU_015604,82.04408470203221
STU_015605,59.41943126871378
STU_015606,79.07283814445594
STU_015607,63.439990282676725
STU_015608,75.43434810880284
STU_015609,71.8809751996938
STU_015610,68.24583236443576
STU_015611,85.79581940356314
STU_015612,84.31348823812894
STU_015613,94.04413127364363
STU_015614,63.841294462876405
STU_015615,71.07568317060415
STU_015616,82.12521919977328
STU_015617,64.2804008117282
STU_015618,83.38531262148275
STU_015619,60.83579715814012
STU_015620,71.14056920179699
STU_015621,70.23817787871256
STU_015622,76.79852947587541
STU_015623,88.63265792448189
STU_015624,79.67217198228246
STU_015625,78.66191213605833
STU_015626,60.95329420927074
STU_015627,100.0
STU_015628,78.27505502852242
STU_015629,71.29860881751114
STU_015630,71.39281052116704
STU_015631,67.20542873901042
STU_015632,90.85842119874569
STU_015633,85.8258690127349
STU_015634,69.79593948752353
STU_015635,99.96475769836333
STU_015636,68.99290179074877
STU_015637,49.98796370573779
STU_015638,71.22052646530115
STU_015639,97.76741880643638
STU_015640,68.4766446646446
STU_015641,57.123161934983386
STU_015642,100.0
STU_015643,83.95468848234069
STU_015644,92.95479097665118
STU_015645,60.86445408518879
STU_015646,100.0
STU_015647,72.75273896422335
STU_015648,61.91091104747341
STU_015649,80.13529296016661
STU_015650,67.87521265350752
STU_015651,56.62652209303625
STU_015652,97.44901148529675
STU_015653,74.12662643988507
STU_015654,68.56191773163083
STU_015655,100.0
STU_015656,64.81674369603061
STU_015657,74.90707662944138
STU_015658,69.3677694951786
STU_015659,72.24100482857455
STU_015660,89.15850415239102
STU_015661,43.4537041183026
STU_015662,72.11026500313423
STU_015663,87.77864600882869
STU_015664,53.99359312287072
STU_015665,78.32836207683576
STU_015666,82.0702547531764
STU_015667,92.11327371362992
STU_015668,83.02640276836924
STU_015669,80.52437715743511
STU_015670,63.333685305327826
STU_015671,84.21762039314018
STU_015672,88.60485663811968
STU_015673,78.52636324813867
STU_015674,80.01594740773234
STU_015675,87.2250083271312
STU_015676,52.526063669252416
STU_015677,82.9794613000267
STU_015678,99.74725576600159
STU_015679,76.0064810097255
STU_015680,76.69100244761329
STU_015681,80.39059888413138
STU_015682,88.54063177944076
STU_015683,65.85791348522007
STU_015684,65.45544550765572
STU_015685,82.74807421783812
STU_015686,69.3922485311926
STU_015687,88.34100249122287
STU_015688,77.50641226909573
STU_015689,62.22401823584874
STU_015690,63.54728095624056
STU_015691,99.1639791345153
STU_015692,85.59762608711806
STU_015693,76.36498289024473
STU_015694,97.30862653479781
STU_015695,91.96792086699776
STU_015696,51.95078574355027
STU_015697,63.35069690770327
STU_015698,86.42965773971795
STU_015699,94.2008030821919
STU_015700,81.40203867093769
STU_015701,70.25518693083426
STU_015702,86.12312439237982
STU_015703,86.86795497347174
STU_015704,79.72538486108053
STU_015705,82.42283565301538
STU_015706,66.85300523832562
STU_015707,74.54063291626373
STU_015708,53.09349648370708
STU_015709,63.07957089060923
STU_015710,68.19194406835841
STU_015711,74.08996460083613
STU_015712,89.85739911416206
STU_015713,84.89450818397295
STU_015714,71.10156259076024
STU_015715,84.2402615623186
STU_015716,63.30924363143665
STU_015717,67.56763239203572
STU_015718,68.35018458924776
STU_015719,56.52074332755661
STU_015720,61.925737282851074
STU_015721,62.113899164450736
STU_015722,67.22465530063079
STU_015723,74.66859851738248
STU_015724,97.78883092208538
STU_015725,87.10935384080106
STU_015726,77.98754808568644
STU_015727,66.17498222989316
STU_015728,83.19191833652454
STU_015729,94.688411272815
STU_015730,67.80670885042598
STU_015731,82.80816539878454
STU_015732,59.12313711806511
STU_015733,62.93822941322276
STU_015734,63.26271548845816
STU_015735,54.42461515727803
STU_015736,93.7109669675581
STU_015737,74.96239868713292
STU_015738,63.06951625093138
STU_015739,75.33054286111476
STU_015740,91.39775358432497
STU_015741,63.543007473493795
STU_015742,68.68563922411373
STU_015743,88.36886210346793
STU_015744,68.37330642784148
STU_015745,84.55892315053275
STU_015746,67.99251130807461
STU_015747,93.57683078357067
STU_015748,53.69731206339607
STU_015749,87.89731902814954
STU_015750,60.22757277557081
STU_015751,87.4374905673756
STU_015752,69.74607549950699
STU_015753,78.13411993798813
STU_015754,81.57145844101214
STU_015755,93.12489189123627
STU_015756,79.07783268351407
STU_015757,85.55073476559706
STU_015758,99.52754140444864
STU_015759,81.80144504873415
STU_015760,64.54540258598698
STU_015761,90.40263082699798
STU_015762,68.51627269016082
STU_015763,64.73795948471655
STU_015764,74.87648940850215
STU_015765,81.5307432929217
STU_015766,83.34489163987787
STU_015767,87.86239229557134
STU_015768,77.30297071828441
STU_015769,81.15419050741752
STU_015770,69.28914102972428
STU_015771,95.54044099272653
STU_015772,58.93290014149397
STU_015773,55.22032864901618
STU_015774,98.42332457903437
STU_015775,73.8444808561799
STU_015776,61.51104720836428
STU_015777,69.71642637762497
STU_015778,68.53272884331388
STU_015779,54.906418330479084
STU_015780,83.03341782145469
STU_015781,75.28881177054303
STU_015782,81.93830772491343
STU_015783,65.25617298456966
STU_015784,75.57249569387368
STU_015785,71.25934426597472
STU_015786,74.22423820254413
STU_015787,78.57114896854458
STU_015788,76.64514083402491
STU_015789,53.26060088204829
STU_015790,66.57384425635713
STU_015791,72.37969301525116
STU_015792,77.94488323542367
STU_015793,90.73332596316556
STU_015794,87.0363134634045
STU_015795,64.7490063765158
STU_015796,88.92657441965318
STU_015797,85.73206516966712
STU_015798,85.05469866480155
STU_015799,89.45263399753887
STU_015800,63.385091946146325
STU_015801,78.56079981089944
STU_015802,57.9338862783776
STU_015803,70.93140657733504
STU_015804,80.25188327435085
STU_015805,52.31514019033255
STU_015806,95.80992512118034
STU_015807,78.54702681732498
STU_015808,69.7646740342125
STU_015809,52.121722538956874
STU_015810,85.47074233369317
STU_015811,100.0
STU_015812,87.1970253721108
STU_015813,94.27656220783423
STU_015814,68.86361902113386
STU_015815,61.139625264998344
STU_015816,89.92093154142766
STU_015817,70.09207068224971
STU_015818,72.85916746110962
STU_015819,55.54384381145029
STU_015820,69.01053904355695
STU_015821,74.44133960859094
STU_015822,66.18780663556488
STU_015823,77.05861443261242
STU_015824,83.72750709000915
STU_015825,53.84891529444071
STU_015826,57.68358355293273
STU_015827,66.1692091466942
STU_015828,73.08775999232302
STU_015829,86.1160666472676
STU_015830,86.93109716181827
STU_015831,76.1759879307984
STU_015832,93.08703521329848
STU_015833,90.75781192773431
STU_015834,48.656833477483715
STU_015835,75.55215157068014
STU_015836,76.79221583036855
STU_015837,71.6685288756357
STU_015838,71.23112281368489
STU_015839,90.44556505965329
STU_015840,68.40186913854289
STU_015841,59.80649477437666
STU_015842,93.3816575499031
STU_015843,85.80366542271965
STU_015844,89.8270394606247
STU_015845,67.033713494715
STU_015846,62.445050598595905
STU_015847,74.12880804507944
STU_015848,82.56546221777629
STU_015849,92.7842893882961
STU_015850,54.057564703139306
STU_015851,72.57290702892654
STU_015852,63.341056067718135
STU_015853,78.86947081799019
STU_015854,91.93119626027588
STU_015855,93.43506885141602
STU_015856,74.70077578880394
STU_015857,85.03030035564642
STU_015858,62.254806523562465
STU_015859,70.84200619153499
STU_015860,67.11381779261141
STU_015861,72.1933590215187
STU_015862,68.44216268161404
STU_015863,96.2407688536704
STU_015864,54.23287266724626
STU_015865,63.23047247858311
STU_015866,73.51405615157856
STU_015867,41.10331087961008
STU_015868,71.81862474517652
STU_015869,89.43679739861714
STU_015870,76.88339391536206
STU_015871,74.18010823501815
STU_015872,47.69319420224462
STU_015873,97.78918556637045
STU_015874,73.83476963447312
STU_015875,83.60628345601029
STU_015876,59.981365652356715
STU_015877,95.02976118957753
STU_015878,80.19999235678881
STU_015879,96.04472714536973
STU_015880,81.43677265546204
STU_015881,94.18344817579846
STU_015882,70.54000815235715
STU_015883,79.21560367758781
STU_015884,87.0086564633438
STU_015885,63.01677319557646
STU_015886,92.96264470370981
STU_015887,99.16722686905781
STU_015888,63.79968781672836
STU_015889,87.29758976477441
STU_015890,91.31433166168111
STU_015891,89.50058501105796
STU_015892,57.29877470400608
STU_015893,57.775808101171535
STU_015894,52.510620281429325
STU_015895,60.432938837003405
STU_015896,70.81023678753633
STU_015897,90.59212961020748
STU_015898,73.35471029705464
STU_015899,87.91502591635056
STU_015900,71.30477497327914
STU_015901,67.88349296577302
STU_015902,71.55914981501763
STU_015903,83.78170284800643
STU_015904,81.50934997171575
STU_015905,87.60981602940724
STU_015906,72.49261814821355
STU_015907,100.0
STU_015908,63.2425340295011
STU_015909,71.71768582827329
STU_015910,77.37337904050743
STU_015911,61.32801307160836
STU_015912,74.36128201214122
STU_015913,68.63007449699558
STU_015914,60.93073862119083
STU_015915,87.70246023412233
STU_015916,61.90298921641821
STU_015917,50.13019488550796
STU_015918,75.69211006227046
STU_015919,89.38922142301091
STU_015920,79.42441746264173
STU_015921,91.88040358023959
STU_015922,57.53500044988497
STU_015923,90.66796259309662
STU_015924,75.16580934847798
STU_015925,66.48498407448628
STU_015926,77.29301298985224
STU_015927,72.9427204405833
STU_015928,74.95510252032928
STU_015929,87.8625927899596
STU_015930,60.39624139390861
STU_015931,60.56704738224356
STU_015932,78.70104755393271
STU_015933,74.7535336189555
STU_015934,70.35158555266158
STU_015935,100.0
STU_015936,100.0
STU_015937,80.55570237181453
STU_015938,81.98470398385338
STU_015939,69.34238020627457
STU_015940,90.57144793246883
STU_015941,65.86847072108034
STU_015942,86.06559343903776
STU_015943,83.10414024552051
STU_015944,95.77662785351716
STU_015945,75.16614896082595
STU_015946,76.96858217303739
STU_015947,69.65909520491925
STU_015948,68.89977766968398
STU_015949,59.89974290808144
STU_015950,96.17529052340814
STU_015951,75.65799286363239
STU_015952,74.10140424616817
STU_015953,61.72604650143975
STU_015954,80.61275148133815
STU_015955,77.60761700709944
STU_015956,79.16916670776457
STU_015957,55.497268668347864
STU_015958,69.5763108678687
STU_015959,91.48210724201917
STU_015960,68.91406034997854
STU_015961,90.57170828462048
STU_015962,80.21971029831418
STU_015963,76.91844203363986
STU_015964,66.64356814042014
STU_015965,83.15018284719216
STU_015966,60.01496609540085
STU_015967,79.23800319460415
STU_015968,77.70658292785089
STU_015969,67.52390446584532
STU_015970,76.76445876867838
STU_015971,64.79897117719558
STU_015972,80.62349649761646
STU_015973,64.14739573964121
STU_015974,89.26069638431711
STU_015975,55.206582970736555
STU_015976,52.48556138152695
STU_015977,61.782637355120904
STU_015978,73.75878801906617
STU_015979,86.7400468141502
STU_015980,84.7184366443387
STU_015981,95.60785326761089
STU_015982,93.07581523225147
STU_015983,81.79420190951481
STU_015984,84.96125940918155
STU_015985,71.12324358474102
STU_015986,45.688843423741844
STU_015987,73.1739706660785
STU_015988,61.833467960412996
STU_015989,76.5712853522687
STU_015990,55.45494536460441
STU_015991,75.36462166280768
STU_015992,47.04042844898366
STU_015993,72.04076844582147
STU_015994,71.09462312772712
STU_015995,96.59580072928321
STU_015996,80.23947677483669
STU_015997,69.80996139300629
STU_015998,83.3495763591155
STU_015999,87.17203949981332
STU_016000,83.6645017940567
STU_016001,89.83466794703098
STU_016002,88.57940783141177
STU_016003,92.17838310494082
STU_016004,89.45931941965789
STU_016005,49.87135666232018
STU_016006,66.20575159659904
STU_016007,80.29963005302113
STU_016008,88.73494484337068
STU_016009,52.95083721947921
STU_016010,72.79803530081648
STU_016011,85.44563093735351
STU_016012,71.17006519926517
STU_016013,68.77471680099242
STU_016014,96.78660766284631
STU_016015,53.56948930370315
STU_016016,94.71704518409132
STU_016017,75.7369505327494
STU_016018,83.06217816251964
STU_016019,70.66699528315597
STU_016020,92.20661849499957
STU_016021,100.0
STU_016022,67.45726884908882
STU_016023,100.0
STU_016024,76.74203172683454
STU_016025,91.13944076734869
STU_016026,55.99092510416651
STU_016027,63.53100092900371
STU_016028,71.84466129261418
STU_016029,74.83505533881055
STU_016030,98.53900946988692
STU_016031,91.45999269208916
STU_016032,89.4450020435597
STU_016033,83.21552898228524
STU_016034,78.742703926357
STU_016035,70.51702287281758
STU_016036,100.0
STU_016037,78.97918979250318
STU_016038,69.80638558388564
STU_016039,70.11272051676617
STU_016040,91.22951222856496
STU_016041,90.96850424915877
STU_016042,79.55430082234997
STU_016043,83.816463987244
STU_016044,91.7639755700938
STU_016045,83.11794762031948
STU_016046,64.53831634953197
STU_016047,86.81234631686439
STU_016048,70.83622172208354
STU_016049,73.2187230134159
STU_016050,70.08600604556287
STU_016051,76.89440547582299
STU_016052,95.42166752267357
STU_016053,77.5123063511737
STU_016054,69.67166092044693
STU_016055,81.8735288350369
STU_016056,75.08363847137457
STU_016057,78.2873317707592
STU_016058,75.41286976347605
STU_016059,73.42464397789855
STU_016060,74.60699975105877
STU_016061,55.464170969344465
STU_016062,69.1989833706953
STU_016063,77.83434321601375
STU_016064,66.1906099342638
STU_016065,76.42853482597812
STU_016066,82.83259363226864
STU_016067,58.9130772797402
STU_016068,100.0
STU_016069,78.50447869493911
STU_016070,71.94673968200932
STU_016071,67.31547501907399
STU_016072,86.01431718279025
STU_016073,81.01207713398334
STU_016074,85.10028484558946
STU_016075,100.0
STU_016076,62.54762189645128
STU_016077,66.79964180787991
STU_016078,84.2177072150684
STU_016079,83.57710102140078
STU_016080,75.17386969033548
STU_016081,67.20402854176339
STU_016082,85.95082220681103
STU_016083,98.49608575457631
STU_016084,74.36637451157571
STU_016085,54.52685007585309
STU_016086,95.13561890707486
STU_016087,67.80351715913137
STU_016088,76.96865710351109
STU_016089,86.73184015395266
STU_016090,90.83655045091085
STU_016091,63.526792596004
STU_016092,73.8306259328328
STU_016093,75.5950847758944
STU_016094,76.2955525309655
STU_016095,74.25606202701988
STU_016096,85.21332794840454
STU_016097,69.70599172923512
STU_016098,63.04047539873077
STU_016099,77.55743911609336
STU_016100,69.39491568690893
STU_016101,61.72538896196465
STU_016102,79.3574531284728
STU_016103,54.458577877155165
STU_016104,81.665781866664
STU_016105,66.44146323034433
STU_016106,63.04400063560835
STU_016107,77.00169729769664
STU_016108,72.05259217439531
STU_016109,69.99096675329312
STU_016110,65.4414653775084
STU_016111,83.91847122712574
STU_016112,79.45987507041396
STU_016113,59.22358773860201
STU_016114,74.38582546333967
STU_016115,86.14881684377697
STU_016116,93.59529600386053
STU_016117,80.42869535456342
STU_016118,67.79115060706808
STU_016119,80.88254876555112
STU_016120,82.47392739270894
STU_016121,69.53882708193285
STU_016122,74.09293152502494
STU_016123,86.60044555985372
STU_016124,91.81841322602651
STU_016125,89.00286967073576
STU_016126,81.45523947265562
STU_016127,82.53727320656292
STU_016128,94.87050781187587
STU_016129,66.93554210433807
STU_016130,98.18174880709448
STU_016131,79.19140683701052
STU_016132,69.59922708798732
STU_016133,76.34564845798742
STU_016134,72.8641670029471
STU_016135,63.42857115647837
STU_016136,91.20606687923012
STU_016137,74.67463473222968
STU_016138,76.90121379583162
STU_016139,97.37831632636578
STU_016140,88.05274396256262
STU_016141,90.95127257069029
STU_016142,79.57249956348406
STU_016143,58.51762312431838
STU_016144,76.76021270420605
STU_016145,77.28215875661664
STU_016146,81.18852350592547
STU_016147,88.317681139905
STU_016148,67.24338978091721
STU_016149,55.79014674830932
STU_016150,95.20687987064588
STU_016151,59.45082238023819
STU_016152,79.00618679599538
STU_016153,71.38416191664598
STU_016154,82.01215032701374
STU_016155,85.04853514441552
STU_016156,68.67696152618758
STU_016157,76.2165065837767
STU_016158,96.14011902237759
STU_016159,62.33006756995782
STU_016160,75.81331996759745
STU_016161,73.95280513262767
STU_016162,92.25646579395921
STU_016163,73.91929865319825
STU_016164,60.811047591172965
STU_016165,92.27774823877252
STU_016166,60.01090190131142
STU_016167,80.21934965803781
STU_016168,86.4651389880327
STU_016169,90.12040754167269
STU_016170,83.92439281820916
STU_016171,75.43882327953801
STU_016172,63.03201164788787
STU_016173,68.4966846981243
STU_016174,60.70555148450906
STU_016175,90.40583554343347
STU_016176,76.15583899979393
STU_016177,83.57279685276043
STU_016178,77.89153324623932
STU_016179,82.35879602939376
STU_016180,56.481485553474364
STU_016181,92.96579663671524
STU_016182,55.55509948221442
STU_016183,78.37500704605978
STU_016184,74.67578359739194
STU_016185,100.0
STU_016186,53.41267838982823
STU_016187,93.92877271528904
STU_016188,79.00159896249512
STU_016189,81.3201953743042
STU_016190,82.69915379893361
STU_016191,54.121779889164024
STU_016192,64.05312936527004
STU_016193,80.52995873377509
STU_016194,91.61850609878226
STU_016195,83.43346865266874
STU_016196,58.90881759944591
STU_016197,96.99007575905992
STU_016198,74.17359958895246
STU_016199,75.3583113884206
STU_016200,66.14816137514586
STU_016201,67.87961572395011
STU_016202,63.67774072376499
STU_016203,71.41953546445296
STU_016204,63.374624483957845
STU_016205,55.99271248126683
STU_016206,69.89439921419694
STU_016207,52.781808007464235
STU_016208,68.27728804015067
STU_016209,72.97989296842715
STU_016210,60.34952755152259
STU_016211,72.89207801579803
STU_016212,68.1846689031709
STU_016213,89.38284648408803
STU_016214,57.77132286674808
STU_016215,69.97095721343011
STU_016216,62.528074433370136
STU_016217,70.46854715609206
STU_016218,100.0
STU_016219,81.17783027184072
STU_016220,87.4137514014985
STU_016221,68.42001177851843
STU_016222,67.55940858460838
STU_016223,61.01653899483831
STU_016224,96.15363133406437
STU_016225,82.24475112261914
STU_016226,86.81920729225668
STU_016227,83.91602595691629
STU_016228,73.02999914016904
STU_016229,69.47998044000336
STU_016230,62.396997953751075
STU_016231,93.68039898671215
STU_016232,96.85866255032998
STU_016233,54.69909607324701
STU_016234,87.07596571950369
STU_016235,59.48601074726692
STU_016236,75.89603184127955
STU_016237,70.70486540918634
STU_016238,87.92083715004024
STU_016239,67.08809670536955
STU_016240,89.59284766236968
STU_016241,83.54074072306827
STU_016242,70.54815052133273
STU_016243,77.06382564162716
STU_016244,77.59194838316843
STU_016245,69.8078405500288
STU_016246,65.61718406163035
STU_016247,73.45287249232314
STU_016248,71.7637454474585
STU_016249,69.78560500708207
STU_016250,89.01049614369705
STU_016251,54.37440457977603
STU_016252,85.94632416572813
STU_016253,84.32690430989976
STU_016254,82.75399556923513
STU_016255,70.7119974602576
STU_016256,51.302090608906525
STU_016257,79.98056402539555
STU_016258,82.01198663540728
STU_016259,72.3416969986753
STU_016260,72.1440376648404
STU_016261,94.79738545879303
STU_016262,78.72655926754774
STU_016263,53.304299174592934
STU_016264,55.76349861045341
STU_016265,99.9656186563051
STU_016266,87.57675680051248
STU_016267,74.40816560567104
STU_016268,82.0617019425653
STU_016269,93.34277103209946
STU_016270,72.53747911991834
STU_016271,68.19555079302835
STU_016272,84.594897101551
STU_016273,77.04174806376896
STU_016274,62.10546950519057
STU_016275,70.83925125994222
STU_016276,57.17017945509438
STU_016277,84.95851545738843
STU_016278,83.3803365898295
STU_016279,79.68323978983055
STU_016280,78.26755745369645
STU_016281,81.06898703075528
STU_016282,70.05665366506638
STU_016283,65.04092160527651
STU_016284,85.84772502938782
STU_016285,61.68344521425946
STU_016286,56.306858155446314
STU_016287,86.24835879193995
STU_016288,89.55254698215765
STU_016289,77.78478763105592
STU_016290,63.10892837301308
STU_016291,77.23727200676048
STU_016292,74.15852059786758
STU_016293,78.80002752974796
STU_016294,71.65636893712647
STU_016295,89.87680608028941
STU_016296,69.55479546972306
STU_016297,86.90454976526466
STU_016298,50.76614618737613
STU_016299,67.99707309479258
STU_016300,68.93714450928121
STU_016301,55.93703829770654
STU_016302,67.19454077268271
STU_016303,76.68535743231418
STU_016304,84.77487126063274
STU_016305,91.45768867746587
STU_016306,77.65318479728901
STU_016307,68.03912227361656
STU_016308,64.25152577540109
STU_016309,90.11036425537418
STU_016310,79.65458327620463
STU_016311,63.863949331100834
STU_016312,66.14406588812635
STU_016313,100.0
STU_016314,86.85609473214386
STU_016315,64.29226938933358
STU_016316,94.03723316509748
STU_016317,83.02986436642367
STU_016318,77.29997758890917
STU_016319,67.50466942343607
STU_016320,68.38200682681466
STU_016321,63.21084770868832
STU_016322,93.55511383149098
STU_016323,69.87129916483244
STU_016324,52.25941583871213
STU_016325,76.35489636735801
STU_016326,72.87418716897945
STU_016327,82.78565269822522
STU_016328,73.76248832474126
STU_016329,69.22839401263916
STU_016330,68.98666486288572
STU_016331,75.85309931257157
STU_016332,87.66022124333428
STU_016333,87.999040595011
STU_016334,62.15120443677941
STU_016335,75.29653979500858
STU_016336,67.21574611307065
STU_016337,63.83563626601364
STU_016338,77.31520511978862
STU_016339,77.2992269778625
STU_016340,89.57331527288373
STU_016341,85.44219684139837
STU_016342,72.03306088200786
STU_016343,72.30472808369323
STU_016344,88.92105689562337
STU_016345,81.97160784944073
STU_016346,83.70988544585035
STU_016347,55.7369621166672
STU_016348,68.79374295727266
STU_016349,84.40037208587461
STU_016350,60.48223840158378
STU_016351,68.00416746564674
STU_016352,79.6521906687812
STU_016353,70.19899875954405
STU_016354,55.54278607448687
STU_016355,75.19388347499269
STU_016356,72.67072241604052
STU_016357,64.05581335398033
STU_016358,74.52274751751875
STU_016359,86.35563115687998
STU_016360,76.95188056267264
STU_016361,76.02338939039522
STU_016362,75.03392384331616
STU_016363,71.43401929210732
STU_016364,66.88508415182142
STU_016365,79.39083595327766
STU_016366,73.09086915951029
STU_016367,74.22159003252656
STU_016368,54.84720900087242
STU_016369,72.28851205029858
STU_016370,45.77203560201639
STU_016371,60.07618476538825
STU_016372,91.0553215741598
STU_016373,83.85309950972386
STU_016374,71.78504571685737
STU_016375,77.5712085473195
STU_016376,89.69657498703518
STU_016377,58.91150482001364
STU_016378,79.26806692957456
STU_016379,59.74208473366818
STU_016380,83.53249588670722
STU_016381,65.12089677982816
STU_016382,79.79204041372758
STU_016383,57.02562066188438
STU_016384,92.01819073363873
STU_016385,92.00638054854983
STU_016386,74.30979625238885
STU_016387,74.22888765920366
STU_016388,62.176887539431355
STU_016389,82.71203439839059
STU_016390,77.90781984028897
STU_016391,100.0
STU_016392,82.73249532299494
STU_016393,78.60417480435736
STU_016394,94.20989110256491
STU_016395,64.9422520901872
STU_016396,89.9373291312956
STU_016397,63.576483800417975
STU_016398,61.13738860676472
STU_016399,69.22201594093514
STU_016400,82.26937085182476
STU_016401,74.96703149550191
STU_016402,94.10448428040576
STU_016403,64.54225918039735
STU_016404,66.53050937090912
STU_016405,68.65591416026587
STU_016406,65.15519849840156
STU_016407,93.52301015714515
STU_016408,88.81355727287166
STU_016409,53.50431931468659
STU_016410,61.30231993298834
STU_016411,53.500504359100404
STU_016412,52.73207976899534
STU_016413,72.81485596771952
STU_016414,85.09783791235905
STU_016415,87.495049127218
STU_016416,78.35808603686412
STU_016417,77.53383650914789
STU_016418,97.52242382657026
STU_016419,74.63086818491821
STU_016420,63.002717871344316
STU_016421,63.84218963152946
STU_016422,64.86071379154778
STU_016423,100.0
STU_016424,70.45345778154069
STU_016425,83.79806789979989
STU_016426,74.3236176769481
STU_016427,74.93838781909758
STU_016428,98.40512126523254
STU_016429,74.75278973394275
STU_016430,86.51093640178522
STU_016431,96.79649006139759
STU_016432,53.5087057372582
STU_016433,63.34031897833562
STU_016434,55.73400102027644
STU_016435,75.38064347013085
STU_016436,90.24448595163733
STU_016437,78.99332119386563
STU_016438,76.20421322028302
STU_016439,73.5987623453718
STU_016440,62.99117863608802
STU_016441,93.90859949461306
STU_016442,92.2344404205014
STU_016443,67.48483150649129
STU_016444,79.56151161984769
STU_016445,72.826526399558
STU_016446,68.23165847436684
STU_016447,66.61058788421181
STU_016448,71.53171923001864
STU_016449,76.12131230770699
STU_016450,75.02558039215593
STU_016451,86.62694157794071
STU_016452,88.05877219617298
STU_016453,64.64670452714714
STU_016454,69.70717146765912
STU_016455,51.9081987279162
STU_016456,74.24702007152835
STU_016457,86.35999876112925
STU_016458,77.7342947893103
STU_016459,79.42325236782825
STU_016460,80.70815092858771
STU_016461,58.12004273641606
STU_016462,84.98350769892676
STU_016463,84.10221927324335
STU_016464,80.4271090644416
STU_016465,80.05755392339573
STU_016466,69.94092826218326
STU_016467,80.70404148697722
STU_016468,61.78091243049299
STU_016469,54.61819198103967
STU_016470,84.80304777980759
STU_016471,59.30084014353982
STU_016472,77.35505228208247
STU_016473,77.59439662114266
STU_016474,67.5470912594477
STU_016475,98.88716422928911
STU_016476,94.39888545260081
STU_016477,91.38775927955876
STU_016478,85.55734263895074
STU_016479,66.43606115495888
STU_016480,76.48879118439156
STU_016481,74.0447416017819
STU_016482,67.37995028872454
STU_016483,84.02015180146556
STU_016484,71.59043817677376
STU_016485,73.55581776110226
STU_016486,86.05912269413835
STU_016487,68.60383280130218
STU_016488,80.11656391806171
STU_016489,92.87812496676581
STU_016490,68.37760505092977
STU_016491,89.78088742174496
STU_016492,88.64414242266282
STU_016493,87.11835359651789
STU_016494,74.72610812114175
STU_016495,50.14801968872459
STU_016496,83.87069312910504
STU_016497,46.17268469900917
STU_016498,61.986624268206
STU_016499,70.9145028189262
STU_016500,74.60844021158142
STU_016501,73.67104090516322
STU_016502,77.51532781953945
STU_016503,59.28527807883621
STU_016504,77.78489685750907
STU_016505,93.13580804250736
STU_016506,76.34396723957835
STU_016507,67.94238598921358
STU_016508,87.25784162813517
STU_016509,44.39906542017943
STU_016510,75.62874709409603
STU_016511,68.83624949022699
STU_016512,70.85817631212939
STU_016513,52.94756576389512
STU_016514,87.72976916867512
STU_016515,62.24800811322142
STU_016516,60.27551963832421
STU_016517,77.16392959508772
STU_016518,78.72246486925292
STU_016519,82.80377895091117
STU_016520,60.739606225687865
STU_016521,100.0
STU_016522,53.068256026550074
STU_016523,75.0815656238759
STU_016524,72.91453528932702
STU_016525,46.21688744836783
STU_016526,99.46038851598968
STU_016527,59.63884465486204
STU_016528,71.32743061641867
STU_016529,72.29137391601013
STU_016530,83.92626701462991
STU_016531,97.15705280532745
STU_016532,96.17396713456664
STU_016533,74.6358147466172
STU_016534,86.76571764405796
STU_016535,69.20123682219655
STU_016536,85.05213076063986
STU_016537,76.55437668906188
STU_016538,62.24575517652921
STU_016539,73.5518717580246
STU_016540,79.82615087378838
STU_016541,100.0
STU_016542,58.375151648564824
STU_016543,60.63950691651615
STU_016544,89.09153218964121
STU_016545,92.21706686837275
STU_016546,70.78850189223736
STU_016547,100.0
STU_016548,91.90902495329094
STU_016549,82.59820180812295
STU_016550,66.96074938300603
STU_016551,82.24533155948387
STU_016552,86.09726850674545
STU_016553,67.22048029026215
STU_016554,88.97446951780836
STU_016555,71.15040178181336
STU_016556,76.75193110091979
STU_016557,73.08421309790323
STU_016558,73.79004944261096
STU_016559,82.39180809345959
STU_016560,67.47843761390877
STU_016561,78.27526034579226
STU_016562,76.5832233579939
STU_016563,73.05633909759877
STU_016564,71.62073383110157
STU_016565,77.34727699423928
STU_016566,87.76041121942953
STU_016567,73.56159674913154
STU_016568,69.66035428120577
STU_016569,60.34782103145062
STU_016570,69.71002675720695
STU_016571,87.79750768287973
STU_016572,56.187243533379984
STU_016573,55.802194489079135
STU_016574,93.21257245671596
STU_016575,67.52490443469904
STU_016576,80.22008864144833
STU_016577,85.6585832368368
STU_016578,88.70227191908425
STU_016579,87.38969586183308
STU_016580,85.90161618178698
STU_016581,95.86242723288896
STU_016582,65.51505093224503
STU_016583,86.03601309507583
STU_016584,97.02305607040755
STU_016585,83.4009631412297
STU_016586,79.4104256945047
STU_016587,75.51305133788351
STU_016588,70.30386673814856
STU_016589,68.18987787736384
STU_016590,73.91672130445355
STU_016591,59.3791609941305
STU_016592,81.2729712800585
STU_016593,83.27472015675153
STU_016594,46.04616783683592
STU_016595,71.77649664775242
STU_016596,89.37074146757969
STU_016597,53.14350997164616
STU_016598,84.45479453360365
STU_016599,48.562232981900294
STU_016600,47.761170439816624
STU_016601,75.41837962136889
STU_016602,56.841356702059905
STU_016603,57.09874550974206
STU_016604,85.89183231250401
STU_016605,91.32828529734309
STU_016606,69.43486426729406
STU_016607,47.88255617045184
STU_016608,85.78933022272508
STU_016609,76.84515026067831
STU_016610,81.54937133331322
STU_016611,59.165129750190424
STU_016612,94.56017934554629
STU_016613,83.6744155696013
STU_016614,66.7889390217501
STU_016615,91.07483572041615
STU_016616,86.39380865330857
STU_016617,93.13499173122098
STU_016618,72.62606107976403
STU_016619,86.3836371471805
STU_016620,60.08803252669382
STU_016621,78.33071509001344
STU_016622,76.4826390913837
STU_016623,73.77062437605142
STU_016624,96.31912263475316
STU_016625,83.09585176057753
STU_016626,58.193366675546436
STU_016627,99.52974565035234
STU_016628,85.73271926409774
STU_016629,53.87559680267904
STU_016630,70.61883035520293
STU_016631,67.60580745811616
STU_016632,65.65173966504571
STU_016633,78.26756454802984
STU_016634,63.98379697962096
STU_016635,93.62449135280656
STU_016636,82.44019329364838
STU_016637,68.43955964684206
STU_016638,65.92870248557074
STU_016639,64.10774533152738
STU_016640,100.0
STU_016641,79.3099467598298
STU_016642,61.51405469761215
STU_016643,70.4919276486179
STU_016644,78.92596318662258
STU_016645,80.98628187625437
STU_016646,85.71954501158228
STU_016647,65.96038687917918
STU_016648,79.71849045331987
STU_016649,85.9442966513772
STU_016650,86.68065739549778
STU_016651,83.70175381778547
STU_016652,84.75540682525039
STU_016653,79.46724791079504
STU_016654,92.69562016577706
STU_016655,72.52987026668517
STU_016656,76.12901857319842
STU_016657,78.77781860041159
STU_016658,90.18383158997268
STU_016659,76.14635431815938
STU_016660,90.8460032343828
STU_016661,71.18415921833292
STU_016662,72.02250687141554
STU_016663,90.74424100357314
STU_016664,70.15914564619877
STU_016665,79.22783340614892
STU_016666,63.32873783203637
STU_016667,70.04015006628981
STU_016668,94.52124267286446
STU_016669,77.3053833716132
STU_016670,83.73187402438785
STU_016671,99.75618130508198
STU_016672,86.6719322165118
STU_016673,66.2877561575933
STU_016674,78.34665310255959
STU_016675,73.22107853395285
STU_016676,99.11870130578225
STU_016677,89.38975932895157
STU_016678,85.90233952397111
STU_016679,86.30598062620203
STU_016680,61.24464683982661
STU_016681,96.70850480693667
STU_016682,84.32539965918059
STU_016683,74.51121229860688
STU_016684,66.28503235197425
STU_016685,76.86189684093543
STU_016686,71.5721064403728
STU_016687,95.60831932276403
STU_016688,62.26594611274674
STU_016689,70.31144931191363
STU_016690,56.374794648970706
STU_016691,80.33315775575706
STU_016692,75.39945938822996
STU_016693,65.99053211251208
STU_016694,82.00690047735435
STU_016695,79.94104102999289
STU_016696,75.30210125701245
STU_016697,75.37164051503146
STU_016698,82.3051478186906
STU_016699,67.72355282376802
STU_016700,72.90142508595181
STU_016701,76.38340394086377
STU_016702,82.00422238378223
STU_016703,91.83619133878314
STU_016704,86.32976387766533
STU_016705,88.56412978598982
STU_016706,76.4888763964402
STU_016707,79.64957028121789
STU_016708,88.32546543049894
STU_016709,44.47646609602578
STU_016710,77.02254070253963
STU_016711,60.16059546177823
STU_016712,50.3588545932089
STU_016713,94.65023173409074
STU_016714,94.62777436255575
STU_016715,67.1752893249178
STU_016716,70.78660157336519
STU_016717,86.99107496416227
STU_016718,54.72330270354841
STU_016719,86.31403143457196
STU_016720,94.42085617090132
STU_016721,78.84386162219333
STU_016722,77.92602667617919
STU_016723,72.11264564455888
STU_016724,71.46612814249114
STU_016725,69.80264260143264
STU_016726,60.2643423494978
STU_016727,68.54965323437175
STU_016728,60.584983705913395
STU_016729,78.56975236718176
STU_016730,81.68139712227614
STU_016731,66.67567199612823
STU_016732,89.47156260400048
STU_016733,85.77799345434691
STU_016734,57.944913200287125
STU_016735,85.7872617911244
STU_016736,61.49055990678697
STU_016737,66.13872749774204
STU_016738,77.09319103183006
STU_016739,80.35043259048926
STU_016740,70.64961747856081
STU_016741,78.11068360660211
STU_016742,90.00583242975516
STU_016743,74.07511858956526
STU_016744,61.146062850767166
STU_016745,64.10655895101777
STU_016746,58.08577394337244
STU_016747,81.5810537384934
STU_016748,79.3420219242909
STU_016749,57.18087363335585
STU_016750,87.96363076802452
STU_016751,87.63512732478945
STU_016752,60.11841590499295
STU_016753,75.04026347103122
STU_016754,100.0
STU_016755,75.52373709688415
STU_016756,76.00398735360982
STU_016757,83.42789538284686
STU_016758,53.528064666262246
STU_016759,96.36799922730432
STU_016760,73.61632967032534
STU_016761,77.77395547937692
STU_016762,74.15121490783623
STU_016763,79.87815590540413
STU_016764,66.52482575491678
STU_016765,87.95027858633436
STU_016766,91.93802133991687
STU_016767,80.65256585610575
STU_016768,87.03310571219205
STU_016769,52.861021727885735
STU_016770,56.6609218275046
STU_016771,64.94465404338543
STU_016772,87.2654869376299
STU_016773,69.53719285795793
STU_016774,79.26253498006169
STU_016775,70.66486815099232
STU_016776,87.88361004002444
STU_016777,53.11318898610529
STU_016778,81.84984039385893
STU_016779,73.00436489551501
STU_016780,83.96743668958463
STU_016781,51.474741395593696
STU_016782,84.52566412818358
STU_016783,67.22932716579665
STU_016784,92.85850675154309
STU_016785,88.38455494079602
STU_016786,71.60860281770157
STU_016787,65.22460492130745
STU_016788,90.05282610128553
STU_016789,71.95902135677356
STU_016790,86.24199779016115
STU_016791,68.25767310433821
STU_016792,73.16174374244328
STU_016793,77.93089188272549
STU_016794,72.91185857669724
STU_016795,74.52856872528426
STU_016796,86.78838251505049
STU_016797,67.14569860582351
STU_016798,74.51009964982394
STU_016799,91.31131301631368
STU_016800,65.0291682153369
STU_016801,60.6184519867264
STU_016802,68.30468303327315
STU_016803,91.53988286543945
STU_016804,91.54697041282441
STU_016805,57.14544133478372
STU_016806,80.4045250885392
STU_016807,78.9925025217327
STU_016808,86.00118644469363
STU_016809,82.92082645392341
STU_016810,49.888392307377586
STU_016811,73.68225761799017
STU_016812,70.32738680465921
STU_016813,74.47466937863672
STU_016814,87.38461043892053
STU_016815,69.1628884086277
STU_016816,71.90832911186712
STU_016817,100.0
STU_016818,55.036823962038646
STU_016819,87.25628124259589
STU_016820,78.36327878255794
STU_016821,80.03163975201147
STU_016822,73.08954350614353
STU_016823,100.0
STU_016824,83.34311721787401
STU_016825,82.81718784107866
STU_016826,69.97569887058805
STU_016827,77.2960525313311
STU_016828,70.46447845823324
STU_016829,80.27236906167701
STU_016830,72.65291215828982
STU_016831,90.0990086585214
STU_016832,67.76070514544058
STU_016833,62.41235759622943
STU_016834,83.06497525433355
STU_016835,77.8473524170804
STU_016836,80.38948077432165
STU_016837,97.94705042577137
STU_016838,89.87335393457263
STU_016839,63.63739266569003
STU_016840,81.00681907244966
STU_016841,97.45111024264881
STU_016842,76.22919211536674
STU_016843,69.80292717136489
STU_016844,90.16191909285021
STU_016845,68.35097958320226
STU_016846,64.37200911158604
STU_016847,72.11473938983704
STU_016848,59.817670219526576
STU_016849,73.31661035347756
STU_016850,76.08395891199238
STU_016851,66.87284558396516
STU_016852,85.89353013717592
STU_016853,89.12013131110552
STU_016854,87.26024982942988
STU_016855,74.6457933649705
STU_016856,97.55890751700314
STU_016857,66.33751702774984
STU_016858,58.79673403751337
STU_016859,99.08519844873129
STU_016860,99.00518630047645
STU_016861,77.74461592682101
STU_016862,93.25562888377826
STU_016863,96.90313955536556
STU_016864,56.69754983245655
STU_016865,90.74409600379694
STU_016866,71.14991347590993
STU_016867,93.0582243026588
STU_016868,73.68205595246162
STU_016869,86.86716472404134
STU_016870,62.476464255194934
STU_016871,59.54204973640836
STU_016872,77.14776966743875
STU_016873,91.48609757045233
STU_016874,68.17259852158962
STU_016875,80.87611353486801
STU_016876,57.85144909176251
STU_016877,100.0
STU_016878,57.30440000963633
STU_016879,90.30459981368206
STU_016880,86.14527714751922
STU_016881,65.30113544413149
STU_016882,73.5267142092464
STU_016883,86.93290909138214
STU_016884,70.84733050448183
STU_016885,89.50327347537186
STU_016886,80.29801294287566
STU_016887,65.56738523166142
STU_016888,84.12092299350086
STU_016889,73.86965984637924
STU_016890,72.3433795728514
STU_016891,63.59620624463807
STU_016892,80.2316842061334
STU_016893,66.88263538360252
STU_016894,81.45011760330769
STU_016895,74.55602837337482
STU_016896,67.72068595218266
STU_016897,53.373207897558046
STU_016898,100.0
STU_016899,79.27551079639568
STU_016900,95.92233637506534
STU_016901,75.84565398303103
STU_016902,93.04238830246243
STU_016903,80.11022565255841
STU_016904,84.0361917467692
STU_016905,83.11117338091513
STU_016906,70.95150582365174
STU_016907,80.35450727711083
STU_016908,69.21114443286729
STU_016909,88.30078167308322
STU_016910,67.42378548634397
STU_016911,74.1306345368243
STU_016912,68.42123702782354
STU_016913,57.68195574453439
STU_016914,90.16384439023159
STU_016915,89.86682173724819
STU_016916,79.1338467130255
STU_016917,84.14994306109676
STU_016918,51.43997752452962
STU_016919,69.81426604500169
STU_016920,73.12180140527374
STU_016921,75.66924819122517
STU_016922,71.20903829726343
STU_016923,90.84374080911485
STU_016924,57.23005556208897
STU_016925,80.61533836687754
STU_016926,78.66169400025888
STU_016927,57.45549013557934
STU_016928,77.27784361067818
STU_016929,68.05866302475975
STU_016930,95.05409852426631
STU_016931,48.63795154593626
STU_016932,84.7768859853659
STU_016933,83.10328195345863
STU_016934,66.09102312313694
STU_016935,71.56925339766455
STU_016936,64.40010532621892
STU_016937,71.0331392643112
STU_016938,88.94289971025798
STU_016939,90.81069984369455
STU_016940,92.13969309849429
STU_016941,61.090387379180235
STU_016942,80.31338589889876
STU_016943,71.8315931906933
STU_016944,82.75481566306387
STU_016945,91.68196486250909
STU_016946,82.32296912566747
STU_016947,72.83540080167523
STU_016948,77.64820431790106
STU_016949,65.0026842985479
STU_016950,68.70901147698541
STU_016951,96.01248754727202
STU_016952,58.31102587334766
STU_016953,62.51265648726272
STU_016954,70.42150279797757
STU_016955,88.07430963016105
STU_016956,87.87647381023751
STU_016957,66.86809382730107
STU_016958,73.65290353073537
STU_016959,95.62787746104331
STU_016960,82.93235683404349
STU_016961,66.00087618383253
STU_016962,71.52326322612353
STU_016963,95.55814153008001
STU_016964,86.62616320210466
STU_016965,88.33207704237174
STU_016966,74.88796875320787
STU_016967,88.75081865133704
STU_016968,97.2957684566537
STU_016969,61.81905605729879
STU_016970,76.09077716238276
STU_016971,60.189813922465795
STU_016972,95.28603748528066
STU_016973,69.48026075456053
STU_016974,77.07075482119058
STU_016975,60.217007497269606
STU_016976,70.23383242129452
STU_016977,89.32860713300373
STU_016978,68.61719209809826
STU_016979,58.18123027924522
STU_016980,83.58077165505486
STU_016981,62.93520474673087
STU_016982,72.77055819251073
STU_016983,62.85818156668638
STU_016984,67.2667235756198
STU_016985,100.0
STU_016986,87.915077735487
STU_016987,78.35905565865956
STU_016988,73.54646544762464
STU_016989,84.79853918554953
STU_016990,71.13327067405511
STU_016991,65.55379104032939
STU_016992,82.51661655669773
STU_016993,77.33626188616844
STU_016994,64.08010060815457
STU_016995,64.53097246713222
STU_016996,93.75815394319402
STU_016997,81.04306538158323
STU_016998,92.08594491877263
STU_016999,96.59035913429058
STU_017000,85.13726052531828
STU_017001,89.19861431003767
STU_017002,92.92811681820788
STU_017003,95.42821459120985
STU_017004,67.03260013724864
STU_017005,88.37478653462367
STU_017006,88.74211122251813
STU_017007,76.68621089030373
STU_017008,80.9783731559106
STU_017009,84.1179186280793
STU_017010,73.98518227643382
STU_017011,53.04190003692794
STU_017012,57.48987669188812
STU_017013,100.0
STU_017014,74.81469172914007
STU_017015,81.40171339454268
STU_017016,89.45237446992866
STU_017017,64.92158021473757
STU_017018,75.96449194555515
STU_017019,57.19593154039362
STU_017020,66.10112402663499
STU_017021,78.35399775807225
STU_017022,68.62869526211897
STU_017023,63.44561637018037
STU_017024,61.962447781313266
STU_017025,65.81971067280756
STU_017026,78.57082593160145
STU_017027,77.52722315107462
STU_017028,75.13589084759082
STU_017029,90.28043235510107
STU_017030,88.20316807361199
STU_017031,57.678304736367956
STU_017032,89.37918145397238
STU_017033,83.15296777043679
STU_017034,75.8391367024784
STU_017035,69.60992769145548
STU_017036,87.33358498495498
STU_017037,95.24790676214867
STU_017038,95.71960560918546
STU_017039,88.45331060277744
STU_017040,98.80927790720735
STU_017041,61.33946783674558
STU_017042,87.36506092731462
STU_017043,72.11083991205534
STU_017044,91.78652610831314
STU_017045,87.33715064745675
STU_017046,82.81726952510706
STU_017047,97.91680044537323
STU_017048,69.60242756563416
STU_017049,82.67541969922992
STU_017050,66.18949766043677
STU_017051,76.18693318125393
STU_017052,97.6501010165352
STU_017053,79.84223244381641
STU_017054,92.1419595042016
STU_017055,85.14462300446283
STU_017056,78.71132703215645
STU_017057,95.66839094667331
STU_017058,78.38085081338818
STU_017059,59.485972526861
STU_017060,66.96833335977769
STU_017061,93.27275795271719
STU_017062,60.04986190184927
STU_017063,75.15099990282009
STU_017064,67.21910711998375
STU_017065,94.10306084901772
STU_017066,58.009219078550544
STU_017067,94.34481619265368
STU_017068,71.80931672660545
STU_017069,80.54288078270632
STU_017070,82.58691972697476
STU_017071,79.19483248256316
STU_017072,75.04679221852226
STU_017073,91.30618139376567
STU_017074,87.06568718339477
STU_017075,91.16984005921222
STU_017076,60.15968403130256
STU_017077,89.81555572636381
STU_017078,65.06066601785714
STU_017079,62.57138789761253
STU_017080,53.73157808831866
STU_017081,72.81551594738974
STU_017082,78.90437241067347
STU_017083,68.58539585014933
STU_017084,54.02957954547916
STU_017085,64.30532513774567
STU_017086,88.53243747484227
STU_017087,68.66944756359062
STU_017088,92.62708095331872
STU_017089,62.95456843027134
STU_017090,84.36189133006518
STU_017091,67.43807825133653
STU_017092,88.40904615826096
STU_017093,53.514516092749005
STU_017094,80.26897519374408
STU_017095,53.1963350132481
STU_017096,60.05374325768517
STU_017097,63.300202247057555
STU_017098,48.45130182539042
STU_017099,75.12282031238166
STU_017100,87.76326271971868
STU_017101,76.65029366513312
STU_017102,70.64570160077193
STU_017103,78.73444601272804
STU_017104,83.12401772764592
STU_017105,67.5646294992631
STU_017106,63.102487234995905
STU_017107,47.68323884243073
STU_017108,82.33795608541341
STU_017109,70.99016357137106
STU_017110,69.01455534869164
STU_017111,83.98248716376615
STU_017112,83.24809246033313
STU_017113,58.083260722188314
STU_017114,74.77263780369837
STU_017115,74.67848149673642
STU_017116,100.0
STU_017117,52.195761951646034
STU_017118,87.84303375193569
STU_017119,83.66183907299722
STU_017120,85.57142674574219
STU_017121,76.38765934133619
STU_017122,98.79717979634349
STU_017123,64.13048983849127
STU_017124,71.7129450918285
STU_017125,72.88907654587705
STU_017126,82.63780110809257
STU_017127,59.85570157898371
STU_017128,68.73936851581736
STU_017129,64.15328375935955
STU_017130,77.93679263776038
STU_017131,70.40938076693726
STU_017132,71.37849651144927
STU_017133,80.90210951877168
STU_017134,96.97424180259763
STU_017135,62.203386202882434
STU_017136,82.15023398771346
STU_017137,58.57710951381992
STU_017138,76.92628308756564
STU_017139,90.81115825393053
STU_017140,76.72142664148521
STU_017141,87.29037331282841
STU_017142,88.89810609487608
STU_017143,56.807162056381465
STU_017144,87.74925288622333
STU_017145,91.38703115244917
STU_017146,94.22852099753773
STU_017147,97.46725610260565
STU_017148,73.19169683978848
STU_017149,70.90760486434182
STU_017150,58.010534637891766
STU_017151,79.7487491210498
STU_017152,76.85324790529536
STU_017153,82.47524942831404
STU_017154,81.60949998094367
STU_017155,59.02515714393487
STU_017156,58.62762053795438
STU_017157,73.02048739481164
STU_017158,88.35665890209607
STU_017159,60.97052201258246
STU_017160,55.41197872469933
STU_017161,83.10381361645116
STU_017162,75.44451995542708
STU_017163,76.18278900602253
STU_017164,92.53457162981417
STU_017165,65.36559614584759
STU_017166,72.92818016886972
STU_017167,67.55507569308132
STU_017168,79.91159626147629
STU_017169,86.48953245789066
STU_017170,85.72076239164322
STU_017171,91.50827342036133
STU_017172,70.74928364149358
STU_017173,59.397849677468805
STU_017174,56.643149319725296
STU_017175,100.0
STU_017176,81.42566650362032
STU_017177,74.73645464121059
STU_017178,86.41350002935651
STU_017179,86.90795047152123
STU_017180,74.9482738157263
STU_017181,80.4224271764138
STU_017182,70.42539203113962
STU_017183,93.38846127177396
STU_017184,85.36487050281245
STU_017185,95.70766284016008
STU_017186,67.44385967960073
STU_017187,84.23955816896415
STU_017188,77.30051572823447
STU_017189,56.03761915838919
STU_017190,93.05581348842317
STU_017191,69.39433683078146
STU_017192,65.90488529574843
STU_017193,58.04699078040831
STU_017194,82.35716685172957
STU_017195,69.75791401411985
STU_017196,79.95961824575956
STU_017197,77.28795150703333
STU_017198,70.20111169984416
STU_017199,75.06127557715763
STU_017200,65.89014236891057
STU_017201,72.16357090097556
STU_017202,88.04642271783977
STU_017203,72.60360752553144
STU_017204,65.75017937863727
STU_017205,89.5983595643769
STU_017206,76.9053757243253
STU_017207,96.0809195160528
STU_017208,63.6323843190322
STU_017209,58.09562330279341
STU_017210,40.58201873150407
STU_017211,83.34288683415832
STU_017212,93.13826997831379
STU_017213,89.67110512219699
STU_017214,85.87985378981551
STU_017215,63.75817960279202
STU_017216,62.858534227223075
STU_017217,100.0
STU_017218,72.93023510094604
STU_017219,94.91009445193426
STU_017220,78.04911100310731
STU_017221,69.41188347748377
STU_017222,67.34693028655356
STU_017223,70.72180753175283
STU_017224,85.23498054863636
STU_017225,91.07268922599286
STU_017226,76.43456629970294
STU_017227,72.10360680641297
STU_017228,84.82659483604803
STU_017229,69.02803885937297
STU_017230,95.81742984262024
STU_017231,72.55437887056675
STU_017232,67.82672348572285
STU_017233,72.65062061783688
STU_017234,88.61229283551398
STU_017235,74.67245880119064
STU_017236,63.22330931026843
STU_017237,92.4910899835857
STU_017238,77.30116301780197
STU_017239,51.825333719603485
STU_017240,91.84151237740822
STU_017241,70.80229593488066
STU_017242,49.590015671161375
STU_017243,83.11138118066759
STU_017244,75.73482443756595
STU_017245,90.8780106526164
STU_017246,84.58798741736524
STU_017247,58.871144889690534
STU_017248,69.29936943108771
STU_017249,64.9099295199354
STU_017250,58.601611615510535
STU_017251,87.57877164979212
STU_017252,61.00701192068766
STU_017253,86.81852823378452
STU_017254,51.26774904447943
STU_017255,56.24638280444262
STU_017256,50.4641686681932
STU_017257,77.67329888680248
STU_017258,75.26868265267643
STU_017259,69.58537968303017
STU_017260,68.98195378814052
STU_017261,56.9121473812051
STU_017262,72.3723629333968
STU_017263,77.19489772202222
STU_017264,67.28140684454654
STU_017265,88.14629298919132
STU_017266,54.29547396076977
STU_017267,64.39896767268796
STU_017268,72.73950132514265
STU_017269,65.12111770201759
STU_017270,78.24373868027126
STU_017271,79.1730224114303
STU_017272,61.68548163115891
STU_017273,85.18740223642249
STU_017274,86.14997816421338
STU_017275,68.60129907239977
STU_017276,56.68804646089447
STU_017277,76.63298371518404
STU_017278,90.86289159123808
STU_017279,73.4697877531816
STU_017280,83.54808781013375
STU_017281,70.10453204928164
STU_017282,72.94817870079983
STU_017283,80.13560791807119
STU_017284,88.78972177112303
STU_017285,85.31628263524992
STU_017286,70.5264882886053
STU_017287,62.528175364884206
STU_017288,63.16027323805491
STU_017289,75.85263283621494
STU_017290,88.49077895322336
STU_017291,79.38167137033982
STU_017292,63.605080633447706
STU_017293,72.61246581008682
STU_017294,70.27856807108807
STU_017295,72.4634043745579
STU_017296,72.74658596909634
STU_017297,94.61191155389096
STU_017298,65.28946526344916
STU_017299,68.33767760217034
STU_017300,56.72151181373403
STU_017301,57.585585644696714
STU_017302,71.4485704537836
STU_017303,94.99051977211174
STU_017304,87.75162101832561
STU_017305,75.6781556863726
STU_017306,80.8042778356171
STU_017307,98.74276040637137
STU_017308,89.70944510831181
STU_017309,85.34707584544302
STU_017310,60.78366085570777
STU_017311,76.71438197919137
STU_017312,69.84830098290432
STU_017313,89.25303255171238
STU_017314,76.0785772554789
STU_017315,84.50783512068078
STU_017316,72.35877288408247
STU_017317,82.5790970162472
STU_017318,42.969250713217825
STU_017319,67.3635378375375
STU_017320,89.59305948601269
STU_017321,84.90293842416453
STU_017322,75.78854065448965
STU_017323,77.64049371639676
STU_017324,87.62717633989766
STU_017325,83.98556632699662
STU_017326,71.15124788974357
STU_017327,87.18743571701128
STU_017328,77.63572997893769
STU_017329,44.089054311599526
STU_017330,91.27442048939157
STU_017331,82.67564510763506
STU_017332,66.21682774897036
STU_017333,66.65876072495728
STU_017334,83.03334691697385
STU_017335,84.41333617430114
STU_017336,62.93943313359287
STU_017337,78.34526882637114
STU_017338,81.82236758362247
STU_017339,96.03856664975679
STU_017340,83.17672467243217
STU_017341,88.18304064649986
STU_017342,63.06999948089386
STU_017343,84.26924327208685
STU_017344,62.19287885390908
STU_017345,69.85413783004071
STU_017346,59.29156095876874
STU_017347,92.70911952429388
STU_017348,72.48099044657872
STU_017349,81.66204288955785
STU_017350,55.21245027038405
STU_017351,60.92319547446782
STU_017352,60.6210702074898
STU_017353,59.30856890545347
STU_017354,85.6999174068237
STU_017355,61.70797584775074
STU_017356,67.77357720435317
STU_017357,61.21384082362756
STU_017358,62.441897290506795
STU_017359,86.60345594159851
STU_017360,100.0
STU_017361,94.69718379706292
STU_017362,67.85390624921011
STU_017363,87.91480199161681
STU_017364,89.90251314757175
STU_017365,82.17282005722122
STU_017366,86.40005355028197
STU_017367,100.0
STU_017368,62.669528141214975
STU_017369,58.40907562326882
STU_017370,78.60731243683335
STU_017371,84.28427167291723
STU_017372,84.25441793955952
STU_017373,64.66130333676084
STU_017374,54.308616674227665
STU_017375,87.60367316773085
STU_017376,73.25068083684654
STU_017377,70.17612337838302
STU_017378,83.5439607744177
STU_017379,63.19371533039255
STU_017380,64.66405710126004
STU_017381,58.25985093465701
STU_017382,81.63316292085335
STU_017383,83.22726290855078
STU_017384,70.96392747300087
STU_017385,75.41637168646112
STU_017386,74.20584603566854
STU_017387,83.43012720378873
STU_017388,71.05101138258951
STU_017389,83.95541237594469
STU_017390,73.91437008952533
STU_017391,77.3589700636339
STU_017392,66.8785488604737
STU_017393,67.22625358795764
STU_017394,73.49873368306642
STU_017395,59.15330404388494
STU_017396,80.9939434230605
STU_017397,76.92799643263189
STU_017398,81.75610803023332
STU_017399,88.06934348061407
STU_017400,47.24943115189789
STU_017401,47.960862482846984
STU_017402,97.05874516617193
STU_017403,62.75099317969736
STU_017404,75.43560726573368
STU_017405,64.47733135737585
STU_017406,65.9805070047333
STU_017407,63.89049527859841
STU_017408,82.00467878951481
STU_017409,79.4289418782963
STU_017410,74.30609333379076
STU_017411,57.90410254269069
STU_017412,80.40888982726031
STU_017413,81.41661061849793
STU_017414,80.677033320828
STU_017415,56.122290421034634
STU_017416,62.39023678445561
STU_017417,78.39970488720874
STU_017418,89.03154678554614
STU_017419,65.05795454031964
STU_017420,78.83411371330835
STU_017421,78.95451739613833
STU_017422,80.45482916211199
STU_017423,72.55863400015276
STU_017424,58.48221033791604
STU_017425,78.9134447312752
STU_017426,68.47841556836342
STU_017427,72.17295747387342
STU_017428,72.33882448012803
STU_017429,60.3085209210909
STU_017430,99.14703963509758
STU_017431,66.84673816105568
STU_017432,96.23934187662553
STU_017433,84.51397699489483
STU_017434,74.00132145979481
STU_017435,83.0161149780009
STU_017436,72.02509317707421
STU_017437,82.9183095183317
STU_017438,99.45078115039837
STU_017439,65.13562194214579
STU_017440,87.21318057444745
STU_017441,50.84944479161894
STU_017442,74.10686641367303
STU_017443,86.18839681990822
STU_017444,75.98669204720942
STU_017445,94.54739076304296
STU_017446,86.19935984414289
STU_017447,61.34913914911818
STU_017448,78.54026054838289
STU_017449,81.23458937983196
STU_017450,80.36687788990368
STU_017451,73.03226093071262
STU_017452,74.99608407899898
STU_017453,91.79271810174984
STU_017454,59.406865258238376
STU_017455,89.69697853301145
STU_017456,77.671049092732
STU_017457,66.83673905053081
STU_017458,63.30045830314786
STU_017459,81.26225161653792
STU_017460,64.70616933550745
STU_017461,85.46670209962888
STU_017462,80.12643277984355
STU_017463,92.52727650530147
STU_017464,66.8762879668309
STU_017465,83.60115202733489
STU_017466,77.06809941187835
STU_017467,54.407482173041096
STU_017468,79.8059885386191
STU_017469,98.97002997582803
STU_017470,89.44903445577204
STU_017471,87.2202217214998
STU_017472,66.08966745184175
STU_017473,99.01077381135916
STU_017474,38.71483289339166
STU_017475,61.166827594422934
STU_017476,70.08045155248473
STU_017477,65.45963333376379
STU_017478,53.76568217078747
STU_017479,79.3861231333906
STU_017480,98.09279179516565
STU_017481,92.07191427058852
STU_017482,80.2619327280435
STU_017483,87.51878343053639
STU_017484,83.42500517243721
STU_017485,88.55675668109114
STU_017486,74.53043116281611
STU_017487,87.67132993810675
STU_017488,59.16754505469093
STU_017489,59.38450977121578
STU_017490,94.98191073078942
STU_017491,69.25457455865
STU_017492,58.61512980862946
STU_017493,80.3018970758663
STU_017494,77.09826224423144
STU_017495,53.90983683521557
STU_017496,79.12734424902605
STU_017497,83.94930340377167
STU_017498,59.72368727929828
STU_017499,86.07556759784059
STU_017500,85.96503341464388
STU_017501,77.26271121988381
STU_017502,85.21670824396259
STU_017503,70.63654772227763
STU_017504,83.4554861288094
STU_017505,79.58997837232253
STU_017506,77.7735556426524
STU_017507,53.960043796454435
STU_017508,70.74605599417609
STU_017509,86.22331170468718
STU_017510,98.76347419148036
STU_017511,74.01385301157592
STU_017512,61.95131802303707
STU_017513,74.33191191776466
STU_017514,74.55954237232972
STU_017515,78.7114889462485
STU_017516,96.31572494060002
STU_017517,80.8916644177522
STU_017518,84.36936266953678
STU_017519,83.92338467553066
STU_017520,97.1045841563583
STU_017521,61.82048191957377
STU_017522,73.50622021927278
STU_017523,77.87629336787614
STU_017524,59.8880250455864
STU_017525,72.03394402682895
STU_017526,78.491221412724
STU_017527,76.0378421832147
STU_017528,74.2970303892889
STU_017529,100.0
STU_017530,82.42369694914404
STU_017531,93.34780137237237
STU_017532,59.080963944322676
STU_017533,64.88279495959733
STU_017534,55.60656237257546
STU_017535,72.66303637291131
STU_017536,80.66367442197561
STU_017537,95.62088701420838
STU_017538,92.01802607690927
STU_017539,70.1797262586038
STU_017540,94.93615151755027
STU_017541,54.55195973479246
STU_017542,71.830183510724
STU_017543,80.16174592506223
STU_017544,95.08012664314836
STU_017545,70.80449879195956
STU_017546,70.05966932092414
STU_017547,93.65859904724662
STU_017548,78.14854993952184
STU_017549,97.03991764790014
STU_017550,75.79769634471091
STU_017551,95.95313579520148
STU_017552,54.927068856214945
STU_017553,86.9681599408429
STU_017554,61.1603429756172
STU_017555,71.0558255599324
STU_017556,67.449633938396
STU_017557,57.93639783207187
STU_017558,53.86713450282101
STU_017559,80.76444232923235
STU_017560,71.43743568714739
STU_017561,95.2107827074192
STU_017562,59.843985901151655
STU_017563,69.08817136476708
STU_017564,69.90476841407911
STU_017565,71.71436858906905
STU_017566,82.21644659839272
STU_017567,69.6507565529148
STU_017568,71.09791853395686
STU_017569,73.3689795071293
STU_017570,97.51156611978547
STU_017571,91.55129318973718
STU_017572,81.06164218469581
STU_017573,73.76841231837525
STU_017574,80.77863519178906
STU_017575,91.77613361999408
STU_017576,87.77692846428947
STU_017577,65.72052333697884
STU_017578,76.0978896781893
STU_017579,75.64571730515846
STU_017580,75.80016777412702
STU_017581,72.52525929217877
STU_017582,78.85857848514055
STU_017583,92.93307606437558
STU_017584,60.85057714944499
STU_017585,54.07062984544439
STU_017586,81.7586766062386
STU_017587,61.49482264723853
STU_017588,68.56191815555731
STU_017589,90.37636996694089
STU_017590,73.21620113118847
STU_017591,90.5403683558662
STU_017592,68.37413134474309
STU_017593,59.97358012223457
STU_017594,55.93566809486637
STU_017595,93.54301918229424
STU_017596,70.96380633307118
STU_017597,91.30666690070147
STU_017598,49.3216009096901
STU_017599,66.56917710176566
STU_017600,72.65331468495913
STU_017601,69.06522235397125
STU_017602,66.95143355138084
STU_017603,83.3580410738584
STU_017604,85.76505845552744
STU_017605,66.704179628118
STU_017606,92.51941657324294
STU_017607,81.48845288716372
STU_017608,90.42882844028736
STU_017609,78.7453091651932
STU_017610,78.00679591473019
STU_017611,74.99759113748922
STU_017612,96.13551987298241
STU_017613,82.26314263140176
STU_017614,90.76416584889844
STU_017615,65.72193339806155
STU_017616,83.97145001290126
STU_017617,89.65576524177128
STU_017618,44.55697091889844
STU_017619,61.921935334551385
STU_017620,76.54683588704529
STU_017621,84.49198056013469
STU_017622,97.55760870156462
STU_017623,58.03437791874781
STU_017624,69.54341930492305
STU_017625,70.93242351776122
STU_017626,57.91195175690829
STU_017627,56.473719469160834
STU_017628,74.51150873516998
STU_017629,69.0290622513843
STU_017630,61.22894362165379
STU_017631,52.95910396122606
STU_017632,76.92440954602144
STU_017633,76.52671568353573
STU_017634,79.85142874050969
STU_017635,76.78560868232286
STU_017636,70.68231613150704
STU_017637,93.08607448134946
STU_017638,66.54802567447808
STU_017639,87.24346717299969
STU_017640,94.54130081950782
STU_017641,99.67659808812186
STU_017642,60.28826645005088
STU_017643,66.15899953419408
STU_017644,77.60340089842772
STU_017645,80.22359225410162
STU_017646,74.20955653815668
STU_017647,61.2074203369678
STU_017648,86.09813666011881
STU_017649,95.44664769717615
STU_017650,94.84184107428851
STU_017651,67.44842714463731
STU_017652,69.74512299890762
STU_017653,100.0
STU_017654,73.9632577975586
STU_017655,85.65329775918924
STU_017656,84.15591546826042
STU_017657,53.55909074897596
STU_017658,69.11530349225369
STU_017659,100.0
STU_017660,75.23362991542082
STU_017661,77.40638118898359
STU_017662,65.15804930068235
STU_017663,76.68605576331366
STU_017664,77.131195710757
STU_017665,72.02016493772719
STU_017666,75.98503660649625
STU_017667,69.39801044107257
STU_017668,74.84425749951549
STU_017669,71.23120679380622
STU_017670,49.573190381004586
STU_017671,65.95538360649485
STU_017672,57.83511061355793
STU_017673,68.27819423801958
STU_017674,68.65493251070552
STU_017675,69.95629880860754
STU_017676,66.63925042648307
STU_017677,78.02398586809494
STU_017678,85.32297246344777
STU_017679,88.36239996995452
STU_017680,63.90558120113505
STU_017681,83.28167738307666
STU_017682,74.32700063337299
STU_017683,76.71525995119801
STU_017684,83.6349403783921
STU_017685,68.74397682685361
STU_017686,64.36070732455967
STU_017687,73.20973041390322
STU_017688,69.9405447423728
STU_017689,89.57430546478834
STU_017690,67.24675232175052
STU_017691,67.25272749738633
STU_017692,71.21207199596337
STU_017693,65.60597552645324
STU_017694,80.75178970955221
STU_017695,95.86936072481804
STU_017696,83.7352854700606
STU_017697,44.49925886786167
STU_017698,55.06003038995395
STU_017699,96.75635257060972
STU_017700,51.25865237243849
STU_017701,51.466900180075896
STU_017702,84.53597621553948
STU_017703,79.22129523336268
STU_017704,59.80002292235012
STU_017705,60.525528068221305
STU_017706,81.09541524148013
STU_017707,51.7106139647736
STU_017708,96.2765070343316
STU_017709,89.40890673106038
STU_017710,82.72064774669457
STU_017711,100.0
STU_017712,69.68156376142844
STU_017713,71.2451538386132
STU_017714,86.75283366413863
STU_017715,71.77201065250321
STU_017716,59.51180494116829
STU_017717,74.48500802042277
STU_017718,91.19139835733012
STU_017719,68.35793466345748
STU_017720,75.3882094742777
STU_017721,78.14093744805449
STU_017722,100.0
STU_017723,72.86837836937254
STU_017724,76.75339510943147
STU_017725,91.55248093317539
STU_017726,93.47560535170228
STU_017727,80.99221323797182
STU_017728,85.93036248444722
STU_017729,69.79275437687352
STU_017730,59.819723844003484
STU_017731,56.06209902758904
STU_017732,81.51842929765263
STU_017733,67.30416631041275
STU_017734,68.36236056977485
STU_017735,65.24958168589446
STU_017736,72.0214364247398
STU_017737,63.79939642782827
STU_017738,93.5590550145782
STU_017739,87.51081104205898
STU_017740,75.95043138844292
STU_017741,87.26918077748785
STU_017742,82.55626986907718
STU_017743,87.4869780535452
STU_017744,88.0443298404333
STU_017745,84.01398710214706
STU_017746,83.84204063869501
STU_017747,65.03200049972223
STU_017748,65.52929763692512
STU_017749,63.420796164152456
STU_017750,86.69406197002462
STU_017751,81.9744181306734
STU_017752,79.5989386601485
STU_017753,98.01502379657485
STU_017754,87.52036972153242
STU_017755,90.50598990530115
STU_017756,82.63663370858293
STU_017757,52.465147648408745
STU_017758,69.72790408972023
STU_017759,82.24331497992712
STU_017760,93.02096576637774
STU_017761,63.033003073954276
STU_017762,100.0
STU_017763,92.5505602490197
STU_017764,55.53154256491626
STU_017765,93.13119015730021
STU_017766,73.0636423903217
STU_017767,62.842307548193254
STU_017768,60.36672913504976
STU_017769,87.20052255148417
STU_017770,75.38413688700761
STU_017771,58.120643054449815
STU_017772,71.83114567958417
STU_017773,57.32671047071879
STU_017774,100.0
STU_017775,80.49054041163862
STU_017776,88.89099960825824
STU_017777,80.56221233642425
STU_017778,83.88623208707666
STU_017779,55.52270179691314
STU_017780,72.43764973763146
STU_017781,80.1150490405536
STU_017782,75.56190092217675
STU_017783,67.48798872454735
STU_017784,77.98753379698388
STU_017785,88.23994510808764
STU_017786,75.38623863922699
STU_017787,84.73768779701452
STU_017788,76.62568106288894
STU_017789,85.09471396530463
STU_017790,58.02385685840168
STU_017791,93.73301471485918
STU_017792,66.20704130724553
STU_017793,68.02221816784011
STU_017794,64.18995410996077
STU_017795,72.86368045079408
STU_017796,78.57460670710945
STU_017797,89.74657796012774
STU_017798,91.13423716706367
STU_017799,99.35862776183446
STU_017800,88.38420088406846
STU_017801,75.45537841789769
STU_017802,94.3731456804636
STU_017803,62.479056873375086
STU_017804,78.35646242320784
STU_017805,69.78865599616826
STU_017806,69.0911986477611
STU_017807,93.34166420383994
STU_017808,70.46210281694503
STU_017809,87.68388231036893
STU_017810,100.0
STU_017811,71.19182074822794
STU_017812,82.41107303735058
STU_017813,82.10250762713918
STU_017814,67.9031255823182
STU_017815,66.87064759942432
STU_017816,59.76305313675476
STU_017817,54.15045107191228
STU_017818,91.7725650612399
STU_017819,85.22154461098555
STU_017820,82.37291053141625
STU_017821,73.18942791164703
STU_017822,89.63115194583834
STU_017823,96.69656116320634
STU_017824,55.62970796699827
STU_017825,78.7926551046658
STU_017826,84.0875023188007
STU_017827,86.2988419584533
STU_017828,55.65560991119217
STU_017829,65.5637977287255
STU_017830,72.20419675937521
STU_017831,85.60013480139297
STU_017832,86.06115203442793
STU_017833,56.79205782973541
STU_017834,79.5979379482232
STU_017835,69.33561253160184
STU_017836,79.15626027515806
STU_017837,71.08645255597098
STU_017838,61.920117359753576
STU_017839,94.19438977696377
STU_017840,67.4155374593546
STU_017841,97.06089180298741
STU_017842,83.66783282892574
STU_017843,83.84242794479532
STU_017844,63.27170045979468
STU_017845,96.76487123373771
STU_017846,93.60174338982247
STU_017847,53.77685147638613
STU_017848,61.426702330273635
STU_017849,59.751715538229384
STU_017850,67.96067299469149
STU_017851,63.00481433857108
STU_017852,86.15919237826726
STU_017853,71.97405985653877
STU_017854,98.9901526931458
STU_017855,53.12459810361366
STU_017856,85.23604349294386
STU_017857,80.71095007635591
STU_017858,78.56024307710071
STU_017859,66.00934043691345
STU_017860,82.3050956046235
STU_017861,85.51630000573223
STU_017862,68.06865488253467
STU_017863,88.7915470155631
STU_017864,79.01936392809094
STU_017865,71.54082521470455
STU_017866,77.03905223205385
STU_017867,66.48592070672021
STU_017868,92.29092851346647
STU_017869,61.952868537053526
STU_017870,83.20252194931692
STU_017871,95.30736825783899
STU_017872,73.05618747921301
STU_017873,92.01123966971068
STU_017874,81.93017146406262
STU_017875,75.21472206520268
STU_017876,69.36789724907942
STU_017877,51.618470806491764
STU_017878,87.86809748205155
STU_017879,59.72205837533119
STU_017880,93.93865310554494
STU_017881,69.99287267367762
STU_017882,70.3198899430247
STU_017883,94.13611838817553
STU_017884,60.88370937558011
STU_017885,66.28205004204546
STU_017886,77.75034401524015
STU_017887,55.87599554211083
STU_017888,63.66121066261881
STU_017889,99.26199788955512
STU_017890,100.0
STU_017891,80.44600757948345
STU_017892,52.05907644043872
STU_017893,81.29941989631186
STU_017894,64.02788795280824
STU_017895,70.37771938930652
STU_017896,76.86439991633718
STU_017897,57.8821759114809
STU_017898,84.76127757877471
STU_017899,79.67869922978238
STU_017900,68.71672014835707
STU_017901,91.81503362092353
STU_017902,68.89665705110603
STU_017903,71.68198753354099
STU_017904,82.66094597768448
STU_017905,72.45653026683466
STU_017906,65.0523424968723
STU_017907,76.31621010649953
STU_017908,70.28666571026616
STU_017909,74.04741649245018
STU_017910,72.29046962535956
STU_017911,57.8362647635098
STU_017912,93.73496218454906
STU_017913,88.3466138304232
STU_017914,67.75807084447138
STU_017915,72.35933689755488
STU_017916,78.7723225301525
STU_017917,82.8913003287661
STU_017918,79.06055060130306
STU_017919,90.07856668927485
STU_017920,79.83812761595227
STU_017921,83.0416655045999
STU_017922,75.70979531637644
STU_017923,68.84547797051349
STU_017924,73.65633909246047
STU_017925,70.36858265900644
STU_017926,79.78318266699142
STU_017927,97.47761194722034
STU_017928,84.68359336534816
STU_017929,87.37597398311914
STU_017930,75.86502569115414
STU_017931,63.42999495544833
STU_017932,98.20926918277902
STU_017933,97.7460526975247
STU_017934,91.20252652163536
STU_017935,80.88328256658139
STU_017936,53.433915304849464
STU_017937,81.44697252048762
STU_017938,65.0355277891677
STU_017939,86.28749849726454
STU_017940,80.9111931605477
STU_017941,71.06052382083723
STU_017942,69.6788815200153
STU_017943,62.90656528753563
STU_017944,69.14145349285883
STU_017945,85.5276809538344
STU_017946,63.299407924561365
STU_017947,58.11017560699763
STU_017948,75.7952116579799
STU_017949,57.37095258239042
STU_017950,52.95253573942046
STU_017951,67.28134003024718
STU_017952,92.24975130587654
STU_017953,71.90358098492706
STU_017954,98.82305316600228
STU_017955,69.4926134976638
STU_017956,75.4506289906619
STU_017957,64.21419622248801
STU_017958,51.56214396561842
STU_017959,87.2310601183654
STU_017960,80.72086191942937
STU_017961,91.24525693702938
STU_017962,58.16024719812653
STU_017963,65.87718711607636
STU_017964,52.73134300935735
STU_017965,98.59485717957193
STU_017966,78.081870761597
STU_017967,77.68465726285129
STU_017968,98.43999496771318
STU_017969,79.25722791503784
STU_017970,53.58805690401993
STU_017971,61.60349703491018
STU_017972,70.83771333498693
STU_017973,67.41364131039109
STU_017974,79.44974241116029
STU_017975,64.88606656194264
STU_017976,67.60540133859479
STU_017977,88.1895945067252
STU_017978,64.0333376812581
STU_017979,70.84794664484554
STU_017980,61.19836922197307
STU_017981,96.8804252581034
STU_017982,69.54904064068303
STU_017983,80.82223693143092
STU_017984,68.80569498295534
STU_017985,67.48817248449205
STU_017986,64.0824151941475
STU_017987,80.30444492271474
STU_017988,63.66447657082468
STU_017989,77.01692911980543
STU_017990,74.5531790606188
STU_017991,79.8694141162308
STU_017992,47.52521245328474
STU_017993,96.86975989589132
STU_017994,89.04168533139922
STU_017995,77.57244684391338
STU_017996,62.00125597348432
STU_017997,72.68380525765521
STU_017998,83.44925739908912
STU_017999,87.08806280946604
STU_018000,95.80211020465482
STU_018001,75.09495748647
STU_018002,56.3410398737321
STU_018003,69.94847578419484
STU_018004,77.63642379156866
STU_018005,78.22289556907702
STU_018006,68.35994325425332
STU_018007,99.21252303358408
STU_018008,90.06633409154755
STU_018009,82.60054367157281
STU_018010,84.10559201688932
STU_018011,87.72571682226966
STU_018012,70.95874228477942
STU_018013,81.70201525685239
STU_018014,69.3472265016793
STU_018015,78.33059074418186
STU_018016,75.5026702828768
STU_018017,79.041245541374
STU_018018,96.01610533831114
STU_018019,63.89300750302748
STU_018020,74.9057482892005
STU_018021,69.32909607342025
STU_018022,95.55797934146491
STU_018023,79.88022674380747
STU_018024,49.293205736051334
STU_018025,76.97564330180519
STU_018026,73.34652943346443
STU_018027,81.26890626881553
STU_018028,99.17150248766195
STU_018029,72.5482799938211
STU_018030,91.0833779470402
STU_018031,88.95963155030617
STU_018032,75.3191438903644
STU_018033,89.74711859791482
STU_018034,76.07495253897824
STU_018035,90.40372282538127
STU_018036,76.54521986328412
STU_018037,43.08313237498484
STU_018038,64.83584746894196
STU_018039,81.53794535091463
STU_018040,75.33375696512644
STU_018041,64.29982094959685
STU_018042,63.59298515383663
STU_018043,87.90714437730237
STU_018044,79.41992793383636
STU_018045,71.83070950192602
STU_018046,83.63904801171164
STU_018047,57.184786772090376
STU_018048,98.70271633446188
STU_018049,87.9137988238813
STU_018050,86.69701168435651
STU_018051,60.25997767951965
STU_018052,65.79815800581665
STU_018053,68.4659660919535
STU_018054,45.08342702266524
STU_018055,100.0
STU_018056,45.22830161063468
STU_018057,63.726962969145475
STU_018058,90.66299567792066
STU_018059,97.50459603692559
STU_018060,61.95074668242647
STU_018061,78.30918245039999
STU_018062,80.92212367819415
STU_018063,73.63580506388614
STU_018064,83.96556709392063
STU_018065,85.80249171775614
STU_018066,92.38144480766177
STU_018067,90.11636161797787
STU_018068,81.30830553847022
STU_018069,80.4974638845174
STU_018070,82.26946389711173
STU_018071,97.43493988241548
STU_018072,84.45785977609754
STU_018073,61.43590985753478
STU_018074,72.95179879294015
STU_018075,72.04605538604011
STU_018076,67.83919768378618
STU_018077,56.04319904260406
STU_018078,69.63333982490282
STU_018079,81.96841026607225
STU_018080,89.57972548145348
STU_018081,77.16484006832236
STU_018082,78.63608016586404
STU_018083,96.40241212809958
STU_018084,64.59344833666428
STU_018085,71.87990955262369
STU_018086,89.58071340938938
STU_018087,76.34507877091495
STU_018088,62.56726252063375
STU_018089,58.035100273217395
STU_018090,63.04685954730503
STU_018091,83.39176961811252
STU_018092,72.69563437066574
STU_018093,66.84710026188155
STU_018094,71.57334080764137
STU_018095,75.38038055800918
STU_018096,60.66011798677133
STU_018097,87.85836524845871
STU_018098,66.1564089540963
STU_018099,70.3438435983996
STU_018100,90.28650656708072
STU_018101,76.0857160546409
STU_018102,55.271499081427606
STU_018103,96.67765962359354
STU_018104,63.240171495394954
STU_018105,60.81590377758378
STU_018106,75.37702047986508
STU_018107,78.36807920126626
STU_018108,72.10751277823408
STU_018109,87.09082654143494
STU_018110,75.89047776460463
STU_018111,78.11915357834008
STU_018112,74.18235417757316
STU_018113,60.06827266737624
STU_018114,90.61656017157362
STU_018115,74.98734105219691
STU_018116,65.62826474338533
STU_018117,81.19238090844719
STU_018118,69.43034663021137
STU_018119,95.09942149387466
STU_018120,66.25511494517168
STU_018121,96.00337315806738
STU_018122,81.41812175163349
STU_018123,72.98685793643327
STU_018124,81.76544901929203
STU_018125,72.99966172087484
STU_018126,54.163964483972656
STU_018127,64.5746057404483
STU_018128,52.51979895759309
STU_018129,78.3325826151899
STU_018130,90.78134193791006
STU_018131,72.8133646603196
STU_018132,97.91669550957934
STU_018133,79.57788422426354
STU_018134,99.93761219183186
STU_018135,100.0
STU_018136,50.72656715825053
STU_018137,66.5907346683421
STU_018138,94.18771859021918
STU_018139,81.35314751523825
STU_018140,50.85513379600821
STU_018141,61.92667289642541
STU_018142,79.21754409329878
STU_018143,62.34485340216838
STU_018144,57.57370585120137
STU_018145,76.85590733029501
STU_018146,53.80398260592604
STU_018147,90.00938816480532
STU_018148,76.70730166937061
STU_018149,60.93461561255378
STU_018150,84.05828363860483
STU_018151,68.56058767589239
STU_018152,56.94149007356232
STU_018153,82.61664237964759
STU_018154,62.81604126952077
STU_018155,89.41005767505982
STU_018156,100.0
STU_018157,54.09986453745966
STU_018158,65.2054212871057
STU_018159,66.79066129384346
STU_018160,63.10183567895414
STU_018161,85.09565400098262
STU_018162,65.43580982836387
STU_018163,98.7378246602322
STU_018164,72.96723348077786
STU_018165,59.37619539227458
STU_018166,77.85552548789936
STU_018167,72.2740805050891
STU_018168,82.75273256324525
STU_018169,66.89501491688078
STU_018170,54.704800857869394
STU_018171,65.35657044573449
STU_018172,82.07316527423863
STU_018173,66.5319717047649
STU_018174,83.11235886886465
STU_018175,73.45634412026428
STU_018176,81.20069004566938
STU_018177,70.30181822419952
STU_018178,71.74268023058114
STU_018179,67.2040294211351
STU_018180,90.34844641406075
STU_018181,73.30650527300345
STU_018182,75.25374705977642
STU_018183,75.01043836047735
STU_018184,61.43355614527428
STU_018185,59.83158704482054
STU_018186,92.5370561659423
STU_018187,63.80607355941582
STU_018188,90.44837513676728
STU_018189,71.21708379961088
STU_018190,74.13938276580704
STU_018191,74.73422067765907
STU_018192,76.51239273150487
STU_018193,78.32882738653095
STU_018194,73.84116291752157
STU_018195,83.32879794354739
STU_018196,56.152677193720415
STU_018197,90.7362483469789
STU_018198,77.427329276146
STU_018199,73.69464451818196
STU_018200,88.68473945286193
STU_018201,73.9067162631616
STU_018202,46.59457780047886
STU_018203,80.70819460591349
STU_018204,73.03322441628178
STU_018205,72.36034167279652
STU_018206,72.29981779240264
STU_018207,76.93199136412952
STU_018208,81.5145076635241
STU_018209,61.42929913402487
STU_018210,82.37708680579478
STU_018211,98.78268866177044
STU_018212,70.498351813428
STU_018213,52.532929303546474
STU_018214,78.5914346776702
STU_018215,75.38206914306001
STU_018216,79.38172324641343
STU_018217,62.9751308128734
STU_018218,75.2156640591015
STU_018219,85.45901728939256
STU_018220,78.28464725320454
STU_018221,93.95551057670444
STU_018222,88.60655572912353
STU_018223,83.56525168266529
STU_018224,85.13800784672573
STU_018225,78.81694452621025
STU_018226,77.83415622515722
STU_018227,75.22543445128116
STU_018228,79.14401009040033
STU_018229,72.49781703248946
STU_018230,83.29533020226407
STU_018231,73.38767189722095
STU_018232,58.07274581175572
STU_018233,60.92216880466992
STU_018234,92.8783781313583
STU_018235,83.8206273282103
STU_018236,97.92713723398002
STU_018237,56.992974613216944
STU_018238,73.17277874975254
STU_018239,91.15888490737933
STU_018240,59.35779702442649
STU_018241,88.9535889859309
STU_018242,72.83293312477296
STU_018243,81.07797057193075
STU_018244,93.81615596576295
STU_018245,69.95428659845774
STU_018246,75.54835890839597
STU_018247,56.401036421373085
STU_018248,79.76380889322895
STU_018249,71.31491179046199
STU_018250,71.59022175819271
STU_018251,66.14852344956736
STU_018252,89.84205099805523
STU_018253,57.41283292365856
STU_018254,88.69211804244843
STU_018255,72.29683653935648
STU_018256,90.26926804680765
STU_018257,73.12186037932769
STU_018258,86.3145131233382
STU_018259,84.55203250705556
STU_018260,83.09562487453367
STU_018261,73.91562713084016
STU_018262,59.37707326519047
STU_018263,75.06570146025764
STU_018264,79.13177916223675
STU_018265,85.0836636368619
STU_018266,86.21474996294356
STU_018267,74.87490551327359
STU_018268,79.36192876468132
STU_018269,66.42068180953058
STU_018270,67.62606713358286
STU_018271,69.66233660366314
STU_018272,50.090805671205175
STU_018273,97.99054473346972
STU_018274,66.26908433910927
STU_018275,85.4101547570136
STU_018276,87.83681188344993
STU_018277,85.89477367362707
STU_018278,76.4408075817321
STU_018279,55.71521545995025
STU_018280,85.38716323880473
STU_018281,97.33299111306405
STU_018282,74.56882385056683
STU_018283,62.46582668233224
STU_018284,70.94683632782964
STU_018285,93.88198657261674
STU_018286,66.53375973691291
STU_018287,92.2066125891178
STU_018288,68.02468793095836
STU_018289,89.21330777224676
STU_018290,68.52015390835214
STU_018291,72.35511088057895
STU_018292,85.37211656326299
STU_018293,77.53373725693542
STU_018294,82.55934366230763
STU_018295,51.76404498214368
STU_018296,82.79297332655989
STU_018297,81.36838994363939
STU_018298,98.80177720278705
STU_018299,60.45180029955204
STU_018300,78.80716237012035
STU_018301,65.62507588885653
STU_018302,62.9615578065429
STU_018303,99.02679604948788
STU_018304,60.99852938292175
STU_018305,61.161794123302954
STU_018306,64.9614739901626
STU_018307,74.66043431897641
STU_018308,83.79958274971288
STU_018309,70.42465454986531
STU_018310,89.88518221730968
STU_018311,68.03692666910635
STU_018312,69.99560406115452
STU_018313,87.01990058159468
STU_018314,71.4127571572872
STU_018315,92.94421966197446
STU_018316,70.36458558334674
STU_018317,88.32827384915377
STU_018318,59.42792436877613
STU_018319,56.73305208474098
STU_018320,86.47307775205297
STU_018321,89.76885598851464
STU_018322,78.65657880801943
STU_018323,100.0
STU_018324,60.468466723087396
STU_018325,77.37535052066357
STU_018326,70.92618182387504
STU_018327,86.72737225008316
STU_018328,73.42283254265848
STU_018329,68.09050307014306
STU_018330,48.49003298444927
STU_018331,83.81161044532547
STU_018332,88.37946643966652
STU_018333,63.8585649558928
STU_018334,86.27802561671419
STU_018335,54.974671983599485
STU_018336,77.98297725413894
STU_018337,70.35124554098805
STU_018338,70.07462823486544
STU_018339,82.48689177910879
STU_018340,87.59428020574374
STU_018341,64.75963642625953
STU_018342,61.23199175304716
STU_018343,61.03702455834205
STU_018344,85.92355384795886
STU_018345,70.65283649094513
STU_018346,70.16401431403925
STU_018347,70.91577870954669
STU_018348,98.16274405463204
STU_018349,79.9673250234682
STU_018350,86.63351732123488
STU_018351,77.20383134028359
STU_018352,88.41979298195382
STU_018353,84.14411631607902
STU_018354,95.58431740348594
STU_018355,70.51827128887474
STU_018356,75.19274941791329
STU_018357,69.38829887005822
STU_018358,80.26623736538745
STU_018359,100.0
STU_018360,92.6570643844524
STU_018361,47.102730181218924
STU_018362,72.92120692599524
STU_018363,50.254419573982524
STU_018364,88.9741212013541
STU_018365,92.26231396747374
STU_018366,60.45645282354397
STU_018367,81.67585732924137
STU_018368,64.60413786654662
STU_018369,83.0992696105803
STU_018370,58.27653036441481
STU_018371,87.91597746601163
STU_018372,89.59679914361799
STU_018373,61.83619834992863
STU_018374,70.21147203131994
STU_018375,67.34144461373815
STU_018376,78.37065229875611
STU_018377,87.1788476662708
STU_018378,96.04132787272432
STU_018379,52.75323921292905
STU_018380,86.06229283538191
STU_018381,73.64573568270369
STU_018382,93.27878054363666
STU_018383,86.34274106979355
STU_018384,64.4789329995548
STU_018385,100.0
STU_018386,76.12028800505438
STU_018387,84.18406606689953
STU_018388,94.98550349097314
STU_018389,64.28342052819778
STU_018390,54.79807809634414
STU_018391,75.01357307403363
STU_018392,99.2270302585192
STU_018393,76.61551484596293
STU_018394,79.26012196486334
STU_018395,74.56850900970795
STU_018396,63.809547027153585
STU_018397,68.74462914846109
STU_018398,84.58496793958099
STU_018399,100.0
STU_018400,71.18185111940514
STU_018401,80.50856735525079
STU_018402,73.58692916701649
STU_018403,91.31376438614811
STU_018404,84.41878919799609
STU_018405,85.37575928638087
STU_018406,66.32881433629214
STU_018407,97.92132315906237
STU_018408,82.34803810756974
STU_018409,62.038991333415524
STU_018410,91.75384906066498
STU_018411,72.17480325067595
STU_018412,74.19098787419473
STU_018413,92.57419751502165
STU_018414,99.05938462810876
STU_018415,70.71551422044499
STU_018416,88.91436644539317
STU_018417,60.61560540850164
STU_018418,93.23301176686094
STU_018419,80.17708023327418
STU_018420,89.48949303411838
STU_018421,87.97555181039561
STU_018422,87.24506938604142
STU_018423,77.39043787270383
STU_018424,54.70969328914103
STU_018425,95.61253134146637
STU_018426,76.30979410150792
STU_018427,77.37118201512973
STU_018428,77.85447407838737
STU_018429,95.44166948427865
STU_018430,59.52395749370104
STU_018431,81.18056712369042
STU_018432,92.73610076296882
STU_018433,67.47377288642143
STU_018434,78.76026485236065
STU_018435,67.35423539125992
STU_018436,74.83285232916374
STU_018437,86.91038045654757
STU_018438,62.01818999838974
STU_018439,100.0
STU_018440,77.18781219056943
STU_018441,74.2769121180486
STU_018442,74.8648950727401
STU_018443,59.17351018967583
STU_018444,67.51492589688499
STU_018445,93.8194619004722
STU_018446,80.28011505989201
STU_018447,93.960761767133
STU_018448,64.26372796000395
STU_018449,95.59239815626414
STU_018450,73.10348674895711
STU_018451,69.44825124987935
STU_018452,56.79081376639597
STU_018453,63.81017600503522
STU_018454,52.47735858060079
STU_018455,53.194500247931366
STU_018456,74.65348517868041
STU_018457,58.256959062617476
STU_018458,76.74131161803264
STU_018459,60.95231281848023
STU_018460,71.41189115837096
STU_018461,95.22130799020928
STU_018462,51.824267393066236
STU_018463,80.1083339509368
STU_018464,64.95137670603992
STU_018465,74.66710804310185
STU_018466,65.33292621031491
STU_018467,84.82176012897877
STU_018468,71.86038513505001
STU_018469,77.20543844885444
STU_018470,89.32310272167072
STU_018471,88.38629203419053
STU_018472,61.67929152741592
STU_018473,81.39006316159166
STU_018474,89.92044499217393
STU_018475,76.08085993838112
STU_018476,77.22169863292625
STU_018477,48.63594625189868
STU_018478,100.0
STU_018479,92.30170152391199
STU_018480,85.49401859774026
STU_018481,69.7404421606951
STU_018482,62.51772902954338
STU_018483,88.03603390509542
STU_018484,89.22204390672331
STU_018485,69.46236824530806
STU_018486,69.78025743199015
STU_018487,58.369934166606825
STU_018488,72.82368299350749
STU_018489,59.487501213419435
STU_018490,75.33631179479319
STU_018491,82.17607468342098
STU_018492,74.88400897365469
STU_018493,86.61121434454883
STU_018494,79.62457271801253
STU_018495,84.54136408834896
STU_018496,68.01512260982477
STU_018497,92.4530893678594
STU_018498,67.98855012675745
STU_018499,66.47216623685087
STU_018500,79.28259450416172
STU_018501,100.0
STU_018502,71.14492546145102
STU_018503,48.506817292205035
STU_018504,98.64226793063884
STU_018505,73.3898400043551
STU_018506,82.13601388840212
STU_018507,72.65023427198884
STU_018508,80.47009069941706
STU_018509,58.53280410602988
STU_018510,86.96375259173941
STU_018511,72.9430257196089
STU_018512,80.67797819642092
STU_018513,79.0611809239345
STU_018514,61.59733762155211
STU_018515,65.43499306520995
STU_018516,61.62776224974289
STU_018517,85.298638579821
STU_018518,61.13188422046183
STU_018519,58.643541937225855
STU_018520,87.11555265751377
STU_018521,76.98862800097712
STU_018522,83.308497242594
STU_018523,87.02305090823992
STU_018524,90.79159830034313
STU_018525,76.3800363991853
STU_018526,61.90371414995044
STU_018527,87.72298908516188
STU_018528,87.00563569977747
STU_018529,75.5855447892383
STU_018530,74.82313285336194
STU_018531,82.46278549186208
STU_018532,66.2548462420884
STU_018533,65.68149091554004
STU_018534,63.9664896129864
STU_018535,89.07459804284542
STU_018536,100.0
STU_018537,83.91535335502292
STU_018538,70.81458973503432
STU_018539,56.21621726480151
STU_018540,81.03331260581295
STU_018541,66.88003134023884
STU_018542,94.66301824058272
STU_018543,70.64620524012153
STU_018544,72.72576026569736
STU_018545,71.28903468380514
STU_018546,96.49205189179182
STU_018547,70.88052730771092
STU_018548,89.86572555401315
STU_018549,86.5021944180461
STU_018550,78.68730282701328
STU_018551,75.32994855226208
STU_018552,63.26047625429599
STU_018553,66.53157340352001
STU_018554,60.482332682863685
STU_018555,58.72400517141341
STU_018556,77.2970149081098
STU_018557,64.066143560749
STU_018558,64.84143064708616
STU_018559,67.42981218015127
STU_018560,79.69893662176848
STU_018561,77.56588685329254
STU_018562,82.19433762771448
STU_018563,78.3909912691034
STU_018564,84.28388286005045
STU_018565,64.45418073496266
STU_018566,70.93648166382272
STU_018567,90.60714519358096
STU_018568,83.97106989215358
STU_018569,84.65432787006276
STU_018570,69.32955828988884
STU_018571,83.03897575057728
STU_018572,64.27685762786106
STU_018573,83.93424144437657
STU_018574,71.96874117589734
STU_018575,70.74821096808934
STU_018576,74.28854746286439
STU_018577,66.6518635382515
STU_018578,82.43287688680672
STU_018579,54.56385613798541
STU_018580,99.25748547262995
STU_018581,71.58713911003488
STU_018582,79.64023849422549
STU_018583,92.89952409874068
STU_018584,83.2795721405561
STU_018585,68.7628359473343
STU_018586,90.55796900860042
STU_018587,93.74368183008352
STU_018588,55.51410277429468
STU_018589,84.35592902807547
STU_018590,72.38688062905496
STU_018591,86.09779066880887
STU_018592,47.29466850615246
STU_018593,83.96966003511764
STU_018594,66.61208757607659
STU_018595,73.47204401292106
STU_018596,59.66140574710954
STU_018597,70.57806779273918
STU_018598,66.7149258845066
STU_018599,58.78370763078881
STU_018600,82.8850253038615
STU_018601,68.3498183478503
STU_018602,71.11879819487389
STU_018603,73.17125300463002
STU_018604,75.68697963144466
STU_018605,46.79402021100737
STU_018606,70.24096151941572
STU_018607,89.65009946480461
STU_018608,91.81294316019566
STU_018609,88.6034868452943
STU_018610,100.0
STU_018611,64.82065675278646
STU_018612,78.3810009315433
STU_018613,82.10385942550975
STU_018614,72.82222746467177
STU_018615,53.87175391466464
STU_018616,82.18876420526037
STU_018617,71.58512604649786
STU_018618,63.81935875361325
STU_018619,73.68880714413986
STU_018620,90.08202591482126
STU_018621,62.940488784401715
STU_018622,78.99656440537987
STU_018623,70.59481593711156
STU_018624,75.71037225136509
STU_018625,80.83663757556984
STU_018626,68.82041164977313
STU_018627,70.57137636971987
STU_018628,61.27646494657162
STU_018629,69.85570019848797
STU_018630,62.17042804531131
STU_018631,89.15048911191346
STU_018632,90.86723945507708
STU_018633,70.56714067276178
STU_018634,66.51182704175646
STU_018635,73.67093450026832
STU_018636,75.34149522983233
STU_018637,67.99773703531305
STU_018638,100.0
STU_018639,92.17777019742536
STU_018640,70.04172268368455
STU_018641,58.08229903720869
STU_018642,81.03674191795695
STU_018643,65.15469771591262
STU_018644,58.3145314117704
STU_018645,94.11178125209449
STU_018646,67.5333220918314
STU_018647,99.83709263059163
STU_018648,55.21165202007157
STU_018649,56.7164529073288
STU_018650,74.89784803920631
STU_018651,65.39721349676228
STU_018652,87.28798056864775
STU_018653,78.5833015442721
STU_018654,78.25349712319876
STU_018655,61.04512302113513
STU_018656,74.37172530339707
STU_018657,91.17262911339137
STU_018658,81.91091333030292
STU_018659,79.72753547605319
STU_018660,72.69921836574379
STU_018661,57.74048921454125
STU_018662,61.364001406340144
STU_018663,77.64075196334883
STU_018664,49.83384625262538
STU_018665,66.51992003549222
STU_018666,65.31157749633788
STU_018667,62.16603475007349
STU_018668,50.575479315144065
STU_018669,75.27199851485767
STU_018670,74.55452626837368
STU_018671,60.95609893112056
STU_018672,78.69711788725591
STU_018673,62.28015203695125
STU_018674,67.52383756723809
STU_018675,75.14723991915982
STU_018676,66.76954818912634
STU_018677,66.84346489113034
STU_018678,90.45702110668327
STU_018679,89.86310250541815
STU_018680,62.066901252573146
STU_018681,83.41037389743835
STU_018682,86.17987267961045
STU_018683,76.04434343652068
STU_018684,88.6582358812062
STU_018685,73.64032925961725
STU_018686,87.44053297344485
STU_018687,74.54383468884272
STU_018688,69.85343031756426
STU_018689,86.71196535714554
STU_018690,69.06394979315442
STU_018691,68.78221295635174
STU_018692,74.99394884175942
STU_018693,75.05565447197895
STU_018694,84.1945965882631
STU_018695,78.45562081991879
STU_018696,65.21020003050351
STU_018697,80.45388554069937
STU_018698,90.70875138123412
STU_018699,66.34956530124269
STU_018700,100.0
STU_018701,69.35960822701895
STU_018702,81.67887663708557
STU_018703,70.81653068676789
STU_018704,88.06180941153396
STU_018705,69.84432403353368
STU_018706,91.96471903098174
STU_018707,65.35206736294687
STU_018708,70.44112083670723
STU_018709,96.55079474803925
STU_018710,83.20337786778738
STU_018711,59.205396057146416
STU_018712,90.68846365177636
STU_018713,75.0514190379015
STU_018714,76.57042810150354
STU_018715,100.0
STU_018716,63.75878047676566
STU_018717,74.51278980896241
STU_018718,58.82833742321076
STU_018719,80.30413550977505
STU_018720,70.82008877942324
STU_018721,90.74461832062997
STU_018722,53.863153738580294
STU_018723,61.57002143924059
STU_018724,71.97545968261112
STU_018725,83.17743053811267
STU_018726,69.93250364697889
STU_018727,85.80259053113464
STU_018728,76.79027441991897
STU_018729,89.09205276032158
STU_018730,86.38923793018475
STU_018731,65.12346382122509
STU_018732,76.95650215200835
STU_018733,89.08834138359761
STU_018734,78.42700200373814
STU_018735,77.76958836754844
STU_018736,57.21662969413381
STU_018737,73.22702955168934
STU_018738,72.46943460158184
STU_018739,80.46068536478055
STU_018740,72.05340109573427
STU_018741,54.53174657589637
STU_018742,96.67259774143982
STU_018743,62.6756778702312
STU_018744,100.0
STU_018745,77.9734014299642
STU_018746,63.97460295842403
STU_018747,85.79974241360915
STU_018748,55.524394929083925
STU_018749,59.38195646727713
STU_018750,86.28262367344568
STU_018751,84.9429583582538
STU_018752,60.669721915007486
STU_018753,60.0386230580035
STU_018754,93.63740269334363
STU_018755,90.38594267171726
STU_018756,71.13769089654993
STU_018757,87.66690434196566
STU_018758,88.91850298652713
STU_018759,91.2275141745557
STU_018760,72.97161465961382
STU_018761,69.50160839885278
STU_018762,76.98052259269294
STU_018763,64.87956384895656
STU_018764,86.03479181714823
STU_018765,76.50891993210821
STU_018766,67.6468378507129
STU_018767,81.38940149374476
STU_018768,76.33006486512659
STU_018769,55.593514110985595
STU_018770,84.80416270408521
STU_018771,69.11159473470696
STU_018772,92.452962337203
STU_018773,76.94942295613652
STU_018774,65.25075109419184
STU_018775,83.98151538727649
STU_018776,83.09605589262151
STU_018777,55.0727446636852
STU_018778,98.31292675241602
STU_018779,94.17431343082094
STU_018780,62.99023335419746
STU_018781,92.83961401003906
STU_018782,94.5629720924072
STU_018783,84.47650215399727
STU_018784,79.60247672269304
STU_018785,85.87220560777608
STU_018786,70.9753450567665
STU_018787,55.891346349599274
STU_018788,73.70279802624611
STU_018789,75.45852749487206
STU_018790,92.41014043734914
STU_018791,73.35444614826832
STU_018792,61.581817428631076
STU_018793,59.09132038088041
STU_018794,62.177755225034566
STU_018795,93.8781849817031
STU_018796,59.77022057493299
STU_018797,66.3456680658453
STU_018798,64.70301501777476
STU_018799,83.44741302142144
STU_018800,84.53137709561555
STU_018801,81.25082484216433
STU_018802,69.06619931964686
STU_018803,67.46968255515664
STU_018804,57.35844362116137
STU_018805,65.21934761853393
STU_018806,83.46938109723843
STU_018807,78.14612360498583
STU_018808,65.87878973132148
STU_018809,80.4116151284569
STU_018810,81.13399437760674
STU_018811,53.43757026779437
STU_018812,81.67273692771681
STU_018813,71.71840077382296
STU_018814,49.072145916176744
STU_018815,88.91879554197887
STU_018816,66.69612485586134
STU_018817,70.5913045619881
STU_018818,85.40502751954251
STU_018819,69.3037260571384
STU_018820,89.97555132707559
STU_018821,78.46331110824453
STU_018822,77.59271951196419
STU_018823,95.26516384970853
STU_018824,68.39777384765046
STU_018825,70.5521066320951
STU_018826,70.98931725570517
STU_018827,71.85420496698904
STU_018828,69.0782659670633
STU_018829,58.57502385327582
STU_018830,87.3045022580782
STU_018831,86.75751104758699
STU_018832,84.27487990734322
STU_018833,60.01622883313455
STU_018834,58.177303426455566
STU_018835,63.01904037506889
STU_018836,78.77866812717261
STU_018837,74.82315652335336
STU_018838,61.23427395477497
STU_018839,82.06703273052159
STU_018840,82.62453464635982
STU_018841,86.95027401226058
STU_018842,77.98272573093598
STU_018843,74.66970249692369
STU_018844,73.99056235508569
STU_018845,80.81420895180888
STU_018846,100.0
STU_018847,97.34581294941539
STU_018848,79.21699796069075
STU_018849,72.46661726377214
STU_018850,72.39975757853144
STU_018851,63.76594078270822
STU_018852,55.9434765717676
STU_018853,64.85457807431638
STU_018854,66.64056368372779
STU_018855,74.87820541075476
STU_018856,62.671999788757375
STU_018857,86.39930536346883
STU_018858,81.49709000145762
STU_018859,95.87560556084043
STU_018860,75.89669980063317
STU_018861,76.59947674555897
STU_018862,92.35421001681419
STU_018863,67.07717164236281
STU_018864,63.95827862837548
STU_018865,76.64839830469845
STU_018866,73.42954535478506
STU_018867,66.04814382910827
STU_018868,76.77573436734107
STU_018869,76.08200950837355
STU_018870,88.66720721052549
STU_018871,98.52591102186244
STU_018872,81.31836256142779
STU_018873,73.65985017351281
STU_018874,86.27380882684935
STU_018875,100.0
STU_018876,69.8959050373964
STU_018877,58.244630027353224
STU_018878,94.99057819072151
STU_018879,87.21236072412475
STU_018880,81.51517356455982
STU_018881,66.08596368572027
STU_018882,69.40734016391838
STU_018883,74.57871547753025
STU_018884,89.84731192856623
STU_018885,60.22096484849039
STU_018886,85.37833702207662
STU_018887,65.26872141210696
STU_018888,91.82439808430529
STU_018889,65.75266311946693
STU_018890,48.27119842126574
STU_018891,76.0028868440617
STU_018892,77.85237189863142
STU_018893,79.60609074064949
STU_018894,97.2373502665168
STU_018895,78.44356917693156
STU_018896,83.71999926926372
STU_018897,74.61457087457629
STU_018898,66.69147041747652
STU_018899,67.66965384559657
STU_018900,76.1731638107254
STU_018901,81.13990269500086
STU_018902,93.0294594535849
STU_018903,86.79506560660236
STU_018904,78.11328901182222
STU_018905,64.91485497287316
STU_018906,78.14672390887564
STU_018907,72.8433223039937
STU_018908,66.1151337532388
STU_018909,76.2434845916209
STU_018910,72.43512529102334
STU_018911,58.66582902153093
STU_018912,84.2080994540588
STU_018913,69.05266660885171
STU_018914,70.8677353490227
STU_018915,75.90812384893884
STU_018916,63.65991632478805
STU_018917,81.10496634601178
STU_018918,90.6382972445198
STU_018919,81.62022678308753
STU_018920,53.21751959510447
STU_018921,73.40335563215419
STU_018922,63.9640192428775
STU_018923,97.9133039498826
STU_018924,64.13441669238351
STU_018925,75.14355949008542
STU_018926,82.23258981521519
STU_018927,75.04174875177885
STU_018928,70.82086321456696
STU_018929,71.29073640183037
STU_018930,57.4396816155976
STU_018931,61.46763741799677
STU_018932,51.45240258716164
STU_018933,73.44345775945993
STU_018934,80.4283457059671
STU_018935,69.3422447069513
STU_018936,71.71078638202049
STU_018937,85.92196966308784
STU_018938,83.97690388474919
STU_018939,68.23135695667109
STU_018940,81.91460854927121
STU_018941,91.37486435646348
STU_018942,58.34054471883673
STU_018943,79.76318396639367
STU_018944,75.99205364955729
STU_018945,77.03064790259452
STU_018946,83.19986703516953
STU_018947,70.49771513172534
STU_018948,69.49588893243727
STU_018949,76.82857098725464
STU_018950,82.47435251864255
STU_018951,65.96222713316949
STU_018952,66.48984610476961
STU_018953,68.79281027309813
STU_018954,78.56022879759288
STU_018955,76.96951496102558
STU_018956,59.179416751770304
STU_018957,77.42225985426218
STU_018958,84.32633079655167
STU_018959,80.4118997820023
STU_018960,75.66088299616597
STU_018961,67.80138897516024
STU_018962,77.96304841576301
STU_018963,87.77848226718314
STU_018964,68.17342587001292
STU_018965,86.81652512535733
STU_018966,93.89866128795705
STU_018967,92.82400568310123
STU_018968,73.98281994807277
STU_018969,77.93332006675286
STU_018970,89.81650062736604
STU_018971,58.81847680653023
STU_018972,76.43558812760148
STU_018973,87.12264940212847
STU_018974,57.36409396117913
STU_018975,85.71120567820608
STU_018976,74.52450192935392
STU_018977,88.9034404510939
STU_018978,83.61276507971839
STU_018979,57.994751934714714
STU_018980,79.22943734439997
STU_018981,56.791285389138864
STU_018982,74.49330490988723
STU_018983,76.11608366008167
STU_018984,71.69021048313869
STU_018985,75.77088085450326
STU_018986,83.07440357810432
STU_018987,81.99856275459553
STU_018988,73.39616867430367
STU_018989,82.11552524763934
STU_018990,84.4587473391676
STU_018991,67.73555139056482
STU_018992,75.42457734490867
STU_018993,78.57583160601469
STU_018994,80.44799062495689
STU_018995,94.45828179642696
STU_018996,62.985362450256645
STU_018997,72.10192841219606
STU_018998,77.629783241971
STU_018999,90.10436801399975
STU_019000,74.17859185653678
STU_019001,63.43522428768679
STU_019002,70.66635779155523
STU_019003,90.70647949739347
STU_019004,79.06056342434292
STU_019005,94.86058560128929
STU_019006,88.2501976370377
STU_019007,100.0
STU_019008,78.30918124277161
STU_019009,100.0
STU_019010,48.17975157200822
STU_019011,82.39136109063257
STU_019012,76.61823614491695
STU_019013,61.24596986557976
STU_019014,100.0
STU_019015,54.75495485851313
STU_019016,62.88063599067652
STU_019017,93.68991010111576
STU_019018,70.94097381252004
STU_019019,71.27761739578335
STU_019020,98.55841320104477
STU_019021,48.054274481015526
STU_019022,74.84712829540099
STU_019023,87.42532409369929
STU_019024,73.27788482957246
STU_019025,94.61038952759361
STU_019026,99.61968979252191
STU_019027,77.30628073631877
STU_019028,63.58288749195502
STU_019029,58.385095417943525
STU_019030,72.16152110962142
STU_019031,81.56744797302949
STU_019032,84.76692722036607
STU_019033,79.10427050092271
STU_019034,69.08192890173476
STU_019035,81.99274098782577
STU_019036,90.22646279045728
STU_019037,83.66933514955063
STU_019038,65.53544401767876
STU_019039,79.76879850282042
STU_019040,72.71326466316411
STU_019041,78.66359631044928
STU_019042,81.65825517421742
STU_019043,86.5959420963843
STU_019044,85.8414390988906
STU_019045,70.37146699367781
STU_019046,62.930986462964476
STU_019047,49.242106848936714
STU_019048,81.94209214310962
STU_019049,56.08156757401717
STU_019050,86.96024787215113
STU_019051,66.37477229202993
STU_019052,72.96661503713374
STU_019053,79.04722453040993
STU_019054,70.23358670955099
STU_019055,53.04375414613021
STU_019056,85.22988479083028
STU_019057,79.88359525740174
STU_019058,84.56723815403105
STU_019059,52.23256092819473
STU_019060,68.80165409112001
STU_019061,49.91837796848898
STU_019062,87.25434052781569
STU_019063,73.60359907398706
STU_019064,65.03347707038795
STU_019065,98.08382784995119
STU_019066,63.336852721882956
STU_019067,83.69223299496777
STU_019068,65.48661864242399
STU_019069,62.03722410344711
STU_019070,78.15743694262713
STU_019071,65.09105651065813
STU_019072,100.0
STU_019073,60.97772159468258
STU_019074,65.26359440122476
STU_019075,64.1145567568708
STU_019076,62.98595667658707
STU_019077,95.25604940178371
STU_019078,95.33341440057403
STU_019079,89.76668374003263
STU_019080,59.51561117073759
STU_019081,81.35571577039953
STU_019082,85.54769486357807
STU_019083,61.60035054606618
STU_019084,59.748805497078926
STU_019085,60.325464623288134
STU_019086,48.64004633512544
STU_019087,76.25919508965046
STU_019088,76.26117287791048
STU_019089,79.04404423777906
STU_019090,91.97482690309691
STU_019091,77.3598743207843
STU_019092,84.76801937082463
STU_019093,75.43798988504746
STU_019094,85.08726189538473
STU_019095,77.14272646184483
STU_019096,81.31748006586521
STU_019097,83.54252495555981
STU_019098,59.98295584999539
STU_019099,68.86159635729757
STU_019100,70.76831271615693
STU_019101,60.22881875864311
STU_019102,74.63244816915154
STU_019103,87.3300434160137
STU_019104,58.675150621650445
STU_019105,64.79798077881206
STU_019106,60.83075789985193
STU_019107,87.06567375603207
STU_019108,68.20065728026854
STU_019109,98.3461342779985
STU_019110,93.78749120573501
STU_019111,75.88400903861569
STU_019112,100.0
STU_019113,81.91671924957707
STU_019114,98.40569590176133
STU_019115,83.24140980166368
STU_019116,83.20701217137423
STU_019117,65.98933350295853
STU_019118,79.95427289472366
STU_019119,72.39222819094425
STU_019120,64.46705792067866
STU_019121,92.95568156511565
STU_019122,80.0779477905298
STU_019123,65.01744297528538
STU_019124,93.289589020124
STU_019125,70.4205125022095
STU_019126,72.57956110097825
STU_019127,70.31787118736813
STU_019128,83.91440943584078
STU_019129,64.7196614259066
STU_019130,60.75698852204134
STU_019131,79.96531125080321
STU_019132,86.13454927812191
STU_019133,56.194271111934064
STU_019134,65.46960057025025
STU_019135,98.99069241183682
STU_019136,90.62656955694344
STU_019137,62.96702145690124
STU_019138,88.9763077687237
STU_019139,87.0977673423683
STU_019140,81.51717939915721
STU_019141,90.04827319951919
STU_019142,84.51420322912185
STU_019143,79.54819176111106
STU_019144,74.41482729513474
STU_019145,69.40875168294325
STU_019146,87.44756773577366
STU_019147,72.01453246481346
STU_019148,96.86461436359149
STU_019149,77.23754543187752
STU_019150,79.86564777558296
STU_019151,96.05130077172979
STU_019152,49.18329764259533
STU_019153,65.2231049669718
STU_019154,90.19358943392733
STU_019155,100.0
STU_019156,76.53604276083692
STU_019157,89.48247668519915
STU_019158,53.47386021670061
STU_019159,66.65005514401379
STU_019160,61.91606330188209
STU_019161,60.27282713642932
STU_019162,60.69435382995761
STU_019163,71.81793828538491
STU_019164,73.69138057464959
STU_019165,77.89508600123577
STU_019166,89.13313737765014
STU_019167,83.69389833701449
STU_019168,86.19230768847638
STU_019169,70.16398470096796
STU_019170,85.48719901959818
STU_019171,71.3874446274407
STU_019172,81.64609686659367
STU_019173,82.66168829324124
STU_019174,60.18354770203068
STU_019175,73.83209320970066
STU_019176,78.04552839623564
STU_019177,95.23914299062795
STU_019178,41.461079735703905
STU_019179,72.32538646542974
STU_019180,67.13529152684433
STU_019181,94.38327279186272
STU_019182,60.83998616224006
STU_019183,92.75740053818565
STU_019184,86.5966440555461
STU_019185,89.14983322100579
STU_019186,97.83689960753259
STU_019187,77.59326311946425
STU_019188,94.91639482692038
STU_019189,89.67037178005953
STU_019190,73.45050086303908
STU_019191,64.224930432661
STU_019192,98.37826387774008
STU_019193,68.3302476927293
STU_019194,73.00415295745454
STU_019195,80.28241748390211
STU_019196,82.27523778721559
STU_019197,89.24270939087737
STU_019198,73.11304263602872
STU_019199,100.0
STU_019200,68.83295801185471
STU_019201,89.70900696069405
STU_019202,79.89730066635785
STU_019203,53.378726976737795
STU_019204,60.0089767253217
STU_019205,79.22567005618325
STU_019206,49.08252282842023
STU_019207,65.63326228055342
STU_019208,70.30337863251565
STU_019209,73.40505806321204
STU_019210,60.08916185759928
STU_019211,69.31083518250927
STU_019212,73.1518077072487
STU_019213,72.28339241923229
STU_019214,76.22146256731085
STU_019215,98.18807162312702
STU_019216,64.87366236163312
STU_019217,73.36108790513353
STU_019218,49.249739808488165
STU_019219,81.36463815166863
STU_019220,75.23401497395884
STU_019221,66.03466226427757
STU_019222,80.24170210263463
STU_019223,74.40015413495864
STU_019224,93.88338363167466
STU_019225,56.568559046405845
STU_019226,58.378638379575655
STU_019227,66.7933265259452
STU_019228,59.470130367369435
STU_019229,75.9525408346298
STU_019230,61.92487444798253
STU_019231,88.62141910837379
STU_019232,83.96793064358864
STU_019233,59.21322488359018
STU_019234,66.19077155850273
STU_019235,78.71756389662802
STU_019236,76.43422800070297
STU_019237,75.07603718860622
STU_019238,74.45457527601395
STU_019239,83.58025347816451
STU_019240,81.98846888776548
STU_019241,94.51051656877209
STU_019242,69.5176133325581
STU_019243,85.02492604621284
STU_019244,78.01124486673552
STU_019245,52.319239590232336
STU_019246,60.88375015370637
STU_019247,91.10514940862149
STU_019248,83.17459356371371
STU_019249,94.80037494286739
STU_019250,58.78910077512225
STU_019251,95.196133654197
STU_019252,71.42249085611309
STU_019253,59.9343109324749
STU_019254,53.684506303340015
STU_019255,67.44249837030542
STU_019256,91.90870906641427
STU_019257,63.363458500452204
STU_019258,52.307755486835376
STU_019259,71.23909287858741
STU_019260,81.44492246767898
STU_019261,63.52046763302322
STU_019262,87.74389947780764
STU_019263,68.25887259417472
STU_019264,71.81291007679042
STU_019265,90.17306870452738
STU_019266,83.45982844408424
STU_019267,56.16405538543336
STU_019268,70.35504668013513
STU_019269,79.32917359742117
STU_019270,85.19544779502758
STU_019271,52.79681741183817
STU_019272,65.79499553555907
STU_019273,96.57309169726686
STU_019274,98.01198812888926
STU_019275,99.42238674669899
STU_019276,59.650316633698026
STU_019277,98.51582004395088
STU_019278,85.0510746129276
STU_019279,73.58938847228855
STU_019280,66.02976256307693
STU_019281,85.86007489312468
STU_019282,61.239895507915264
STU_019283,100.0
STU_019284,82.9702353281977
STU_019285,77.49706670959355
STU_019286,91.44660435765128
STU_019287,77.69201719162335
STU_019288,64.27545791204588
STU_019289,90.87739889337773
STU_019290,80.60021549907718
STU_019291,72.75775737710492
STU_019292,77.9517079481238
STU_019293,65.85800370262976
STU_019294,65.98945729366801
STU_019295,65.38983165760149
STU_019296,70.34205260741602
STU_019297,79.84883147279996
STU_019298,87.36241313088041
STU_019299,92.41351324022114
STU_019300,82.20257951837142
STU_019301,69.64128844256433
STU_019302,82.00831855756972
STU_019303,70.8854604782448
STU_019304,92.70587205909582
STU_019305,69.58081781187853
STU_019306,57.149473858223516
STU_019307,63.334108041929454
STU_019308,50.08167270353153
STU_019309,72.51330509485742
STU_019310,85.3111459825938
STU_019311,91.26547308057438
STU_019312,69.74547196421987
STU_019313,80.14716075438758
STU_019314,82.54758823166163
STU_019315,73.8329761442218
STU_019316,88.93106422451085
STU_019317,76.14837806740805
STU_019318,85.14865151553239
STU_019319,87.56501099418334
STU_019320,97.58371960790755
STU_019321,73.78999478294506
STU_019322,86.92771649768993
STU_019323,70.80605592100426
STU_019324,88.82507737563722
STU_019325,79.75101706977526
STU_019326,90.58391912025466
STU_019327,94.77783978176485
STU_019328,94.23448629625348
STU_019329,90.58391184866593
STU_019330,78.54322204730414
STU_019331,74.35261566705033
STU_019332,70.35085804164956
STU_019333,85.64231252834405
STU_019334,60.71364760041095
STU_019335,68.49755815809097
STU_019336,66.12223223316622
STU_019337,96.83064915295651
STU_019338,64.93072531233933
STU_019339,90.81743002245243
STU_019340,98.05136160079367
STU_019341,76.73812710227227
STU_019342,60.357891170476776
STU_019343,72.89782539875635
STU_019344,62.06004444938518
STU_019345,71.89811859790181
STU_019346,76.09926297906782
STU_019347,51.094682267027295
STU_019348,91.72671501182748
STU_019349,83.32411280993668
STU_019350,63.36843081538692
STU_019351,87.11304518288618
STU_019352,76.88572671557813
STU_019353,83.01104790703563
STU_019354,67.62680262754088
STU_019355,79.67877377172385
STU_019356,56.17528298012546
STU_019357,53.946934890061314
STU_019358,79.81688035188493
STU_019359,84.7775988645706
STU_019360,65.58466119453327
STU_019361,87.7521214616588
STU_019362,64.74722853399882
STU_019363,70.48294247399664
STU_019364,73.55920114375708
STU_019365,83.62402998418244
STU_019366,93.59746398586583
STU_019367,100.0
STU_019368,73.69991003387075
STU_019369,78.01552750418
STU_019370,74.52035636969421
STU_019371,82.8240266777543
STU_019372,74.03038470778006
STU_019373,63.76957690361285
STU_019374,66.82046402163535
STU_019375,82.3454495123451
STU_019376,94.04627770127428
STU_019377,90.62985070981779
STU_019378,65.62418083276252
STU_019379,54.98284366412181
STU_019380,89.21176087656754
STU_019381,64.09692545163459
STU_019382,70.97054184158716
STU_019383,85.1694281518675
STU_019384,63.25397892518556
STU_019385,86.40252896787722
STU_019386,70.71418043184515
STU_019387,57.86367069930094
STU_019388,68.3418748307435
STU_019389,99.4303390597094
STU_019390,49.13272304274279
STU_019391,75.47295550844368
STU_019392,82.55659450927125
STU_019393,74.01660647676218
STU_019394,70.64039160232402
STU_019395,77.79427054921783
STU_019396,98.76390836025939
STU_019397,72.89003944305132
STU_019398,59.029791192433315
STU_019399,57.78004177036036
STU_019400,93.66162113353838
STU_019401,65.36224093971002
STU_019402,61.06287385413796
STU_019403,84.42421266342173
STU_019404,89.36339221338399
STU_019405,76.90145113655147
STU_019406,74.81708021922172
STU_019407,62.503105820238936
STU_019408,78.112066593178
STU_019409,69.50078936291685
STU_019410,74.53659215795889
STU_019411,84.00310493039785
STU_019412,61.87299057654216
STU_019413,67.33389349791575
STU_019414,66.08361232502375
STU_019415,83.3127873832189
STU_019416,83.48352881449567
STU_019417,89.44064598699421
STU_019418,94.21922131905588
STU_019419,76.6442504505297
STU_019420,74.39482806962178
STU_019421,80.89749860350577
STU_019422,75.90569230749284
STU_019423,74.26102007008332
STU_019424,92.87322421868826
STU_019425,59.431380709635405
STU_019426,81.76503023722877
STU_019427,85.52969347553889
STU_019428,90.83225386425087
STU_019429,69.53356222341908
STU_019430,81.25712896866935
STU_019431,53.53890321291649
STU_019432,74.64042103235182
STU_019433,61.25238150462409
STU_019434,54.08261466506768
STU_019435,97.76173846092806
STU_019436,60.98064578047612
STU_019437,91.84067378533815
STU_019438,83.95520827589442
STU_019439,53.95916842715551
STU_019440,69.46053867593922
STU_019441,83.49132617555473
STU_019442,76.41545400449492
STU_019443,58.9216999031212
STU_019444,93.24416168127334
STU_019445,89.03114502317966
STU_019446,51.935755565158125
STU_019447,77.05135091594309
STU_019448,69.2039035406123
STU_019449,60.36401030335833
STU_019450,76.10518034775832
STU_019451,69.96734923944507
STU_019452,77.2378135264121
STU_019453,80.99213839429943
STU_019454,72.95704031583107
STU_019455,70.363436239171
STU_019456,70.36891642617383
STU_019457,68.42855574890788
STU_019458,67.9864440299935
STU_019459,62.8826571934916
STU_019460,89.44307101612495
STU_019461,90.64631703437892
STU_019462,98.62793727273726
STU_019463,66.20755941771928
STU_019464,74.62475050388365
STU_019465,64.75228829781132
STU_019466,69.86823889420808
STU_019467,75.1321364132345
STU_019468,87.9406120077802
STU_019469,75.32102751734091
STU_019470,90.38527257721803
STU_019471,96.15507028132325
STU_019472,86.62169306165181
STU_019473,87.51198435935682
STU_019474,62.08115916465312
STU_019475,61.78984171197442
STU_019476,94.81640869600561
STU_019477,66.34942579897809
STU_019478,72.5993161077843
STU_019479,78.1511920081027
STU_019480,91.94586801582876
STU_019481,68.08623238437282
STU_019482,73.8545968567247
STU_019483,74.43925809615199
STU_019484,78.17481101916108
STU_019485,59.8114260186961
STU_019486,39.294376461893286
STU_019487,67.5012315661507
STU_019488,91.84416622185206
STU_019489,60.79627157556932
STU_019490,76.15306729515251
STU_019491,57.52234635854722
STU_019492,72.96812568576655
STU_019493,62.001094812283114
STU_019494,59.291125144988555
STU_019495,95.69784553205339
STU_019496,90.69720673920511
STU_019497,56.68150170077341
STU_019498,90.11728187125608
STU_019499,92.3466432899624
STU_019500,87.11830403641345
STU_019501,82.62729213370196
STU_019502,64.7891472095322
STU_019503,69.73092886706634
STU_019504,96.00940814105297
STU_019505,62.47504924707695
STU_019506,78.63226046446708
STU_019507,92.52984463523724
STU_019508,92.4345083023853
STU_019509,96.94657079470178
STU_019510,91.813140054384
STU_019511,54.66761657504771
STU_019512,81.49805407967061
STU_019513,66.2471102424304
STU_019514,57.36546693902782
STU_019515,64.38962337204586
STU_019516,87.29865397319726
STU_019517,67.48021137295018
STU_019518,66.38907435049975
STU_019519,67.65951507328903
STU_019520,82.29561269305329
STU_019521,62.826587323622164
STU_019522,72.83973227708836
STU_019523,96.1717701050896
STU_019524,81.2260094622732
STU_019525,84.01523288693974
STU_019526,69.56519504686015
STU_019527,74.75968953522893
STU_019528,70.69526515453332
STU_019529,90.63858624237906
STU_019530,91.21367853442055
STU_019531,95.68124356876775
STU_019532,51.570128171871204
STU_019533,77.80144288407172
STU_019534,71.16547337313725
STU_019535,68.06644680011571
STU_019536,66.1010495150257
STU_019537,53.3498562071586
STU_019538,74.84731625857401
STU_019539,71.04552254759037
STU_019540,59.66656126382613
STU_019541,81.20745804847924
STU_019542,100.0
STU_019543,100.0
STU_019544,76.35957483958758
STU_019545,86.94418613027251
STU_019546,58.261115143717625
STU_019547,67.54631159419152
STU_019548,91.76152850068193
STU_019549,87.56494659879334
STU_019550,95.88801222667242
STU_019551,80.98329534899388
STU_019552,73.355996603551
STU_019553,70.19598145693989
STU_019554,61.64369723977675
STU_019555,100.0
STU_019556,72.09421153188872
STU_019557,99.28174808254207
STU_019558,59.43491281890464
STU_019559,88.61533577577576
STU_019560,79.69012295238616
STU_019561,45.04423751347373
STU_019562,94.09771763604789
STU_019563,75.26889849930559
STU_019564,71.78141304425674
STU_019565,58.70236890795838
STU_019566,81.99700611516334
STU_019567,82.83887639170341
STU_019568,70.72627934097301
STU_019569,64.5099015562299
STU_019570,73.27367966633187
STU_019571,48.86483960465818
STU_019572,66.568486159116
STU_019573,67.64800123408133
STU_019574,74.59568691549272
STU_019575,78.31564767169623
STU_019576,94.58131166218976
STU_019577,66.3262004374766
STU_019578,65.68153122403275
STU_019579,71.60682820931756
STU_019580,66.0683486802159
STU_019581,100.0
STU_019582,73.88840462269823
STU_019583,73.44621469689017
STU_019584,67.96724549075306
STU_019585,83.49520398517231
STU_019586,73.79154486481542
STU_019587,90.10759913018089
STU_019588,74.42264693772323
STU_019589,65.95123932381605
STU_019590,96.27118354052331
STU_019591,93.17520679072662
STU_019592,71.40969349500676
STU_019593,65.36006559199878
STU_019594,95.78563122568637
STU_019595,73.75528462189862
STU_019596,93.0772097749674
STU_019597,71.06348239135959
STU_019598,76.95816956188094
STU_019599,69.51481522683765
STU_019600,98.16976862189554
STU_019601,79.54638333619425
STU_019602,77.31974661009352
STU_019603,93.97441002092037
STU_019604,91.61530894311828
STU_019605,74.67965401776794
STU_019606,82.73180131092484
STU_019607,58.97308735794341
STU_019608,72.36220982842221
STU_019609,91.73446368116922
STU_019610,60.876188426702996
STU_019611,71.11929529254598
STU_019612,60.589989282558015
STU_019613,55.77810391154384
STU_019614,61.278939874924816
STU_019615,86.07535100713184
STU_019616,70.40176753695987
STU_019617,76.14524606801689
STU_019618,65.16933790877101
STU_019619,89.06079009245546
STU_019620,77.86600929200993
STU_019621,75.14065085932718
STU_019622,79.81937145595693
STU_019623,72.34135517898906
STU_019624,94.75237770431755
STU_019625,42.58891061341393
STU_019626,87.78493113949546
STU_019627,93.07365547285346
STU_019628,71.13649517793837
STU_019629,77.30634682251905
STU_019630,93.75266559704227
STU_019631,64.89598376894148
STU_019632,94.21487142972626
STU_019633,88.35020315387675
STU_019634,85.82031931037461
STU_019635,76.94966598640652
STU_019636,66.9134560961308
STU_019637,80.65577805408212
STU_019638,63.24645431698918
STU_019639,69.31675289996267
STU_019640,80.11164663775875
STU_019641,93.70577961141898
STU_019642,78.97782820575668
STU_019643,84.3907894700633
STU_019644,73.3410870869553
STU_019645,75.46753713788434
STU_019646,74.86892933922525
STU_019647,74.01351065282772
STU_019648,58.08909787585892
STU_019649,64.64953638364688
STU_019650,70.39783714801145
STU_019651,70.15995479492051
STU_019652,73.37738562910243
STU_019653,71.22159530886843
STU_019654,56.50965371417325
STU_019655,57.02632429899899
STU_019656,51.523976596717254
STU_019657,72.80883875687654
STU_019658,69.63385417187258
STU_019659,80.59353198441751
STU_019660,68.61233024612646
STU_019661,77.93141882797008
STU_019662,71.01450679560536
STU_019663,75.43454245788169
STU_019664,65.79214041518908
STU_019665,88.72090551586179
STU_019666,88.97752649316783
STU_019667,76.72091798076116
STU_019668,53.225877999939236
STU_019669,61.55545509244392
STU_019670,85.78076303898423
STU_019671,54.683400698289844
STU_019672,84.8140255520653
STU_019673,72.88941661864492
STU_019674,79.22287919774664
STU_019675,78.24777411041308
STU_019676,79.2774399645374
STU_019677,84.10637284158636
STU_019678,99.36740458279793
STU_019679,92.98533451396813
STU_019680,81.77769299095945
STU_019681,94.27011015549189
STU_019682,91.63565550438018
STU_019683,69.13645289721438
STU_019684,69.79803395276296
STU_019685,90.22846846387161
STU_019686,84.30885483634768
STU_019687,63.916455615136705
STU_019688,79.97781708851703
STU_019689,70.83969364605682
STU_019690,78.79316497639509
STU_019691,61.03289973367449
STU_019692,58.42930903549491
STU_019693,98.41854796100827
STU_019694,78.75084148164329
STU_019695,54.30975713842784
STU_019696,63.805372624567894
STU_019697,95.38948104423652
STU_019698,91.86057688720369
STU_019699,79.4582301237596
STU_019700,83.52161011885005
STU_019701,67.62415915360626
STU_019702,77.41472589636987
STU_019703,78.49878321049215
STU_019704,74.8007106129241
STU_019705,65.81295654041183
STU_019706,86.97821237283569
STU_019707,59.96125566817522
STU_019708,79.52574739306459
STU_019709,69.8082134856461
STU_019710,65.01133751873638
STU_019711,92.38143275402486
STU_019712,49.60466373639829
STU_019713,93.17504409653525
STU_019714,64.97104178753612
STU_019715,86.82194287895848
STU_019716,82.99555819693894
STU_019717,94.92906249810947
STU_019718,70.47452225534208
STU_019719,96.98982947385926
STU_019720,92.26710171765201
STU_019721,55.51473728763653
STU_019722,71.5828128199377
STU_019723,78.10794157810267
STU_019724,72.97797056870341
STU_019725,88.67417854142472
STU_019726,61.94080908869266
STU_019727,88.58524625089176
STU_019728,79.69469189059126
STU_019729,70.80631984641819
STU_019730,71.57019936641835
STU_019731,63.52629629457281
STU_019732,87.50897986762757
STU_019733,70.58601051321888
STU_019734,75.39086600466685
STU_019735,87.35690895569113
STU_019736,98.16993698444037
STU_019737,96.2259251620038
STU_019738,90.46368036629026
STU_019739,69.91750926344835
STU_019740,75.98851728795623
STU_019741,100.0
STU_019742,77.04437952839915
STU_019743,85.86689399827708
STU_019744,75.57973617299201
STU_019745,85.35962490752104
STU_019746,90.37026612122867
STU_019747,77.36848324637471
STU_019748,63.28290611223841
STU_019749,64.53896878076878
STU_019750,74.50692065145833
STU_019751,72.12856258211784
STU_019752,64.40190991291776
STU_019753,92.8399320564917
STU_019754,69.9050077384717
STU_019755,82.66877607665138
STU_019756,52.92460386754492
STU_019757,85.80652280692861
STU_019758,60.992621605664404
STU_019759,75.11069395094486
STU_019760,83.19277680785724
STU_019761,68.70775342637322
STU_019762,89.67710082381134
STU_019763,69.54445157966175
STU_019764,60.95266491717836
STU_019765,84.64793223821216
STU_019766,66.9384793322673
STU_019767,52.41411470398515
STU_019768,83.66050019647622
STU_019769,60.89306829555699
STU_019770,79.59386342687276
STU_019771,95.65515960387755
STU_019772,68.21740773533787
STU_019773,84.23853114436263
STU_019774,52.64506633569932
STU_019775,89.94690970267364
STU_019776,60.29947296554587
STU_019777,73.18120530236133
STU_019778,74.55418264465435
STU_019779,71.2562238115952
STU_019780,82.42777104634068
STU_019781,53.741174706803214
STU_019782,71.41835840416941
STU_019783,65.49632676420785
STU_019784,78.67929880815399
STU_019785,80.32640007914878
STU_019786,56.33264571656406
STU_019787,79.53589930564421
STU_019788,71.5039880647497
STU_019789,75.93777619261327
STU_019790,66.52232706833017
STU_019791,53.85000762770397
STU_019792,76.90196591584206
STU_019793,64.0913688062392
STU_019794,87.30256527472758
STU_019795,72.79135549850163
STU_019796,84.07494560616823
STU_019797,49.967920292814725
STU_019798,88.76042122106398
STU_019799,77.66344438959729
STU_019800,51.775136240101666
STU_019801,79.11735939593207
STU_019802,94.24886961423428
STU_019803,65.18442901700695
STU_019804,79.4401382630722
STU_019805,73.44923894864121
STU_019806,59.36151083908765
STU_019807,57.720978749232906
STU_019808,65.10907527910986
STU_019809,95.37325841918909
STU_019810,68.56954747685896
STU_019811,69.20196869033846
STU_019812,85.0624650655635
STU_019813,76.29711727138887
STU_019814,83.8336494550794
STU_019815,89.35650373355024
STU_019816,73.07639605914947
STU_019817,91.37597141848336
STU_019818,64.66072410870154
STU_019819,97.26802791121472
STU_019820,57.59079537581684
STU_019821,77.98550858574272
STU_019822,68.68727345706111
STU_019823,79.8355346851733
STU_019824,100.0
STU_019825,80.66298619110007
STU_019826,82.14363005239055
STU_019827,79.88327397711147
STU_019828,84.15937850387841
STU_019829,72.37085346961767
STU_019830,95.94220350769801
STU_019831,85.32380742274114
STU_019832,88.24829936857536
STU_019833,72.34140975536077
STU_019834,73.71011890258234
STU_019835,70.12769417155289
STU_019836,89.89320817337375
STU_019837,74.87561600115332
STU_019838,77.76473514708981
STU_019839,83.40600309065715
STU_019840,65.47748904257493
STU_019841,64.23739955896167
STU_019842,71.48761774053895
STU_019843,67.69410460190817
STU_019844,74.4618584254925
STU_019845,74.1079596407235
STU_019846,95.76685760051862
STU_019847,99.57667949748131
STU_019848,68.65393398694579
STU_019849,91.79687114165107
STU_019850,76.90503247340594
STU_019851,94.89475076260847
STU_019852,65.96143688472272
STU_019853,86.13799184475477
STU_019854,80.50986540927418
STU_019855,78.64805521192211
STU_019856,67.3652361675556
STU_019857,82.81289195198933
STU_019858,97.76599849088578
STU_019859,95.05875617401458
STU_019860,84.57744016660219
STU_019861,65.97279011584716
STU_019862,68.89399410866756
STU_019863,74.95678479449754
STU_019864,82.45477500743633
STU_019865,89.05263983516528
STU_019866,91.61199264010462
STU_019867,75.42637245415303
STU_019868,82.38398508324313
STU_019869,74.16008610524231
STU_019870,74.11584355925311
STU_019871,91.27764846349936
STU_019872,100.0
STU_019873,75.34636593843527
STU_019874,55.55600670585294
STU_019875,80.64020131640706
STU_019876,100.0
STU_019877,66.53983653486094
STU_019878,62.32219472998183
STU_019879,90.10546823406372
STU_019880,55.615785604531254
STU_019881,73.04803064925599
STU_019882,93.97562865788238
STU_019883,59.40743160634433
STU_019884,72.42511632331552
STU_019885,83.53776107735723
STU_019886,72.57264300828008
STU_019887,100.0
STU_019888,58.8951106039476
STU_019889,84.56597177238449
STU_019890,78.51613852903216
STU_019891,72.5304272409293
STU_019892,69.78534955840288
STU_019893,91.1110013211205
STU_019894,60.66840488419066
STU_019895,76.58190029439285
STU_019896,79.85441150150083
STU_019897,76.65442811386454
STU_019898,75.56690122684499
STU_019899,80.39243931161502
STU_019900,83.59243800303356
STU_019901,71.69625225614
STU_019902,75.81478845903459
STU_019903,83.8601606734205
STU_019904,69.3388568494861
STU_019905,78.18183654139919
STU_019906,69.36281535325116
STU_019907,58.341394937302944
STU_019908,54.98252218923996
STU_019909,62.87253518185343
STU_019910,94.72972603854723
STU_019911,99.08838196392838
STU_019912,65.93716951317049
STU_019913,76.15791016969625
STU_019914,63.00665268948249
STU_019915,78.00695411514481
STU_019916,65.93417547877509
STU_019917,62.415087734625075
STU_019918,92.11776272777037
STU_019919,67.91708646693999
STU_019920,92.03878485802183
STU_019921,72.36200407078654
STU_019922,95.94933142355983
STU_019923,56.26193617263333
STU_019924,97.58088311551553
STU_019925,85.96123031911776
STU_019926,70.72935896334063
STU_019927,78.28284805430847
STU_019928,78.13000237037606
STU_019929,81.09805860893117
STU_019930,68.10426300279512
STU_019931,96.2361570020704
STU_019932,86.0315648831703
STU_019933,61.18012041677103
STU_019934,87.82112263103299
STU_019935,52.775787796820744
STU_019936,84.57904583415096
STU_019937,83.37857110136697
STU_019938,67.64101446474162
STU_019939,86.54367637474996
STU_019940,86.52684828926327
STU_019941,69.5167703264276
STU_019942,70.65818951368422
STU_019943,83.9950199870517
STU_019944,100.0
STU_019945,78.52930359453508
STU_019946,91.71934711492365
STU_019947,72.34301869106262
STU_019948,84.12323398092879
STU_019949,78.64754022815835
STU_019950,72.22855537304531
STU_019951,67.06715138377383
STU_019952,56.57205546618068
STU_019953,63.26717750450508
STU_019954,80.65946892460161
STU_019955,60.79610685161
STU_019956,59.95601165985415
STU_019957,80.27068966071054
STU_019958,82.13835033043458
STU_019959,77.48514677935886
STU_019960,65.49088023433323
STU_019961,69.79356261918497
STU_019962,77.16880223702957
STU_019963,59.47761558725864
STU_019964,71.15858834220305
STU_019965,63.151318084504325
STU_019966,80.21936194960891
STU_019967,95.80422121455712
STU_019968,77.33694084824104
STU_019969,53.97139838355926
STU_019970,91.69226075725487
STU_019971,88.8513427361304
STU_019972,69.82890819485745
STU_019973,77.82536584300058
STU_019974,89.38500438849019
STU_019975,72.78830694946757
STU_019976,75.78215308476217
STU_019977,66.67652614633643
STU_019978,56.652877700674644
STU_019979,57.61095062908781
STU_019980,63.595051467999994
STU_019981,99.0109592908564
STU_019982,77.32342943227702
STU_019983,86.96027839009733
STU_019984,95.55626291454823
STU_019985,81.85769943729925
STU_019986,94.19682764457345
STU_019987,84.2830024889295
STU_019988,65.9051522465768
STU_019989,70.31228991681367
STU_019990,77.71369137617197
STU_019991,84.55738083533952
STU_019992,82.65046272157704
STU_019993,86.31796686531492
STU_019994,53.417777539437836
STU_019995,77.4452870889818
STU_019996,64.6408437749749
STU_019997,82.1617271786775
STU_019998,57.46084369105113
STU_019999,87.73088696697906
STU_020000,76.09973054347243
